HOMO,LUMO,dipolemoment,H_T1_S1,H_T1_S0,f,density_Pt,CT_S1,R_EH _S1a,LAMBDA_S1,R_EH _S1b,CT_S2,R_EH _S2a,LAMBDA_S2,R_EH _S2b,CT_S3,R_EH _S3a,LAMBDA_S3,R_EH _S3b,CT_T1,R_EH _T1a,LAMBDA_T1,R_EH _T1b,CT_T2,R_EH _T2a,LAMBDA_T2,R_EH _T2b,CT_T3,R_EH _T3a,LAMBDA_T3,R_EH _T3b,coor_bond_type (1),coor_bond_type (2),coor_bond_type (3),coor_bond_type (4),coor_bond_length (1),coor_bond_length (2),coor_bond_length (3),coor_bond_length (4),density_coor (1),density_coor (2),density_coor (3),density_coor (4),Calc_lambda,refractive index,ML_pred,lambda
-0.199728703,-0.082078244,14.73909359,77.89999995,123.8800009,-6.680000002,14.12128619,0.9427,0.4397,5.314100001,3.837399998,0.9335,0.5634,5.495100002,3.415100003,0.8886,0.4299,5.801299999,4.254000001,0.864,0.4509,4.829999999,3.576299997,0.7534,0.5486,4.153200001,2.4357,0.8259,0.5168,4.986600001,2.611899999,1,1,2,1.999999999,1.935930009,2.011384846,2.094812163,2.112964505,4.84062192,4.840860298,5.324343675,5.325599454,569.0109305,1.4448,552.2964478,550
-0.240136234,-0.104252441,19.46192417,277.9000001,24.85999951,-9.119999999,14.1212791,0.8611,0.6297,4.968200003,1.955000003,0.8643,0.5947,4.794600001,2.169500002,0.8473,0.2307,4.4564,3.201399999,0.7092,0.7096,3.927600001,1.410700002,0.8034,0.5178,4.562500001,2.645299999,0.7753,0.6626,4.225099998,1.070999998,2,1,2,4,1.967579986,2.004433835,2.185423986,2.378519287,5.324482115,4.8410457,5.324960758,8.105006153,564.4445465,1.4448,526.9240723,534
-0.201153371,-0.067640927,18.33386783,39.81000012,42.60000071,-10.9,14.1212825,0.8537,0.7138,4.605399998,1.170100002,0.894,0.4712,6.164100002,2.384799997,0.9436,0.4445,7.6514,0.890100002,0.7087,0.6807,3.296900001,1.383400002,0.7257,0.6242,3.502099998,1.359200002,0.758,0.5846,4.723,4.204200003,1,1,3,3.000000001,1.943181155,1.948720093,2.080460045,2.081448774,4.841135664,4.84113669,5.74490548,5.744615733,616.3940935,1.4305,547.736145,531
-0.191484528,-0.075303534,9.569732098,33.59999989,242.1899996,-7.980000003,14.12127596,0.866,0.512,5.670599998,2.9733,0.8944,0.3839,6.422500001,4.438400001,0.9373,0.382,7.556199998,2.246699999,0.7556,0.5171,4.403999999,2.878299999,0.7288,0.4792,3.840400002,5.0882,0.7764,0.4699,5.160299998,1.172199998,2,1.999999999,3,3.000000001,1.97102968,1.976836614,2.042601772,2.04522346,5.324453473,5.324428435,5.744259642,5.744924963,632.3078732,1.4448,553.0870361,568
-0.191461256,-0.116609677,3.407570023,92.99000001,334.0000003,-7.340000002,14.1212809,0.971,0.2848,5.9522,4.548200002,0.9408,0.3702,5.398499999,4.121799997,0.9497,0.3564,5.3241,3.753800001,0.9559,0.2881,5.776,4.532300001,0.8972,0.3715,5.012899998,4.1029,0.9205,0.3784,5.4662,3.889200003,1,1,2,1.999999999,1.982253516,1.998327801,2.173168194,2.190175564,4.840239067,4.840321942,5.325439903,5.324998926,995.0408454,1.406,619.8504639,590
-0.231390442,-0.089423879,9.681817618,47.46999961,193.9700004,-7.78,14.12127971,0.7938,0.688,3.797200003,0.868300002,0.8472,0.5629,4.254299999,1.949999997,0.8101,0.6981,3.980600001,0.428500001,0.6927,0.6931,3.421300001,0.913799999,0.7562,0.7168,3.790399999,1.016099998,0.7695,0.5677,3.898799998,1.942500001,1,1.999999999,2,4,1.912066944,2.053768487,2.092800038,2.493001805,4.841230199,5.324776855,5.324718567,8.1049933,532.659777,1.4448,488.1902466,491
-0.2006094,-0.079182753,10.86631982,94.99000006,50.99999948,-6.499999998,14.12128492,0.9701,0.3037,6.508700002,5.4157,0.9296,0.4049,5.495699998,3.863000002,0.9109,0.5116,5.255399998,2.373399999,0.9018,0.3389,5.880299998,5.0209,0.8686,0.418,5.017399999,3.747999998,0.7474,0.5876,4.075699998,1.956099998,1,1,1,1.999999999,1.991188088,2.038973761,2.060042233,2.084146348,4.840334636,4.840345776,4.84205947,5.324792583,495.3144841,1.4448,528.2105103,525
-0.208582078,-0.065050752,12.74508773,5.340000363,48.42000063,-6.33,14.12128591,0.8739,0.6176,3.833,0.518699998,0.8756,0.657,3.488200001,0.3189,0.8776,0.6919,3.946400001,0.518899998,0.8093,0.6191,3.634,0.493200002,0.7091,0.6884,3.322099999,0.2202,0.7849,0.6448,4.0415,1.4971,1,1,1,1,2.00625148,2.00625148,2.069543186,2.069543186,4.840545266,4.840545423,4.841988687,4.841986242,491.2389118,1.4448,494.5605774,471
-0.220548842,-0.09115909,17.06387666,111.5399996,37.57999971,-12,14.12127866,0.8954,0.5837,5.536499998,3.257099999,0.9573,0.4822,6.632999998,5.267300001,0.8152,0.6426,4.867699998,1.478900002,0.7239,0.5567,3.849900001,3.896599999,0.7573,0.6026,4.489899998,1.841699999,0.8286,0.5749,5.321299998,3.006400002,2,1,2,4,1.974027609,2.004341787,2.181147863,2.388473152,5.324463946,4.840843076,5.324952092,8.105004671,584.0818844,1.4448,537.9022217,533
-0.236121179,-0.087860072,7.702170293,46.88999974,197.6799993,-7.610000002,14.12127973,0.7706,0.7159,3.768999998,0.662,0.8529,0.5785,4.430500001,0.369300001,0.7324,0.2925,3.349799999,2.078100001,0.6804,0.7135,3.415,0.749300003,0.7697,0.6412,4.021400002,1.343699998,0.6953,0.6465,3.469000002,1.5232,1,1.999999999,2,4,1.918026329,2.045474517,2.086229613,2.488007235,4.841189685,5.324702937,5.324630763,8.104996673,508.8244095,1.4448,476.6061707,465
-0.227509587,-0.102201118,14.80902735,161.2499997,76.77999933,-8.469999999,14.12127906,0.8926,0.5273,5.5163,4.020100002,0.8719,0.663,4.893400003,1.607100003,0.9085,0.4972,5.636099998,3.481899998,0.7435,0.5633,4.3567,3.091100001,0.8128,0.5976,4.785099998,2.681299997,0.7946,0.5777,4.580600001,2.661600002,2,1,2,4,1.970460099,2.002317407,2.173275178,2.390103136,5.324405736,4.840938271,5.324974341,8.105005738,572.8038278,1.4448,530.3634033,529
-0.209032679,-0.087001257,1.201560923,97.65999966,131.6199994,-8.079999998,14.12127984,0.8551,0.7065,4.276299998,0.178699999,0.8594,0.6736,4.3711,1.532699998,0.9058,0.6647,4.745,1.828199999,0.7006,0.7068,3.516499999,0.245500003,0.702,0.6923,3.546200002,0.406300002,0.7705,0.6601,3.898200001,0.840900003,1,1.999999999,2,1,2.050409959,2.058645428,2.079550432,2.09043273,4.841348731,5.324683504,5.324657207,4.84117397,665.9613212,1.4072,575.2905273,582
-0.198456131,-0.06768528,8.025054115,171.1900002,191.76,-8.3,14.12128479,0.8415,0.6383,4.211599998,1.178800002,0.867,0.3309,3.7605,1.763599999,0.858,0.5194,4.374499999,1.970199998,0.7172,0.6252,3.682500002,1.296800002,0.7955,0.5458,4.089300002,2.039300003,0.813,0.3603,3.686300001,1.6866,1,1,2,1.999999999,1.99529672,2.023609152,2.066520989,2.098211143,4.841194819,4.841039778,5.32461099,5.324580648,578.6037925,1.406,541.3164673,512
-0.194131954,-0.073554635,6.020564548,50.42000013,143.6099991,-8.130000002,14.12128104,0.9372,0.4698,5.408300002,3.814699999,0.9791,0.3391,5.684600002,4.178300002,0.9382,0.4604,5.511600001,3.7924,0.8689,0.4667,4.958100002,3.839300002,0.7339,0.6225,3.432100002,1.772500002,0.9235,0.366,5.193899998,3.793099999,1,1,2,1.999999999,1.976827003,1.989092758,2.186378284,2.227202056,4.840191635,4.840528432,5.324826621,5.326158139,547.2342606,1.406,494.8008118,464
-0.237901694,-0.104586692,19.95495591,296.0099999,33.92000051,-8.979999999,14.12127832,0.8854,0.5499,5.231199998,3.145999998,0.8645,0.6553,4.8288,1.7275,0.8915,0.6118,5.314600001,1.982099998,0.7113,0.6124,3.953700001,2.170300002,0.822,0.6085,4.740700002,2.249500003,0.7806,0.6145,4.392900001,1.7488,2,1,2,4,1.966891456,2.022372122,2.16889488,2.3797565,5.32449059,4.840639541,5.324927749,8.105008408,564.1132948,1.4448,528.15625,528
-0.239796916,-0.093639535,24.67583556,71.13000032,98.81000094,-7.770000001,14.1212766,0.8321,0.6519,4.189599999,0.692300001,0.915,0.4306,5.022699997,2.297599999,0.9352,0.5095,5.112800002,1.432099999,0.6871,0.6371,3.421600001,0.953300003,0.7173,0.4933,3.662800002,1.459699997,0.6339,0.6625,3.295999998,1.552799999,2,1.999999999,2,1.999999999,2.010891345,2.019924751,2.024545875,2.05042776,5.324881982,5.324742331,5.324584446,5.324446264,511.7474947,1.4448,475.9152222,460
-0.227738952,-0.115363519,16.4276272,159.5299998,283.2600002,-7.200000003,14.12127859,0.8791,0.58,4.675200001,2.662100003,0.8747,0.4878,4.180000003,2.304400001,0.8926,0.4846,4.587499999,2.050399999,0.8111,0.5788,4.223199998,2.580100002,0.8175,0.4885,4.2525,2.029700002,0.8028,0.5098,4.155700001,2.193699999,2,1,2,4,1.989017094,2.002044455,2.132227474,2.386174763,5.324518548,4.840973741,5.325089328,8.105016142,703.7337608,1.4448,621.9447021,624
-0.226962657,-0.090945976,14.1093285,44.29000016,175.0399991,-8.629999997,14.1212795,0.8268,0.6077,4.5324,1.617600002,0.8748,0.5018,4.792099999,2.079299998,0.9349,0.1461,5.950200001,5.477699999,0.7081,0.5959,3.680100002,1.479900002,0.787,0.5077,4.213300002,1.9996,0.7712,0.5452,4.211600001,1.148699998,1,1.999999999,2,1.999999999,1.910031675,2.055047688,2.094101239,2.125002353,4.841217011,5.32474876,5.324699381,5.326020178,538.5918429,1.4448,521.319519,496
-0.210032038,-0.067738141,11.15665831,59.49000039,135.26,-8.57,14.12128269,0.8039,0.7064,3.937900001,0.515099998,0.9061,0.5634,4.961699999,1.660800002,0.9124,0.4744,4.881899998,2.601999999,0.6854,0.6874,3.326700002,0.455,0.788,0.6607,3.984600003,1.393699999,0.802,0.5028,4.161300002,2.621800001,1,1,2,1.999999999,1.970097967,2.004659572,2.122764471,2.1724065,4.840616309,4.84033892,5.324918596,5.324824477,542.5318744,1.4448,482.5462646,468
-0.21597712,-0.094839157,15.8383216,27.83999971,159.3599993,-7.839999997,14.1212846,0.8186,0.6288,4.594999998,1.743,0.9065,0.4854,5.680099998,2.881000003,0.9224,0.4906,5.981999999,2.810699997,0.6665,0.6182,3.635800001,2.021499999,0.8304,0.5216,4.690900001,3.6801,0.8143,0.5056,5.326499998,3.320999999,1,1,2,1.999999999,1.966424674,1.975964575,2.02010569,2.16356858,4.842885768,4.841216064,5.324565647,5.324887338,677.5993314,1.4448,609.5308228,591
-0.207465891,-0.090142499,11.50353095,158.0099997,817.7300004,-8.810000001,14.12127888,0.8172,0.5418,4.323500001,1.902200002,0.8349,0.4949,4.453499999,2.4806,0.5057,0.5273,2.896600001,2.062200003,0.7141,0.5457,3.564500002,1.875500002,0.7882,0.5037,4.250600001,2.3872,0.6186,0.6125,3.6255,1.390400002,1,1,3,3.000000001,1.959596387,1.971804503,2.118043673,2.118064683,4.841166782,4.84197188,5.745338951,5.745195973,699.2809807,1.4305,468.9271545,434
-0.228990848,-0.105561476,8.164709302,50.43000037,165.7500004,-8.120000003,14.12128161,0.8111,0.7928,4.195900001,0.109399997,0.8995,0.4781,5.519700002,2.064399997,0.8887,0.5305,5.4369,2.324500002,0.7321,0.7953,3.649800001,0.1992,0.7232,0.6765,3.741000002,0.613500001,0.8091,0.5437,4.588999999,1.915000001,1,1.999999999,2,4,1.92011484,2.019486321,2.051699783,2.507096528,4.841088669,5.324697919,5.32453579,8.105004948,687.1100379,1.4448,600.2518921,594
-0.221571248,-0.10597697,9.869795403,95.8099999,244.9099992,-7.090000002,14.12128052,0.8404,0.5184,4.222200002,2.152500001,0.8251,0.5524,3.918700003,1.874000003,0.9581,0.2594,4.5215,3.369700001,0.7804,0.5257,3.955300002,2.134200001,0.7629,0.7394,3.821200002,0.720500001,0.7883,0.4584,3.8029,2.440600002,1,1.999999999,3,1.999999999,1.973967832,2.027089786,2.065739577,2.088702947,4.841094672,5.324659641,5.745185324,5.324764002,665.5645499,1.4448,567.6439209,595
-0.218916355,-0.087913412,1.00148624,42.02999967,6.619999485,-12.8,14.12128605,0.9085,0.6261,5.4315,0.634400001,0.8353,0.6099,5.006300001,1.842899998,0.9104,0.651,5.603299998,1.308299999,0.7112,0.6369,3.848799998,0.557400002,0.7286,0.6965,4.289199998,0.484999999,0.8147,0.5991,4.6055,2.165800001,1,1.999999999,1,1,1.902584558,2.033105998,2.089688972,2.095116703,4.84429149,5.324570371,4.840896814,4.840905804,578.7766347,1.4448,528.1327515,611
-0.215401154,-0.08685111,10.61522747,14.74000027,179.1499995,-7.740000002,14.12127961,0.8398,0.6504,4.083600001,1.610200001,0.859,0.5844,4.277700002,2.0048,0.8095,0.2703,3.406299999,2.053700002,0.7651,0.6541,3.750500002,1.601099998,0.7631,0.5896,3.835699999,1.866700003,0.735,0.7427,3.719199998,1.034400002,1,1.999999999,2,4,1.901490205,2.059114858,2.101314351,2.482193385,4.841071135,5.324749344,5.324714623,8.104991531,582.7149816,1.4448,543.3181763,547
-0.196006667,-0.07220679,5.293163852,144.0299998,197.6899996,-9.24,14.12128027,0.9009,0.4837,5.096399999,3.707999999,0.9759,0.3492,5.503099997,4.046400002,0.9195,0.4122,5.564499998,4.127599997,0.7195,0.6457,3.576800001,1.584099997,0.7903,0.5859,4.416599998,2.5203,0.8551,0.4265,4.775899999,3.144199998,1,1,2,1.999999999,1.989342856,1.99406018,2.191350725,2.282200035,4.840787535,4.840166858,5.324836262,5.325307777,575.7720696,1.406,508.8035583,498
-0.235909743,-0.107209133,14.57355427,787.2099999,115.8400002,-8.160000001,14.12128052,0.8439,0.6165,4.710200002,2.114700003,0.83,0.632,4.7936,1.9259,0.8851,0.5492,4.964200003,2.546700001,0.7404,0.6161,4.3143,2.066199999,0.8026,0.6333,4.480400002,1.936500002,0.759,0.5668,3.955100002,1.993,2,1,2,4,1.92278678,2.018271042,2.189813234,2.364201768,5.324629886,4.840941588,5.325019958,8.104999568,595.4324572,1.4448,563.0614014,568
-0.200249962,-0.099958568,14.46500692,40.82000038,260.5800007,-6.580000001,14.12128619,0.9616,0.3622,5.4593,4.170300001,0.9495,0.4971,5.743800001,4.003100002,0.9578,0.3688,4.793900001,3.369200002,0.9321,0.3687,5.209900002,4.126899998,0.8316,0.4937,4.871100003,3.850900001,0.9014,0.4474,4.9766,3.721000002,1,1,2,1.999999999,1.944039351,2.015360514,2.087415148,2.134912879,4.840618522,4.840879418,5.324480264,5.325057785,694.2772521,1.4448,611.0724487,660
-0.230466699,-0.091656486,12.76140201,24.19999998,201.4399998,-7.679999998,14.12128548,0.828,0.639,4.047299998,1.162799998,0.8633,0.5788,4.380699998,2.224099999,0.846,0.5857,3.543699998,1.525499998,0.7241,0.6368,3.635400002,1.172700001,0.7627,0.5845,3.894400001,1.820400001,0.7878,0.6005,3.855799999,1.314700003,1,1,2,1.999999999,1.992983191,2.028991375,2.06924624,2.098054813,4.841034879,4.840945222,5.324850772,5.324804805,528.6268489,1.4448,520.0023804,492
-0.198932893,-0.058624686,16.8143351,17.68999998,722.4099996,-7.299999998,14.12127918,0.8071,0.551,4.303700001,1.578299997,0.8756,0.5575,4.431699999,1.594800002,0.8549,0.6157,5.154699998,1.222200002,0.7394,0.5579,3.876999999,1.5176,0.7694,0.5902,3.579799998,1.397399997,0.6979,0.6181,4.1831,1.129499998,1,1,3,3.000000001,1.967806139,1.967806139,2.125531698,2.125531698,4.841194345,4.841194741,5.74486805,5.744868082,501.3605469,1.412,464.8020935,460
-0.245879355,-0.103680361,26.25980101,66.93000038,111.1500004,-8.599999999,14.12127578,0.8506,0.5898,4.6216,1.267999998,0.9181,0.572,5.106800001,1.666300001,0.9218,0.4496,5.315699999,2.2778,0.6913,0.5803,3.494600001,1.170399997,0.7645,0.5607,4.075699998,1.026400002,0.6151,0.6118,3.207600001,2.362100001,2,1.999999999,2,1.999999999,1.998330053,2.023137662,2.032018209,2.054733316,5.325046051,5.324900677,5.324588294,5.324473395,527.3297135,1.4448,500.9473572,452
-0.205199212,-0.054960206,4.216015802,453.3100004,610.61,-5.969999998,14.12128099,0.9189,0.3547,4.4526,3.725300002,0.9029,0.2603,3.073799998,2.349099998,0.7497,0.5111,4.034199998,1.764899999,0.5708,0.4591,2.7275,2.9386,0.86,0.3999,4.2333,3.271899997,0.6846,0.5137,3.550899998,2.704199998,1,1,3,3.000000001,1.978185279,2.008435461,2.078629597,2.120275925,4.84169706,4.84083968,5.745286509,5.745387619,486.9103575,1.4906,464.5881958,454
-0.237748752,-0.089882084,7.348534323,31.31999973,196.9400004,-7.750000002,14.12127974,0.7701,0.7101,3.722,0.613400001,0.8635,0.5694,4.441299997,0.633400002,0.8106,0.6122,3.975700001,0.65,0.6787,0.7078,3.3818,0.673100002,0.7678,0.6303,3.9824,0.947400002,0.7074,0.6562,3.489299998,1.439400002,1,1.999999999,2,4,1.917031559,2.047077185,2.087689872,2.48516921,4.841192607,5.324766583,5.324689495,8.104997306,509.8118217,1.4448,479.4189148,470
-0.203245363,-0.062108655,10.22473424,24.19999998,93.66999991,-7.12,14.1212816,0.9236,0.6015,5.545499999,2.0819,0.9292,0.4999,5.899500001,3.238899998,0.859,0.6217,5.193200001,1.9929,0.7401,0.6091,4.383099999,1.973700003,0.7538,0.6052,4.378100002,1.264699997,0.792,0.5971,4.788600001,2.1492,1,1,2,1.999999999,1.977539886,1.994009278,2.161619994,2.250840954,4.840205786,4.840581934,5.324805147,5.32481956,471.7052911,1.4448,443.7538452,460
-0.195449327,-0.093787686,12.50926668,1.109999709,250.7399995,-6.700000001,14.12127529,0.9274,0.4029,5.258999999,3.134599997,0.9539,0.4041,5.643099999,3.168600003,0.8871,0.5716,5.078100001,2.258699999,0.897,0.4034,5.044099999,3.1259,0.9067,0.4112,5.244800001,3.129700003,0.7178,0.6195,3.946099998,1.841000002,2,1.999999999,3,3.000000001,1.998694824,1.998694824,2.004482227,2.004482227,5.324440029,5.324440029,5.745023006,5.745022973,687.7006942,1.4969,610.0164185,610
-0.202036235,-0.062122862,12.46759484,13.40000035,76.45000022,-6.950000002,14.12128376,0.9505,0.5286,5.226999999,2.790900001,0.8853,0.6,4.632500002,1.721700002,0.9122,0.6031,4.9706,1.702299999,0.7596,0.5746,4.2739,2.239500002,0.8477,0.5823,4.478599998,1.996400001,0.8113,0.5549,4.3489,1.952500002,1,1,1,1.999999999,2.000340971,2.014922579,2.084286209,2.172843759,4.840411385,4.840340879,4.8417696,5.32487682,469.6542745,1.4448,453.1565552,452
-0.213426164,-0.098999306,6.402840754,0.030032864,1.989999623,-6.680000002,14.12127602,0.887,0.5674,4.846299998,0.964499998,0.862,0.6589,5.093900001,0.585400001,0.869,0.6367,4.898100002,1.589900001,0.7906,0.5759,4.192799998,1.000600001,0.7217,0.6538,3.803599998,0.9549,0.7718,0.7368,4.248300002,0.5567,2,1.999999999,3,3.000000001,1.984744064,1.984744064,2.008828763,2.008828763,5.324079456,5.32407965,5.745103737,5.745102458,650.9801443,1.5011,624.0645142,628
-0.201541569,-0.061472749,11.1719099,35.13000023,132.6399998,-8.089999998,14.12128204,0.9353,0.5527,5.3049,2.826199998,0.866,0.5812,4.823099998,1.731199997,0.8752,0.6485,5.196599999,2.015899998,0.7473,0.5809,4.276899999,2.461,0.8033,0.5941,4.280399999,1.999300002,0.856,0.6033,4.887799999,2.075299999,1,1,2,1.999999999,1.981367457,1.987861665,2.16958844,2.177326112,4.840178116,4.840423635,5.324722707,5.325308117,477.6413753,1.4448,449.9661255,444
-0.202821551,-0.061981552,10.01973999,19.4600003,101.7200009,-7.139999999,14.12128254,0.9478,0.5359,5.302299998,2.832999997,0.8868,0.5737,4.803199999,1.923100001,0.8815,0.673,5.148100001,1.723999999,0.7427,0.5875,4.240400002,2.2318,0.844,0.5901,4.503600003,2.095800002,0.8474,0.5878,4.761699999,1.9712,1,1,2,1.999999999,1.974985823,1.985954682,2.157759486,2.173199715,4.840255747,4.840398668,5.325270009,5.324818441,469.156729,1.4448,447.5227661,454
-0.217362528,-0.100769018,15.79257419,107.1500001,271.6800004,-7.799999999,14.12128057,0.855,0.5162,5.354800002,3.942100001,0.8522,0.6532,5.152499999,2.432899998,0.873,0.555,5.443000001,2.804200001,0.7831,0.5359,4.819700001,3.7305,0.7998,0.6442,4.792999999,2.5774,0.7536,0.5694,4.200199999,2.733300001,2,1,2,4,1.95735587,1.977963346,2.163012945,2.401751652,5.32454446,4.840939691,5.325041329,8.105007276,609.600221,1.4448,587.1793213,588
-0.206335032,-0.093927345,7.549073746,25.28000026,112.4700008,-7.480000002,14.12127552,0.8799,0.5999,5.024700003,1.1691,0.8711,0.627,5.312699997,1.756099999,0.8915,0.613,5.4041,2.3981,0.7779,0.6058,4.201499999,1.186400003,0.7549,0.6269,4.204800001,1.213499999,0.764,0.739,4.286100001,0.593699999,2,1.999999999,3,3.000000001,1.976211021,1.987684834,2.026845332,2.034475854,5.324042373,5.324036964,5.744381884,5.744742124,676.626906,1.4448,605.7548828,642
-0.214832467,-0.079338609,7.641470357,243.4799999,101.7899993,-8.530000002,14.12128002,0.7659,0.659,3.851799999,0.526600003,0.8451,0.5808,4.340299997,2.3227,0.7022,0.5968,3.2589,1.049200003,0.6132,0.6603,3.025500002,0.507199999,0.6549,0.605,3.316000002,1.972700002,0.7109,0.6325,3.225700002,1.1113,2,1.999999999,2,1.999999999,1.944343077,1.995296469,2.064362613,2.064787156,5.324261391,5.324199273,5.324483332,5.324464627,612.4575857,1.3441,538.913269,566
-0.207158818,-0.084469589,3.652060855,4.519999706,219.0199996,-6.130000003,14.12127994,0.9353,0.4776,5.356899999,2.831400001,0.8325,0.5802,4.508999998,1.894400003,0.9156,0.4836,6.211299999,4.225,0.8713,0.4829,4.869899999,2.743599997,0.7339,0.56,4.357199999,2.3149,0.7972,0.5574,4.223399998,2.026100003,1,1.999999999,2,3.000000001,1.953099076,2.013799146,2.076444317,2.085209342,4.84079275,5.324460781,5.324553032,5.744878418,532.5088034,1.4448,523.4990845,527
-0.18057512,-0.08170097,7.760668859,124.8300003,449.2999997,-6.940000002,14.12128108,0.9591,0.3267,5.1931,3.963500001,0.9305,0.4079,4.911999998,3.3375,0.9347,0.3285,4.297899998,3.507600001,0.9349,0.3297,5.006699999,3.941900001,0.8712,0.4095,4.674300003,3.326900001,0.8857,0.3267,3.9588,3.172599998,1,1,2,1.999999999,1.970854383,1.992658024,2.167834173,2.170732826,4.840248474,4.840522349,5.325350604,5.325508221,699.6834504,1.4906,490.8129883,449
-0.21456665,-0.102787152,13.70584845,58.17000012,87.05999939,-8.000000002,14.12128627,0.9421,0.4236,5.8962,4.636999997,0.914,0.4999,4.495199999,2.918899997,0.9501,0.379,6.195899998,4.898099999,0.8987,0.4347,5.505699999,4.509399998,0.8461,0.5064,4.231199999,2.872099999,0.6944,0.6234,3.638,1.724600002,1,1.999999999,1,1.999999999,1.917045905,2.002419786,2.028084071,2.166457939,4.842709066,5.324749586,4.840882577,5.325086653,605.5308417,1.4448,580.8014526,582
-0.215915618,-0.084994949,2.128373082,7.339999598,25.24000031,-7.78,14.12128146,0.8893,0.505,5.406699999,3.185699997,0.9459,0.2845,6.068,4.673099999,0.8488,0.2717,4.460999999,2.649799999,0.784,0.5272,4.824300001,2.885499997,0.8757,0.3257,5.330699998,4.186200001,0.6335,0.7355,3.333700001,0.544300001,1,1,2,1.999999999,1.952296084,2.005000998,2.078492001,2.078492001,4.841360576,4.843034612,5.324774811,5.324772816,502.0385184,1.4448,489.0610352,486
-0.235616956,-0.105836881,16.39923494,797.03,119.2900004,-8.099999997,14.12128045,0.8427,0.6038,4.637500001,2.2363,0.8302,0.6363,4.626199998,1.930400002,0.8817,0.5517,4.864699998,2.604699998,0.7394,0.6114,4.189699999,2.139699998,0.8001,0.6295,4.401600001,2.031899999,0.7523,0.5782,3.897999999,2.138099999,2,1,2,4,1.921590227,2.018833822,2.195051252,2.366087488,5.324636022,4.840925554,5.325029694,8.105000995,589.6871318,1.4448,557.4642944,564
-0.206302415,-0.07969944,9.254114739,147.2100001,2008.2,-10.2,14.12127964,0.5089,0.5483,1.9909,0.0987,0.503,0.6227,2.0219,0.273899998,0.9101,0.4656,6.144799999,3.749999999,0.4907,0.5484,1.939,0.1016,0.5021,0.6207,2.0126,0.266199998,0.7315,0.5249,4.747499999,2.566200001,1,1,2,1,2.073003859,2.081240015,2.61490822,2.893265629,4.839984172,4.840089806,5.325093076,4.84050915,675.4511637,1.4448,477.8843384,508
-0.224581771,-0.122248371,11.85678826,815.7,844.9199997,-10.4,14.12125811,0.6025,0.6686,2.546600001,0.180700002,0.51,0.6098,2.190899999,0.331799999,0.5902,0.5698,2.3884,0.900700002,0.5368,0.6645,2.2923,0.166400002,0.4699,0.579,2.033500003,0.931399998,0.491,0.606,2.1496,0.3334,1,4,2,1.999999999,2.05797619,2.42963454,2.538896217,2.542935508,4.840696197,8.105012031,5.325865216,5.325820661,2662.143885,1.4448,527.1352539,432
-0.200225133,-0.078679833,13.11486824,64.69999978,93.24999977,-5.93,14.121285,0.965,0.3152,6.451299999,5.278600003,0.93,0.4202,5.529599999,3.793799997,0.9438,0.3893,5.872399998,4.093600001,0.9085,0.3397,5.924,4.977200001,0.8667,0.4319,5.035099999,3.676900001,0.8322,0.4642,4.805099998,3.117900002,1,1,1,1.999999999,1.992109686,2.038019382,2.061912947,2.084263179,4.840352184,4.840336308,4.842093558,5.324763466,492.2979195,1.4448,523.3972168,524
-0.204272566,-0.084041469,1.721830939,4.149999917,21.17999963,-8.17,14.12128133,0.9203,0.4235,6.089399998,4.514900002,0.9664,0.276,6.880200001,5.704200002,0.8671,0.2545,4.530900002,2.993600003,0.84,0.439,5.5312,4.318600003,0.9256,0.305,6.342699999,5.339999997,0.6442,0.7035,3.442700002,0.931999998,1,1,2,1.999999999,1.957687156,2.010579518,2.07261019,2.077734584,4.841360102,4.842915175,5.324792877,5.3247864,532.2299567,1.4448,483.4841919,512
-0.196545813,-0.08619921,8.515208441,0.73999992,176.3699999,-7.870000002,14.12127958,0.9868,0.1018,5.792200002,4.607,0.9978,0.0527,6.583800002,5.598000001,0.8425,0.5175,4.406900001,0.514699998,0.9852,0.1022,5.780300001,4.602999999,0.9969,0.0536,6.572299997,5.590000002,0.6738,0.6438,3.382400001,0.181299998,1,1.999999999,2,3.000000001,1.920407509,2.054182562,2.054182562,2.233068293,4.841152487,5.324755528,5.324755431,5.744682515,541.7662453,1.4448,504.7044373,471
-0.207142199,-0.084026449,7.945312578,9.540000306,168.59,-7.070000003,14.12128025,0.942,0.4634,5.367200003,3.3538,0.94,0.3733,5.848100002,4.650599998,0.8378,0.5473,4.677200002,1.758,0.8696,0.468,4.853799999,3.225399997,0.7491,0.5716,4.058499998,1.462999997,0.8363,0.4367,4.8182,3.626400002,1,1.999999999,2,3.000000001,1.918267187,2.015611322,2.097381463,2.124511473,4.841193476,5.324503985,5.324734686,5.744828892,530.9082813,1.4448,520.5365601,518
-0.211799163,-0.096810271,8.423849332,6.969999809,111.14,-7.100000001,14.12127585,0.8754,0.6008,4.992799999,0.812500003,0.8588,0.6493,5.268,1.579200002,0.88,0.6392,5.254999999,1.8487,0.7696,0.6099,4.248799999,0.801800003,0.7531,0.6475,4.237800001,0.997099999,0.7754,0.7236,4.253999998,0.526,2,1.999999999,3,3.000000001,1.986501951,1.987868708,2.015524001,2.027042427,5.324036525,5.324104258,5.745032571,5.745027677,655.2976065,1.4448,624.6159058,631
-0.222685877,-0.104350927,16.44322783,65.99000014,76.4700009,-7.939999999,14.1212867,0.906,0.4437,5.808800002,4.460000001,0.8597,0.5007,4.516499999,2.8799,0.932,0.4195,6.039399998,4.424400002,0.8376,0.4586,5.346500002,4.2538,0.8071,0.507,4.241700001,2.821000002,0.6707,0.637,3.5937,1.5086,1,1.999999999,1,1.999999999,1.908727325,1.995732447,2.028476522,2.164502021,4.842958379,5.324735126,4.840887398,5.325041962,569.1728638,1.4448,522.1964722,560
-0.238247925,-0.10250809,8.202732242,11.0299997,228.9899993,-7.149999998,14.12127969,0.8126,0.6351,3.961200001,1.253399997,0.8789,0.5221,4.395700001,2.384799997,0.7842,0.3064,3.4366,2.004300001,0.7154,0.6407,3.547699998,1.203999999,0.7911,0.5553,3.967499999,1.588599998,0.7715,0.6632,3.865299999,0.616399998,1,1.999999999,2,4,1.907079967,2.049149092,2.094307045,2.479005849,4.841237465,5.324839038,5.324780752,8.104995576,553.1516268,1.4448,514.9969482,518
-0.240982095,-0.097258731,2.231842212,63.94999996,193.6399993,-7.939999999,14.12127971,0.8087,0.688,3.955000001,0.736800002,0.8247,0.6151,4.232700002,1.389699999,0.7984,0.6892,3.991399998,0.2645,0.6937,0.6943,3.493199999,0.766000003,0.7499,0.7303,3.9125,1.020799998,0.748,0.6015,3.861200002,1.730799999,1,1.999999999,2,4,1.91116352,2.056603997,2.090884263,2.48335519,4.841318725,5.324790587,5.324713211,8.104996091,518.7980626,1.4448,488.6033325,481
-0.190024741,-0.071758716,5.760365829,36.75000025,115.1699997,-8.499999997,14.12128011,0.9321,0.4628,5.616099999,4.015400003,0.9798,0.3283,5.7905,4.312099998,0.9352,0.3826,5.712199999,4.368700001,0.8367,0.4651,4.847300002,4.038199998,0.6981,0.6446,3.538999998,1.580900003,0.9128,0.3618,5.241100001,3.451399999,1,1,2,1.999999999,1.994280071,1.99797998,2.223777417,2.371513019,4.840710815,4.840207996,5.324934078,5.325403891,576.473378,1.406,493.9620361,520
-0.217741422,-0.099852075,8.043745488,0.02,0.1,-6.369999998,14.12127626,0.8751,0.5652,4.7847,0.920500001,0.8333,0.6655,4.809599997,0.363900002,0.8841,0.6431,5.128899998,1.421100001,0.7861,0.5751,4.183299998,0.929799998,0.7173,0.662,3.850600001,0.690799998,0.772,0.7256,4.200500002,0.660499999,2,1.999999999,3,3.000000001,1.984001008,1.984001008,2.012380928,2.012380928,5.324085401,5.3240854,5.744995977,5.744995946,628.5291414,1.4448,621.2131348,618
-0.196846785,-0.081335792,12.13977037,148.62,180.3499999,-7.360000001,14.12128192,0.9847,0.2253,6.848700002,5.892200002,0.9339,0.3906,5.534400001,3.988799999,0.956,0.4055,5.809300002,4.1491,0.9544,0.2443,6.5737,5.688900001,0.8852,0.3899,5.041300003,4.014500001,0.8242,0.4953,4.940299998,2.831499998,1,1,2,1.999999999,2.001067965,2.00439567,2.100101426,2.183435367,4.840311081,4.840247502,5.324744425,5.324861385,506.3932135,1.4448,504.8374023,532
-0.215555209,-0.093328365,16.41261663,72.24999993,193.78,-8.520000003,14.1212795,0.8197,0.633,5.302700001,2.722,0.9258,0.4908,6.4873,5.157100003,0.9031,0.5286,6.6423,3.494200001,0.7436,0.6145,4.553200002,3.007700001,0.8296,0.521,5.534399999,4.5028,0.732,0.5986,4.3859,0.603199999,2,1,2,4,1.963586769,1.987529874,2.178510041,2.396812258,5.324465261,4.840961021,5.324972394,8.105005314,607.244822,1.4448,570.3065796,568
-0.198230593,-0.076969331,15.92035499,100.5899997,773.6699992,-8.239999997,14.12128029,0.8244,0.5617,4.249999997,1.640599999,0.8793,0.4792,4.8946,2.935899999,0.5436,0.5304,3.143899998,1.570599998,0.7285,0.5628,3.6267,1.630400001,0.7995,0.4949,4.421999998,2.722799999,0.6824,0.6197,3.915999998,1.270900001,1,1,3,3.000000001,1.953930654,1.979812617,2.114332282,2.118429843,4.841028797,4.841689246,5.744500016,5.744854871,651.383665,1.4072,452.693573,461
-0.213185506,-0.102657022,16.72642817,57.31000015,74.68000064,-8.239999997,14.12128607,0.9131,0.4625,6.160000002,4.377900002,0.8875,0.258,5.097100001,3.966900003,0.8649,0.4982,4.692000001,2.840999998,0.8571,0.4704,5.753800002,4.166599999,0.8178,0.5021,4.416400001,2.7895,0.8772,0.2599,5.032899999,3.938500003,1,1.999999999,1,1.999999999,1.923331225,1.993113394,2.02826872,2.170845688,4.842733747,5.324682727,4.840892292,5.325070196,616.032749,1.4448,589.1126099,594
-0.208517118,-0.088165945,4.643929959,34.97999994,231.6900002,-7.689999998,14.12128008,0.8972,0.5021,5.0821,1.976999998,0.8902,0.6281,5.426799999,1.120999997,0.923,0.491,5.211199998,2.120400001,0.8077,0.526,4.512199999,1.777099998,0.8332,0.6025,5.019500001,1.149799999,0.7963,0.5508,4.222400001,1.809299999,1,1.999999999,3,1.999999999,1.918755065,2.012951564,2.077973532,2.097546662,4.840750558,5.324431018,5.744900841,5.324529117,579.1415625,1.4448,570.2838135,553
-0.230409572,-0.106916556,17.01275539,30.4400001,351.0700009,-6.960000001,14.12127991,0.8579,0.5101,4.602699998,3.036200003,0.8462,0.4725,4.323100002,1.655099997,0.831,0.3732,4.091399998,2.3538,0.8124,0.5147,4.310299998,2.986000002,0.7564,0.5517,4.0498,1.396800002,0.7121,0.61,3.770300001,1.872099999,1,1.999999999,2,4,1.973638771,1.976072873,2.121343442,2.399301148,4.840990961,5.324519765,5.325125691,8.10500866,582.5479902,1.4448,563.3839111,562
-0.210260253,-0.063436734,12.80502414,42.50000019,245.5300001,-6.519999997,14.1212849,0.8357,0.5155,4.099500001,2.504300003,0.9392,0.5321,5.0391,2.294400001,0.8893,0.5302,4.518,2.283000002,0.7083,0.5219,3.429599999,2.4532,0.7979,0.5261,4.190100001,2.748499999,0.7711,0.5464,3.842700002,1.883400002,1,1,1,1.999999999,1.949433251,2.045835282,2.052791758,2.16900461,4.840446635,4.840457306,4.841925081,5.324953066,471.5868896,1.4448,464.7497253,442
-0.215659456,-0.077061477,8.948378431,45.29999961,77.28000016,-10.7,14.12128363,0.8151,0.6388,4.092800001,1.1553,0.9567,0.2428,6.6026,5.829100002,0.9356,0.3242,4.0624,2.716400002,0.7087,0.6582,3.768399999,1.043500002,0.751,0.6462,3.951500001,1.794599999,0.8134,0.4549,3.92,1.948699997,1,1.999999999,1,1,1.922102495,2.0394563,2.040499204,2.111741225,4.844416903,5.32473712,4.841156515,4.840837308,538.6737335,1.406,481.8737793,511
-0.208644559,-0.098210174,15.18480681,10.70000004,6.739999525,-8.400000002,14.12128589,0.918,0.4354,6.711100001,5.195799999,0.8877,0.2271,5.418200002,4.239400002,0.9571,0.3402,6.390300003,4.594500001,0.854,0.4451,6.133000001,4.8481,0.7853,0.5101,4.623000001,2.6359,0.8676,0.4161,5.542299999,3.729000002,1,1.999999999,1,1.999999999,1.924149163,1.991097436,2.02636892,2.178057391,4.84269913,5.324696701,4.840886602,5.324992305,597.2277078,1.4448,569.7226563,573
-0.187216047,-0.085460467,3.40377514,6.479999625,73.95000006,-8.510000003,14.12128102,0.9577,0.3067,7.4558,6.646,0.9733,0.2873,7.8488,6.7605,0.89,0.2161,4.689300003,3.684,0.9096,0.319,6.8634,6.4298,0.9565,0.3001,7.6755,6.539,0.6782,0.6318,3.886600001,1.8451,1,1,2,1.999999999,1.96226196,2.029072941,2.060416463,2.088384064,4.84134731,4.842785949,5.324820096,5.324778026,604.4888166,1.4448,537.5062256,480
-0.187137926,-0.071722587,7.320995421,404.83,327.960001,-7.439999997,14.12128278,0.966,0.3238,5.2977,4.429799997,0.9589,0.3376,4.879599998,3.835100002,0.9561,0.3135,4.009000002,3.441199999,0.9297,0.3254,5.141900002,4.4053,0.9336,0.3409,4.641899998,3.809700003,0.9273,0.3196,3.8744,3.242300002,1,1,2,1.999999999,1.958050306,1.996103705,2.095923901,2.151682597,4.840509703,4.840396709,5.325383453,5.325431874,572.4626982,1.4906,491.4998779,430
-0.211407754,-0.072763072,10.53803423,322.2100004,287.9100007,-7.38,14.12128323,0.9456,0.3661,5.172100001,4.166000003,0.9533,0.3908,4.8501,3.880600003,0.9582,0.3515,5.5092,3.738599998,0.8751,0.3777,4.7966,3.9966,0.8708,0.4334,4.540500003,3.325500002,0.7242,0.5629,3.6092,1.5814,1,1,2,1.999999999,1.958045199,2.002422033,2.088272971,2.150208827,4.840409725,4.840335981,5.325191646,5.325241828,454.3139676,1.4448,475.4552002,430
-0.192489044,-0.083513876,8.453131574,4.939999863,113.1200007,-7.279999999,14.12127972,0.9564,0.4157,5.607100003,3.875700001,0.9722,0.3037,6.682000002,5.5754,0.8617,0.4828,5.049599998,1.946399999,0.9036,0.4168,5.204299999,3.838,0.8851,0.3504,5.629,4.760899999,0.7471,0.5697,4.108800002,1.863600002,1,1.999999999,2,3.000000001,1.920075259,2.011901837,2.098580711,2.162662711,4.84117926,5.324519572,5.324709558,5.744104344,608.6427272,1.4448,526.3018799,570
-0.214200211,-0.098395864,14.08096614,26.66000031,196.4899992,-7.179999997,14.12127582,0.9027,0.5004,5.509700002,2.929100003,0.9104,0.4225,5.444700003,3.469999999,0.9077,0.5346,5.841999999,3.248700001,0.8285,0.5077,4.784500001,2.909899999,0.8231,0.4642,4.643399998,3.067899997,0.8798,0.5149,5.639800001,2.804199999,2,1.999999999,3,3.000000001,1.986606655,1.989603729,2.00237484,2.009808946,5.324280343,5.324212232,5.744711951,5.744672306,590.3609284,1.4448,582.0029297,586
-0.218264696,-0.072015822,14.71033164,48.60999969,174.3200009,-8.18,14.12127849,0.7642,0.7608,3.585899999,0.984899997,0.8205,0.6262,3.936399998,0.724299997,0.7994,0.2586,3.347199998,2.353400002,0.6867,0.7647,3.328199999,0.977999999,0.7716,0.6543,3.814899997,1.977400002,0.7168,0.6252,3.587499998,1.620799997,1,1.999999999,2,4,1.944000257,2.034958722,2.068901641,2.493009827,4.841104387,5.324663294,5.324558341,8.10498652,525.1099989,1.4448,464.553894,470
-0.200364762,-0.052329628,13.19867612,75.5899999,86.76999963,-7.539999999,14.1212824,0.8741,0.7398,5.171100001,0.682399999,0.8581,0.628,4.985900001,1.430499999,0.8631,0.6381,4.8999,0.466500001,0.7149,0.7246,4.079599998,0.6934,0.7827,0.6423,4.354599998,0.452400002,0.7949,0.6408,4.466200002,0.520399998,1,1,2,1.999999999,1.976535606,1.98736031,2.160698267,2.172837776,4.840256537,4.840427272,5.325280473,5.324549769,470.3829445,1.4448,453.1634827,442
-0.204173118,-0.07907795,16.3973044,129.1799997,805.8600008,-8.749999998,14.12128022,0.8103,0.5602,4.117800001,1.689900003,0.8626,0.4901,4.621499997,2.674099999,0.5308,0.5288,3.055000001,1.7333,0.7078,0.5637,3.504000001,1.667200002,0.7708,0.5115,4.040500001,2.433599998,0.6972,0.6212,3.965099998,1.318399997,1,1,3,3.000000001,1.956418667,1.978283347,2.114830726,2.117989141,4.841034721,4.841693745,5.744997384,5.744848025,628.8574567,1.412,456.7858887,457
-0.206756727,-0.083662277,8.323726471,7.519999782,181.0800005,-7.039999997,14.12128004,0.9415,0.4617,5.367799999,3.401999998,0.9317,0.3893,5.784899999,4.458100002,0.8463,0.5406,4.818300001,1.872000001,0.8689,0.4662,4.852800001,3.263500001,0.7519,0.5676,4.074299999,1.576600003,0.829,0.4528,4.7924,3.431399998,1,1.999999999,2,3.000000001,1.918945023,2.016047122,2.098243551,2.124310241,4.841177207,5.324518498,5.324686914,5.744894251,531.7232973,1.4448,517.920166,522
-0.184671948,-0.071083087,9.194185745,330.8100001,260.9300005,-7.330000003,14.12128417,0.9684,0.3328,5.340199997,4.452499997,0.9668,0.2978,4.872500002,3.633900003,0.9663,0.3115,4.220600001,3.810200002,0.9355,0.3348,5.171599999,4.458599999,0.938,0.3016,4.554,3.587500001,0.9314,0.3204,3.8908,3.417299999,1,1,1,1.999999999,1.967344911,2.034728729,2.077041646,2.1020245,4.840516895,4.840481094,4.841985768,5.325390265,583.7162015,1.4906,490.684906,442
-0.192382819,-0.076452119,4.612096067,109.0200003,239.4800004,-8.430000001,14.12128165,0.9083,0.4714,5.126399999,3.9894,0.9388,0.4059,5.840600001,4.393299999,0.8426,0.2383,3.444899999,2.342700001,0.8396,0.4789,4.548199998,3.892500002,0.8097,0.4594,4.512800001,4.122500002,0.7215,0.5546,4.013,2.790199998,1,1,2,1.999999999,1.981591532,1.988591461,2.157694371,2.184997025,4.840220885,4.840788956,5.325823967,5.324791561,608.5023489,1.406,516.942688,514
-0.242572891,-0.107231117,21.6963313,253.1199998,10.6099998,-8.629999997,14.1212793,0.8337,0.6147,4.976,0.550000001,0.8445,0.6762,5.207099998,0.7383,0.8013,0.2674,4.528600003,2.558700001,0.7076,0.7031,3.927700001,1.843900002,0.7355,0.5569,4.315699997,0.357700001,0.7676,0.6246,4.489300001,0.810699999,2,1,2,4,1.967148698,1.998984242,2.182436712,2.37796825,5.32447851,4.841151934,5.324938606,8.105006969,561.7163157,1.4448,523.449646,530
-0.196663603,-0.082652646,4.966625557,150.6799998,145.7300004,-9.89,14.12128012,0.9211,0.4374,5.4749,4.337400001,0.9291,0.4466,5.8535,4.137800002,0.8632,0.2082,3.7931,2.809499999,0.6739,0.6816,3.3983,1.886900001,0.8465,0.4753,4.9151,4.034100002,0.8774,0.4583,5.217500002,4.111900003,1,1,2,1.999999999,1.990121604,1.994851624,2.1975996,2.344007253,4.84078153,4.840169144,5.324861727,5.325411824,636.6222069,1.406,549.3681641,542
-0.206382355,-0.091386278,1.653632428,28.42000039,60.27999988,-9.220000001,14.12128576,0.8536,0.5831,4.880299999,1.962200003,0.934,0.536,6.542600003,3.758299997,0.9105,0.7199,5.609300002,0.733100001,0.7177,0.5807,3.875700001,2.224300001,0.7933,0.6576,4.744600002,1.403500003,0.8738,0.5965,5.7981,2.780399999,1,1.999999999,1,1,1.908799099,2.025962734,2.058295654,2.0867894,4.844270233,5.324519474,4.841320067,4.840695227,679.0873933,1.4448,591.5770874,608
-0.216950039,-0.098265903,14.16272142,35.78000012,186.7900007,-8.130000002,14.12128517,0.8328,0.5972,4.278499997,2.108899998,0.8961,0.4866,5.419,3.723400002,0.8327,0.7044,4.418300001,1.567099998,0.682,0.6184,3.549799999,1.975099997,0.8101,0.7017,4.148900003,1.591200001,0.8283,0.4818,5.0386,3.680300002,1,1,2,1.999999999,1.96844939,1.971073312,2.016573331,2.163663791,4.842877095,4.841224909,5.324631298,5.324960953,687.4795558,1.4448,609.4699097,616
-0.22361292,-0.076725772,9.402552891,139.2099999,195.6699996,-6.930000003,14.12127969,0.8531,0.5769,4.833,1.455499997,0.8346,0.6377,4.2511,0.792699998,0.8503,0.5941,4.939399999,1.607000002,0.6969,0.6037,3.571199998,1.233700001,0.7615,0.6103,4.094700002,1.017599999,0.7381,0.6023,3.987300001,1.324099998,1,1.999999999,2,4,1.922114981,2.045819151,2.078339963,2.496016426,4.841163939,5.324471741,5.324394971,8.104994528,476.3020526,1.4448,484.3441772,453
-0.221893472,-0.087020905,7.040125979,5.400000152,16.81000052,-8.069999999,14.12128121,0.8667,0.5758,5.316100001,2.514500002,0.9361,0.3024,5.966300002,4.503500003,0.8041,0.2916,4.338199999,2.014800001,0.7191,0.6021,4.4743,1.631700003,0.8509,0.3505,5.089599998,3.887,0.6561,0.7158,3.499500001,0.1256,1,1,2,1.999999999,1.952921913,2.009340688,2.082189713,2.082189713,4.841356233,4.843174054,5.324740091,5.324741016,505.6683785,1.4448,471.0437012,484
-0.202432349,-0.079056412,16.38669078,91.38999964,752.96,-7.900000001,14.12128032,0.8229,0.5694,4.163099999,1.607600003,0.8773,0.4868,4.840100002,3.017299999,0.6415,0.4918,3.766099999,1.035299999,0.7379,0.5707,3.5961,1.5893,0.7821,0.5083,4.265500003,2.740299997,0.6944,0.5918,3.728100001,0.6057,1,1,3,3.000000001,1.953815242,1.979150323,2.113604977,2.118162647,4.841044674,4.841637222,5.745013761,5.744842041,631.0239892,1.4072,463.5816345,443
-0.214306806,-0.10570902,12.93049993,51.16999995,51.45000063,-8.499999997,14.12128616,0.9097,0.4698,6.4531,4.974100001,0.8623,0.4741,4.7866,2.816399999,0.9558,0.348,6.805499999,5.5194,0.8525,0.48,5.9927,4.724799997,0.8205,0.4819,4.526399999,2.735300001,0.7147,0.595,4.502099999,1.670299999,1,1.999999999,1,1.999999999,1.922395641,1.990273599,2.027373917,2.177689142,4.842737217,5.324720368,4.840887317,5.325060559,628.2998406,1.4448,605.1766357,603
-0.195215063,-0.099439386,12.81778385,24.21999963,159.5200007,-6.99,14.12127932,0.9896,0.1061,6.557700001,5.846299998,0.9928,0.0912,6.853599999,6.071699999,0.8385,0.6714,4.343999999,1.776699998,0.9733,0.1292,6.405299998,5.646600003,0.7542,0.6238,4.017599998,1.975600003,0.9797,0.1177,6.7501,5.7315,1,1.999999999,2,3.000000001,1.921749463,2.045679594,2.079037758,2.235892216,4.841236912,5.324689495,5.324632175,5.744626581,632.9792389,1.4448,606.0827637,592
-0.208480675,-0.096801022,15.73827553,36.52999994,230.6900005,-9.5,14.12127853,0.8066,0.6605,4.799600001,2.220499997,0.9356,0.4547,6.113699998,4.758400002,0.8985,0.5575,6.090999998,3.699299998,0.6968,0.6478,3.955200002,2.412700001,0.8594,0.4903,5.215800001,4.438800003,0.7113,0.6093,4.260499999,0.311099999,2,1,2,4,1.979340547,1.981893539,2.163956793,2.395543362,5.324445436,4.841130451,5.324914652,8.105013886,746.349508,1.4448,621.6529541,644
-0.20420262,-0.083527311,6.805546288,8.400000228,295.9999991,-6.489999998,14.1212802,0.9297,0.4533,5.213000001,2.886700003,0.8598,0.5229,4.672900003,2.610999998,0.9507,0.5175,5.493500002,2.378899998,0.8737,0.4586,4.821600002,2.787599997,0.778,0.5468,4.147400002,2.2578,0.7524,0.5773,4.074099999,1.5424,1,1.999999999,2,3.000000001,1.944500193,2.010334549,2.066854131,2.082421907,4.840592365,5.324525465,5.324306455,5.744870449,555.2247084,1.4448,511.3119507,551
-0.229037602,-0.121464345,18.13204034,20.35000016,201.2100001,-7.65,14.12127918,0.8829,0.6451,4.836,2.327799998,0.8929,0.5414,4.641300002,2.109399999,0.8805,0.4298,4.363400001,2.838999999,0.7721,0.6396,3.964299998,2.251600002,0.8396,0.5885,4.471100002,1.956000002,0.848,0.613,4.666800002,1.804900001,2,1,2,4,1.978089988,2.005495949,2.12129418,2.390035355,5.324483771,4.84096205,5.325187168,8.105007752,797.6071784,1.4448,618.4228516,621
-0.192785228,-0.057872679,1.69769302,127.1000002,106.5200005,-8.290000001,14.12128301,0.8226,0.6125,4.003800001,0.993000002,0.8944,0.5668,4.366399999,1.2063,0.7947,0.3078,3.4461,1.159099998,0.7482,0.6122,3.625600002,0.951900003,0.74,0.5971,3.449800002,0.607699999,0.7184,0.6851,3.694799999,0.658799999,1,1,2,1.999999999,1.95376278,1.978912328,2.108718094,2.139895558,4.840803811,4.840750953,5.325103007,5.325094099,538.7931043,1.406,480.1729736,477
-0.172957902,-0.067854215,2.856995957,0.380000368,21.16000096,-8.359999997,14.12128432,0.9111,0.5316,4.776,2.475100001,0.9212,0.5362,4.855400002,2.298900003,0.8961,0.4737,3.938399999,1.391000002,0.8749,0.5288,4.619400002,2.498799997,0.8609,0.5321,4.454999998,2.300200001,0.7579,0.626,4.107900001,1.758500001,1,1,2,1.999999999,1.964379037,1.964379037,2.143432061,2.143432061,4.840647206,4.840647442,5.325165605,5.325167505,694.4405543,1.406,502.5237732,613
-0.202349457,-0.061460305,10.73888164,20.86,101.7399996,-7.370000001,14.12128248,0.9474,0.5381,5.322899998,2.8452,0.8865,0.5883,4.836900003,1.850699998,0.8839,0.6806,5.1662,1.624500002,0.7406,0.5954,4.233100002,2.148000002,0.8258,0.5976,4.3725,1.9421,0.8601,0.5968,4.891600002,1.934400002,1,1,2,1.999999999,1.975726702,1.986762442,2.158305354,2.173625773,4.840266102,4.840404545,5.325270009,5.324812013,469.3200908,1.4448,451.3374939,450
-0.23489738,-0.104166226,20.3192452,261.57,53.48000097,-8.400000002,14.12127888,0.8852,0.5443,5.271500002,3.416799999,0.8672,0.6635,4.810199999,1.630400002,0.8919,0.5717,5.294999999,2.235999998,0.7182,0.6038,4.0385,2.334600002,0.8294,0.6018,4.810199998,2.4609,0.7747,0.6226,4.291800002,1.528499997,2,1,2,4,1.967807409,2.004895259,2.178445547,2.379865122,5.324467794,4.840866698,5.324964263,8.105006668,566.6421432,1.4448,530.0578613,529
-0.230846407,-0.116533334,13.10507657,19.81999985,7.439999088,-9.850000002,14.12128064,0.8338,0.5889,6.330200001,4.098499998,0.7987,0.2742,5.446099997,4.593300001,0.919,0.341,5.934000003,4.320399998,0.7495,0.5853,5.016399998,4.5387,0.7733,0.2778,5.294799999,4.397499997,0.7288,0.5867,4.578599998,0.210700001,1,1,2,1.999999999,1.962949057,2.029414448,2.087891281,2.088060104,4.84132441,4.843377704,5.324699673,5.324702936,669.1453829,1.4448,605.3304443,480
-0.201967064,-0.062763904,9.231754091,15.40000041,66.08999946,-7.770000001,14.12128237,0.9379,0.6108,5.552500001,2.172000002,0.9068,0.583,5.5038,2.1472,0.8769,0.604,5.127299999,1.5772,0.7418,0.6003,4.440200002,2.064300001,0.8507,0.5965,4.702999999,1.699700002,0.833,0.5914,4.881699998,2.060300001,1,1,2,1.999999999,1.97984166,1.988014839,2.164046672,2.169133007,4.8402163,4.840424741,5.325360434,5.324797453,489.0669856,1.4448,468.9832153,450
-0.23060676,-0.10677337,15.33259915,27.56999984,345.2099997,-7.360000001,14.12127995,0.8541,0.5234,4.460800001,3.0537,0.8483,0.4859,4.055499999,2.5567,0.8224,0.6506,4.1408,1.491099998,0.8057,0.5307,4.182999999,3.009699997,0.7217,0.537,3.506400003,2.325900001,0.7297,0.6131,3.674300001,1.733200002,1,1.999999999,2,4,1.973755811,1.977385142,2.118224964,2.399688521,4.840999887,5.324573195,5.325115274,8.105009195,583.8893616,1.4448,570.4688721,565
-0.221326394,-0.07551307,3.710475998,70.12000006,305.0100004,-9.63,14.12127768,0.7714,0.665,3.594999998,1.0567,0.8204,0.2808,3.469899998,2.461299997,0.8851,0.549,4.6071,2.7653,0.6864,0.6676,3.384000001,1.064599999,0.7972,0.5586,3.9514,2.6454,0.5363,0.5517,2.611899999,1.493199998,1,1.999999999,3,3.000000001,1.972103446,2.00202023,2.051478004,2.137655258,4.841177286,5.324798475,5.745357785,5.745391934,516.0066083,1.406,470.811676,466
-0.210534594,-0.089402428,5.152743675,51.28000011,28.28000064,-7.860000003,14.12128036,0.9706,0.4206,6.447500003,5.107999999,0.9359,0.5736,6.023300003,3.493299998,0.9101,0.4754,5.6169,3.863600001,0.744,0.544,3.939200001,3.854600001,0.8617,0.524,5.274599998,2.867100002,0.7451,0.5634,4.384099999,2.463800002,1,1.999999999,2,3.000000001,1.91838187,2.013822981,2.084522247,2.138929639,4.841168598,5.324319171,5.32471808,5.744712078,581.5071352,1.4448,553.829895,528
-0.187291033,-0.053380132,7.009017164,203.1200002,105.8700006,-8.400000002,14.12128301,0.92,0.371,5.109999998,3.834899997,0.8815,0.6237,4.9145,1.545399998,0.9252,0.3966,5.188800001,3.640700002,0.7217,0.6132,3.509699999,1.658899999,0.895,0.4003,5.131899998,3.522300001,0.7536,0.5555,4.1065,2.148000001,1,1,2,1.999999999,1.943488101,1.989586892,2.128606352,2.137708352,4.840860457,4.840716821,5.325742438,5.325517319,505.9902713,1.406,465.7132568,486
-0.197389039,-0.068287308,9.01264828,6.479999625,39.44000033,-7.090000002,14.12128239,0.906,0.6007,5.571499999,2.275799999,0.9285,0.5288,5.630099998,2.739100002,0.8817,0.6734,5.151899998,1.253900002,0.7892,0.6072,4.808000001,2.129799997,0.7722,0.6331,4.442699998,1.778700003,0.874,0.571,5.236400002,2.358100001,1,1,2,1.999999999,1.973566822,1.993244842,2.158292381,2.18100917,4.840456356,4.840219423,5.324749003,5.325416397,512.5576623,1.4448,471.5260925,491
-0.208957401,-0.086330135,3.045823643,27.17000016,174.2799995,-9.009999998,14.12128054,0.897,0.5006,5.330200001,1.9642,0.9671,0.3931,6.245200003,2.888299998,0.9199,0.5172,5.403099998,0.9841,0.7956,0.5107,4.450400001,1.978599998,0.8241,0.5164,4.638499998,0.714099998,0.7531,0.5807,4.037700001,0.415300002,1,1.999999999,2,3.000000001,1.903752873,2.026822883,2.076176775,2.135488937,4.841163544,5.324310598,5.324783381,5.744968724,564.0850677,1.4448,509.507843,515
-0.225602398,-0.087857397,10.34473927,14.63000012,190.5900006,-7.679999998,14.12127964,0.7978,0.6914,3.852400001,0.903500002,0.8576,0.5496,4.300400002,2.152000001,0.7806,0.2844,3.374600003,2.021200001,0.705,0.6959,3.498399998,0.9251,0.7784,0.5545,3.8938,2.134900003,0.755,0.7241,3.8568,1.092799998,1,1.999999999,2,4,1.908006551,2.057140248,2.095740919,2.492205449,4.84119395,5.324759231,5.324724314,8.104992471,551.7609633,1.4448,495.7288513,505
-0.197023222,-0.099775718,10.61775875,11.91000015,211.8100009,-7.320000003,14.1212795,0.9864,0.1081,6.398100001,5.203100003,0.9975,0.0745,6.898999999,5.662,0.8135,0.696,4.323900002,0.434300002,0.9823,0.1111,6.361700001,5.175800003,0.9857,0.0978,6.785200002,5.468300003,0.728,0.6921,3.772599998,0.288600002,1,1.999999999,2,3.000000001,1.921406256,2.050060975,2.058883435,2.234397682,4.841200505,5.324680389,5.324654869,5.744690673,626.9687576,1.4448,552.2323608,610
-0.234075962,-0.102499138,17.44339543,284.3899996,50.98999914,-8.390000003,14.12127897,0.8834,0.5531,5.167400001,3.211400003,0.8728,0.65,4.846500001,1.7735,0.8564,0.2308,4.531199998,3.540100002,0.7163,0.6006,4.007000002,2.362300001,0.8313,0.6053,4.756599999,2.367499998,0.7786,0.6111,4.347499999,1.854800001,2,1,2,4,1.96844812,2.008023406,2.185807631,2.38090844,5.324477049,4.840960704,5.324983786,8.10500391,567.4304091,1.4448,531.248291,530
-0.204905691,-0.081364766,8.981928495,79.81000031,232.7299992,-6.73,14.12128341,0.9085,0.4533,5.148899998,3.6927,0.9365,0.3546,6.010399998,4.5555,0.9836,0.2528,6.526300001,5.405000002,0.8301,0.4711,4.5706,3.455700003,0.7399,0.579,4.071299999,2.222899997,0.8521,0.4089,5.2655,3.771700002,1,1,2,1.999999999,1.966460272,2.012613723,2.130911777,2.197547042,4.840784375,4.840313453,5.324998635,5.324692565,542.083612,1.4448,507.7976379,546
-0.227318252,-0.105530565,18.22254779,652.6700001,27.79000015,-8.650000003,14.12128001,0.8527,0.4984,5.086199998,3.012999999,0.8558,0.6265,5.9814,2.070100002,0.8084,0.3074,4.674899998,4.097900002,0.7632,0.6321,5.058,2.233100002,0.815,0.4937,4.794700001,3.223700001,0.7712,0.5633,4.4643,1.023300001,2,1,2,4,1.935924844,2.016905798,2.184717373,2.371270967,5.324548454,4.840929818,5.325015576,8.10500044,608.2426684,1.4448,564.5518799,568
-0.213852594,-0.084626314,7.266816819,19.08000027,169.4500009,-8.459999999,14.12128106,0.8605,0.5627,5.0013,2.639299999,0.8993,0.4907,5.197200001,2.984199999,0.8697,0.2765,4.566700002,3.431999998,0.7483,0.5846,4.124800002,2.440300002,0.8113,0.5094,4.536199999,2.690399998,0.7524,0.6518,4.339100001,1.2985,1,1,2,1.999999999,1.938032249,2.048000244,2.062607331,2.100563972,4.841251048,4.843076155,5.324783527,5.324749246,543.3068116,1.4448,498.3727417,510
-0.200128142,-0.083517836,7.904947724,6.389999941,143.7000001,-7.38,14.1212799,0.949,0.4383,5.517199998,3.672100001,0.9514,0.3536,6.299300001,5.098499997,0.8484,0.529,4.856500002,1.575400003,0.8833,0.4411,5.027799999,3.5811,0.8334,0.4308,5.0037,3.680899998,0.7586,0.5578,4.142499998,1.663499997,1,1.999999999,2,3.000000001,1.920210926,2.017480607,2.096218977,2.143951958,4.841200189,5.324522785,5.324699624,5.744880079,563.4161195,1.4448,526.2208862,543
-0.227261653,-0.084086127,7.075597187,25.96000005,216.5400002,-8.650000003,14.12128021,0.7677,0.6923,3.585500001,0.884000002,0.807,0.2969,3.478299999,2.434899999,0.986,0.0885,5.137600001,4.726700001,0.6835,0.6972,3.328199999,0.8793,0.7358,0.6978,3.528699999,1.1075,0.7565,0.2971,3.3638,2.410000001,1,1.999999999,2,4,1.975492344,2.034609791,2.07951653,2.500459558,4.841017502,5.32473712,5.32473006,8.105000574,533.4778884,1.4448,499.3292542,485
-0.219772754,-0.086890694,16.64718652,93.66000038,29.90999951,-11.1,14.12127871,0.8906,0.5714,5.478700002,3.501899998,0.9542,0.5297,6.6165,4.928300003,0.8174,0.6301,4.851199998,1.649499999,0.7141,0.56,3.721899998,4.167100003,0.7451,0.5755,4.640800002,2.141599997,0.8093,0.5978,4.9456,2.769700001,2,1,2,4,1.975276436,2.005131666,2.181084363,2.389060485,5.324472324,4.840841417,5.324964361,8.105003933,577.8999849,1.4448,545.796936,525
-0.18053875,-0.07247965,9.012390812,81.50999978,218.8100006,-8.680000001,14.12128354,0.9754,0.3397,5.339600001,3.965499998,0.9507,0.382,4.9775,3.474500001,0.9659,0.3176,4.322099998,3.610799999,0.9463,0.3412,5.1166,3.942799998,0.908,0.3849,4.880900002,3.478700003,0.8546,0.4174,4.8061,3.0363,1,1,1,1.999999999,1.991394988,2.013663825,2.079189506,2.14669001,4.840514761,4.840380711,4.841995869,5.325425597,608.0517816,1.4906,514.269043,452
-0.213996934,-0.104757291,14.7578538,52.94999968,55.9199991,-8.489999997,14.12128611,0.9098,0.4681,6.350899998,4.864400003,0.8622,0.4796,4.738799998,2.792300002,0.9533,0.3577,6.6958,5.413400002,0.8523,0.4767,5.897200002,4.606899999,0.8193,0.4857,4.479199999,2.729700002,0.7023,0.5779,4.271100002,1.7631,1,1.999999999,1,1.999999999,1.923189538,1.989344113,2.027656036,2.176341885,4.842734299,5.324723535,4.840890392,5.325054132,625.1008231,1.4448,601.9912109,597
-0.204614474,-0.065691001,1.485866227,11.02000028,295.85,-10.2,14.12127756,0.7755,0.6571,3.638100003,1.0934,0.8228,0.2852,3.501700002,2.428600003,0.8772,0.5616,4.503799999,2.321299999,0.6969,0.6635,3.4574,1.0592,0.7851,0.5708,3.867900002,2.5441,0.5561,0.5438,2.733,1.377500002,1,1.999999999,3,3.000000001,1.970190346,2.009156291,2.057140005,2.145575214,4.841203822,5.3247995,5.745206304,5.745407859,549.058851,1.406,467.4915771,485
-0.199600282,-0.078472826,11.25281912,134.6199997,52.4799993,-7.439999997,14.12128441,0.9756,0.2842,6.4786,5.476199998,0.929,0.393,5.483500001,3.860600002,0.8858,0.5969,4.765399998,1.4829,0.903,0.3214,5.8723,5.098500002,0.8737,0.4043,4.995599998,3.785999998,0.7352,0.5787,4.145800002,2.296299999,1,1,2,1,1.995519231,2.034563835,2.081284699,2.083158659,4.840359376,4.840353285,5.324789371,4.841743317,499.4401433,1.4448,520.8830566,539
-0.226724675,-0.104955856,10.96384484,119.0800004,174.2199995,-7.569999997,14.12128076,0.8258,0.7733,4.250999998,0.7498,0.8965,0.5074,5.403800001,2.133400003,0.8779,0.607,5.218399998,0.724399999,0.7381,0.7682,3.693499998,0.830900003,0.745,0.6948,3.824399999,1.0747,0.802,0.6181,4.436000002,2.400800001,1,1.999999999,2,4,1.916051148,2.033141904,2.068741163,2.51007968,4.841195372,5.32474686,5.324603879,8.104998631,690.1311242,1.4448,597.8320313,592
-0.241793879,-0.083582567,11.86465833,324.2099996,0.960000955,-7.039999997,14.12127944,0.8513,0.543,4.118699999,1.277999997,0.7809,0.649,4.089799999,0.2501,0.7703,0.6848,3.840600001,0.331899999,0.6704,0.761,3.482500001,0.782400001,0.7274,0.5784,3.548600001,0.794200001,0.7398,0.6748,3.897400002,0.269899998,1,1.999999999,2,4,1.928,2.061728644,2.062715201,2.487,4.841186131,5.324531359,5.324530579,8.104996526,461.1019583,1.4448,477.3903809,465
-0.231900485,-0.088899537,8.610295245,28.1799996,182.9300007,-8.069999999,14.1212798,0.7693,0.7143,3.712499998,0.4955,0.8705,0.5266,4.483499998,2.215700001,0.7987,0.6598,3.926200002,0.305099999,0.6848,0.718,3.422299999,0.595899999,0.7858,0.5276,4.124200002,2.193200001,0.7534,0.6648,3.7409,0.5326,1,1.999999999,2,4,1.912659405,2.054805587,2.083791256,2.490590492,4.84124402,5.324760008,5.324693098,8.104995403,538.3112653,1.4448,494.2568665,481
-0.211399724,-0.093982046,15.24187176,64.44000014,326.7500002,-6.960000001,14.12127991,0.8581,0.4514,5.233199999,3.8227,0.9411,0.4152,6.250399998,5.178300001,0.8893,0.5424,5.9762,3.347900001,0.7771,0.4542,4.513300002,3.923100001,0.8615,0.467,5.255800003,4.333200002,0.7277,0.6311,4.258399999,1.323300002,1,1.999999999,2,4,1.956136243,1.966381703,2.168675863,2.408163408,4.840792275,5.324545238,5.324991722,8.105007024,602.5033041,1.4448,574.7301025,585
-0.205258038,-0.07903056,11.35434348,128.2700002,77.56999992,-8.619999998,14.12128398,0.9526,0.3754,5.880499998,4.634199999,0.9381,0.3982,4.904699999,2.944900002,0.9727,0.3185,5.938800001,5.1423,0.8695,0.397,5.1853,4.368499999,0.7867,0.4627,4.081199999,2.762900001,0.8208,0.508,4.488100002,2.6531,1,1,2,1,1.975629014,2.06101213,2.076812461,2.095086872,4.84041423,4.840371895,5.324857247,4.841724134,500.7612381,1.4448,499.1255798,517
-0.206185853,-0.098690503,9.017414829,43.26000024,245.0999996,-7.52,14.12128322,0.9694,0.3158,5.423700002,4.137800002,0.9531,0.3754,5.262299999,3.663399999,0.9658,0.3402,5.8127,4.631299998,0.9402,0.3214,5.179800001,4.091799998,0.9162,0.3771,5.134100001,3.648699999,0.8866,0.3667,5.265200001,4.195100001,1,1,2,1.999999999,1.967514676,1.982948814,2.146892871,2.156862073,4.840216932,4.840410095,5.325252731,5.325316343,604.6568325,1.4448,540.5411987,568
-0.221536885,-0.094715031,16.99352459,112.28,42.13999922,-11.7,14.12127862,0.9115,0.4676,5.744199998,4.250600003,0.9207,0.618,5.485599999,2.887699999,0.8348,0.604,4.763099999,2.2855,0.7243,0.5733,3.832599998,3.405199999,0.8748,0.5162,5.662799999,3.801000001,0.7815,0.5933,4.414000001,2.060300001,2,1,2,4,1.973869803,2.00612213,2.18906761,2.385948449,5.324483137,4.840839125,5.325008712,8.10500515,582.2799066,1.4448,536.4955444,561
-0.195904967,-0.098051642,13.42428454,7.850000255,342.2600004,-7.939999999,14.12127511,0.9317,0.421,5.292600002,3.155299999,0.9522,0.4122,5.649300001,3.223399999,0.8858,0.549,5.161100001,2.199200001,0.8967,0.4244,5.042199999,3.127200002,0.9057,0.4182,5.248400002,3.1832,0.7029,0.581,3.803699999,2.051499999,2,1.999999999,3,3.000000001,1.995667808,1.996406021,2.009180181,2.009547461,5.324451233,5.324428435,5.745047059,5.745033527,734.1361462,1.4969,609.7157593,646
-0.209963725,-0.099951975,15.50931492,4.349999759,293.7300007,-7.070000003,14.12127585,0.9263,0.414,5.148800001,3.144200002,0.9486,0.3932,5.511899997,3.274699998,0.8642,0.5425,4.788600002,2.849900001,0.8896,0.4195,4.9026,3.107300003,0.8808,0.4116,5.018799998,3.1361,0.7012,0.5958,3.835999999,1.8001,2,1.999999999,3,3.000000001,1.987800292,1.989349642,2.005288508,2.006715226,5.324341483,5.324360675,5.744175161,5.744745578,617.757541,1.4448,588.2525024,595
-0.201997675,-0.094835775,13.06221445,4.659999758,228.7800002,-6.759999998,14.12127485,0.9635,0.4066,5.0023,3.074999997,0.9658,0.4061,5.412100001,3.132800003,0.9001,0.557,4.912300002,2.283800003,0.9311,0.4084,4.770300001,3.055200002,0.9258,0.417,4.955799998,3.0738,0.7476,0.6228,3.9136,1.745999998,2,1.999999999,3,3.000000001,2.000617155,2.000617155,2.007933764,2.007933764,5.324519912,5.324520157,5.745057231,5.745057166,651.6643729,1.4969,609.4492798,593
-0.221703564,-0.100455359,18.68569409,3.599999944,9.759999188,-8.150000001,14.12128616,0.8953,0.5069,6.309200002,4.371199999,0.8626,0.4758,5.026499999,3.050899998,0.8698,0.2505,5.270000002,3.997699999,0.8062,0.5188,5.571399999,3.840700002,0.7844,0.5157,4.5442,2.544700002,0.7466,0.5645,4.432100001,2.123900002,1,1.999999999,1,1.999999999,1.925454232,1.97796006,2.025607069,2.176206332,4.842994486,5.324677565,4.840881076,5.324948975,552.6462391,1.4448,544.0020752,521
-0.216290762,-0.093382036,15.44258745,62.0700003,242.5399994,-8.410000002,14.12127884,0.7784,0.6426,4.4023,1.760300003,0.9228,0.4982,5.637599999,4.1106,0.8373,0.5953,5.235899999,1.661900002,0.6511,0.6291,3.538199998,2.0381,0.8188,0.5356,4.652100002,3.5988,0.7099,0.6021,4.1525,0.408899998,1,1.999999999,2,4,1.973090469,1.975780858,2.167324157,2.38910569,4.841272291,5.32443506,5.324919277,8.10500786,668.4672148,1.4448,587.5464478,588
-0.231285858,-0.104670444,15.76135571,728.7799997,58.59000099,-8.319999999,14.1212802,0.8468,0.5365,4.7066,2.2624,0.8527,0.5936,5.183899997,1.3435,0.8006,0.3201,4.258800002,3.436199998,0.7512,0.606,4.493,1.584600001,0.8071,0.5247,4.472500001,2.6045,0.7826,0.5673,4.4264,1.832100002,2,1,2,4,1.929212015,2.01891877,2.185745639,2.373536812,5.324586979,4.840932349,5.325028331,8.105000812,595.9561501,1.4448,558.5554199,566
-0.218127302,-0.056633495,5.375360113,232.1099998,577.3000007,-7.409999999,14.12128072,0.8245,0.553,4.060900003,1.771699998,0.7155,0.5658,3.805299998,1.803200002,0.8226,0.341,3.0554,1.538700002,0.5294,0.5672,2.575499998,1.5861,0.6673,0.5646,3.5298,1.308300001,0.8121,0.5498,3.890400001,1.299300001,1,1,3,3.000000001,1.977935793,2.011669207,2.075188907,2.120705071,4.841719951,4.840834466,5.745152383,5.745369648,477.0019656,1.4906,455.2362061,461
-0.201427195,-0.099564414,14.04235396,8.959999622,355.6099998,-7.689999998,14.12127515,0.9222,0.4293,5.1123,3.130299999,0.9454,0.4202,5.4723,3.220999999,0.7692,0.3207,3.762099998,2.765699998,0.8854,0.4327,4.869200001,3.1007,0.8911,0.427,5.0396,3.1742,0.6938,0.5839,3.751000002,1.959299997,2,1.999999999,3,3.000000001,1.995022306,1.995992485,2.008949477,2.009533279,5.324467404,5.324441638,5.745058318,5.745046004,700.9728827,1.4969,556.6505737,624
-0.209789922,-0.09309736,5.381445822,5.890000336,116.19,-7.009999999,14.12127592,0.8749,0.6108,5.007199999,0.796800003,0.8481,0.6642,5.226199999,1.458999998,0.8882,0.6424,5.3285,1.902300001,0.764,0.621,4.192199999,0.808099998,0.7448,0.6578,4.196000001,0.9045,0.787,0.6992,4.366399999,0.877000003,2,1.999999999,3,3.000000001,1.983516322,1.985569188,2.016959345,2.026854213,5.32404018,5.323995882,5.745062892,5.745032538,643.4238442,1.4448,617.6889648,624
-0.207990269,-0.090797928,28.06062948,5.699999915,17.94000056,-12.6,14.12127717,0.9898,0.164,5.8335,4.185399999,0.9586,0.3218,5.335099999,3.442099999,0.9697,0.3305,5.476300002,3.3105,0.9751,0.1741,5.715799998,4.094899999,0.8963,0.336,5.009999999,3.252999999,0.7091,0.5938,3.540900002,0.7304,2,1.999999999,2,1.999999999,2.011238424,2.02512691,2.03091925,2.051585728,5.324701231,5.324695045,5.324563455,5.324450355,500.1109107,1.4448,502.1958923,520
-0.226120447,-0.10229907,18.69684113,512.7399998,59.42000093,-8.960000001,14.12127976,0.8505,0.5244,5.512100001,2.517300001,0.8498,0.6237,5.9675,0.978699997,0.8065,0.2799,5.120799999,4.618500002,0.7551,0.6672,5.076000002,1.715299999,0.8096,0.4876,5.049799999,3.568699998,0.7318,0.6032,4.379100001,0.517900002,2,1,2,4,1.942199526,2.014611873,2.183042602,2.375745357,5.324510316,4.840923184,5.324965529,8.105001083,595.7585824,1.4448,561.0097656,558
-0.224888043,-0.089938602,7.783690805,122.5399999,35.77999912,-9.1,14.12127875,0.9211,0.6633,5.138900001,1.9691,0.8852,0.5481,5.237600003,3.205999998,0.8708,0.6516,5.2034,1.841499999,0.7134,0.6612,3.5798,2.331100001,0.7205,0.7087,3.974200002,0.665500003,0.7507,0.5833,4.227799999,2.561999999,1,1.999999999,2,4,1.922480949,2.077654928,2.078617329,2.491321135,4.841152961,5.324677905,5.324694267,8.104991511,574.4730134,1.4448,526.505249,558
-0.191445879,-0.093308673,6.152918258,90.60999993,300.4300002,-7.850000003,14.12128287,0.9238,0.4407,5.6942,4.673199999,0.9415,0.4397,6.225200002,4.757299998,0.8904,0.3333,4.640299999,3.358799998,0.8056,0.5374,4.416600002,3.562099998,0.8414,0.5533,5.0785,3.5175,0.8799,0.5224,5.459500002,4.035400002,1,1,2,1.999999999,1.973726931,1.999222599,2.106271113,2.192763097,4.840762252,4.840325533,5.325058465,5.324961975,784.9591699,1.406,606.5735474,632
-0.223089871,-0.114318853,11.47613609,10.06000038,115.4200001,-6.560000002,14.12127606,0.8839,0.5826,5.083400002,0.608300001,0.8603,0.6635,5.283599999,1.219,0.883,0.6498,5.374200002,0.969299999,0.7896,0.5962,4.306500001,0.550300002,0.7559,0.6563,4.093399998,0.392599997,0.7775,0.7367,4.488199998,0.436500002,2,1.999999999,3,3.000000001,1.98296949,1.983855842,2.010792132,2.01839243,5.324123213,5.324165896,5.744922691,5.745028219,706.6573957,1.4448,623.0068359,661
-0.207623141,-0.084486422,7.219157929,7.610000282,148.3699993,-7.139999999,14.12128039,0.9425,0.4509,5.346899998,3.483700003,0.9533,0.3457,6.057100002,4.9651,0.8257,0.5471,4.5108,1.478300002,0.8703,0.4557,4.838400001,3.377000002,0.7985,0.4694,4.699900003,2.622300003,0.7862,0.5397,4.331400002,0.916600002,1,1.999999999,2,3.000000001,1.921485363,2.014350764,2.092038958,2.138318031,4.841193871,5.324518694,5.324727771,5.744907527,528.9335165,1.4448,509.8599854,503
-0.220757237,-0.089461868,15.56262922,114.4600003,35.72999943,-11.9,14.1212789,0.8823,0.6421,5.164299999,2.581199999,0.9608,0.3998,6.755799998,5.713699998,0.8042,0.6414,4.700200002,1.252699999,0.7213,0.6295,3.795900001,2.9088,0.7518,0.6063,4.381100003,1.882999998,0.7839,0.571,4.744799998,2.348100001,2,1,2,4,1.975851462,2.003785667,2.177917583,2.386653096,5.32450944,4.840860772,5.324939288,8.105004566,582.8957697,1.4448,532.0288086,529
-0.195438739,-0.047440124,4.805927962,78.11000002,4.189999683,-11.5,14.12128075,0.8688,0.6535,5.257400002,1.890699997,0.9346,0.3755,5.844099998,4.280300002,0.8602,0.6262,4.863000002,2.327,0.6592,0.6473,3.153999999,2.014499997,0.6037,0.5884,3.418200001,1.041199997,0.7705,0.582,4.634199999,2.2117,1,1,3,3.000000001,1.967842727,1.99804029,2.092005975,2.144312011,4.841714268,4.840765808,5.744964756,5.744812383,533.9465114,1.4906,481.0299683,476
-0.237533825,-0.093054393,6.729691771,42.78999972,194.999999,-8.089999998,14.12127968,0.7904,0.7109,3.869300002,0.620600001,0.8346,0.6079,4.274599998,1.268299998,0.7347,0.2964,3.3896,2.057999998,0.6861,0.7124,3.468700001,0.669200001,0.7305,0.6481,3.938200001,0.4199,0.7593,0.6505,3.7986,0.622099999,1,1.999999999,2,4,1.910602261,2.054125848,2.09651735,2.491473861,4.841369736,5.324758499,5.324708828,8.104995448,519.1064678,1.4448,487.7514343,485
-0.215333754,-0.091370858,14.62665424,58.20000002,184.8900007,-9.740000001,14.1212795,0.8057,0.6611,5.064300001,2.359500001,0.9302,0.4635,6.589099999,5.377399999,0.9289,0.5032,6.9665,4.330399999,0.7359,0.6461,4.4036,2.625900002,0.8243,0.4937,5.501100001,4.789299997,0.7135,0.5655,3.9838,1.6622,2,1,2,4,1.966445016,1.988354848,2.175889933,2.395508088,5.324508466,4.840962761,5.324946834,8.105005813,607.6941927,1.4448,571.630188,563
-0.208833384,-0.08334096,6.586305263,0.920000104,28.96999987,-10.5,14.12128007,0.9571,0.4608,5.463699999,3.9152,0.9657,0.3888,6.228400001,4.806500002,0.8119,0.6599,4.133999999,1.2838,0.7513,0.5491,4.106700001,2.628000002,0.8353,0.5607,4.438100002,2.456800003,0.8366,0.506,4.914899998,2.8758,1,1.999999999,2,3.000000001,1.92624635,2.005841719,2.099312745,2.201183545,4.841209666,5.324324774,5.324719541,5.744986541,558.070875,1.4448,507.7713623,485
-0.240501786,-0.096840284,4.681335084,50.98999976,213.7299996,-8.619999998,14.1212792,0.8002,0.6461,3.782500001,0.845299998,0.846,0.5512,4.121199998,1.649099999,0.8082,0.7007,3.886299999,0.409700002,0.6955,0.653,3.407400001,0.851900002,0.7498,0.692,3.667700002,0.615299999,0.7737,0.5747,3.834699999,1.277399998,1,1.999999999,2,4,1.913021171,2.049353557,2.096145272,2.480072781,4.841247494,5.324832074,5.324814837,8.104993708,516.7054196,1.4448,484.9754639,484
-0.213517095,-0.081379927,6.53464235,0.130000158,0.21004388,-9.129999999,14.12128141,0.8817,0.5209,5.203600002,2.595300002,0.9236,0.3407,5.681499998,4.074600001,0.8106,0.5856,4.191199999,1.216199999,0.7807,0.5428,4.631600001,2.314999997,0.8333,0.3799,4.7887,3.5589,0.648,0.7374,3.510700001,0.333000002,1,1,2,1.999999999,1.949000257,2.013000248,2.077396688,2.07757551,4.841278451,4.843082698,5.324778366,5.32477705,501.9999035,1.4448,488.1607666,496
-0.235680693,-0.092206413,5.007757593,25.60999992,196.5900006,-7.939999999,14.12127967,0.7906,0.6897,3.831900003,0.980500002,0.8624,0.5417,4.3563,2.135299998,0.8,0.6847,3.968199999,0.575600001,0.6927,0.6933,3.454700001,1.014700003,0.7681,0.5561,3.9032,1.9844,0.7657,0.6941,3.851300002,0.966,1,1.999999999,2,4,1.911190728,2.051449488,2.091186266,2.478545541,4.841096963,5.32475129,5.324697092,8.104997812,522.2393961,1.4448,484.6098938,517
-0.209063996,-0.079578246,14.26000331,115.6300002,493.0199995,-7.019999998,14.12128133,0.9607,0.3308,5.571499999,4.0736,0.9313,0.3939,5.248899999,3.608099997,0.9746,0.3435,5.992800002,4.469699999,0.9173,0.3388,5.244499999,3.991100003,0.8584,0.4037,4.778299999,3.495399997,0.7359,0.6458,4.572400001,1.270999999,1,1,2,1.999999999,1.987210608,2.002616538,2.155835569,2.191700253,4.840216379,4.840255664,5.32535367,5.324870882,472.1129713,1.406,496.6329346,478
-0.209363375,-0.093290266,2.824935175,22.80000027,61.68999934,-9.019999997,14.1212855,0.8258,0.6064,4.134099999,0.320799999,0.9003,0.6478,4.748800002,1.3105,0.8891,0.3647,5.222500001,4.4614,0.7308,0.6124,3.719199999,0.340600002,0.6593,0.725,3.414099999,0.537100003,0.8553,0.6937,4.510100002,0.758400002,1,1.999999999,1,1,1.912013075,2.0300633,2.047478693,2.081238574,4.844262517,5.324504811,4.841267948,4.841111654,690.5154367,1.4448,622.3509521,619
-0.207266507,-0.078064768,10.42466546,38.93999991,84.32999949,-8.930000002,14.12128116,0.9596,0.2616,6.056199998,5.417500003,0.9465,0.3834,6.278699999,4.421299999,0.97,0.2588,6.1418,5.317100002,0.7646,0.4836,4.212400001,3.5297,0.7877,0.5442,4.472600003,2.955299998,0.9527,0.2997,6.485000001,4.998999998,1,1,2,1.999999999,1.997885382,2.015254078,2.168869291,2.175743091,4.840367755,4.840502829,5.324744036,5.324895372,488.1005809,1.4448,475.464386,510
-0.220911013,-0.094455305,16.54416349,119.0800004,40.52000069,-11.8,14.12127888,0.9079,0.5293,5.834800001,3.866600001,0.9498,0.5312,6.475499998,4.6344,0.8251,0.6283,5.029700001,2.096099998,0.7285,0.5342,3.950199998,4.1928,0.7522,0.6204,4.326599998,1.812500003,0.8594,0.5441,5.796,3.697899999,2,1,2,4,1.971036529,2.005501683,2.180313051,2.387242133,5.324479777,4.840850739,5.324949512,8.105004481,584.4618012,1.4448,554.2218018,537
-0.20239907,-0.058866058,10.5828968,20.53999977,91.28999979,-7.78,14.12128248,0.9321,0.6085,5.322,2.2959,0.872,0.6024,4.832700002,1.456199998,0.8792,0.641,5.135,2.136099998,0.7307,0.6137,4.176600002,2.088199999,0.8334,0.6097,4.5196,1.791000002,0.8367,0.6185,4.7489,1.717400003,1,1,2,1.999999999,1.975264539,1.987008304,2.160145828,2.170830947,4.8402646,4.840411401,5.325272491,5.324752364,470.3490455,1.4448,451.2713013,444
-0.208591231,-0.060984669,5.480750037,107.1200002,244.1800006,-9.850000002,14.12128141,0.6878,0.7625,4.010800002,0.727900002,0.9729,0.2597,6.1236,5.406800002,0.8178,0.5851,4.843499997,2.404700002,0.6679,0.7946,3.742,0.537200002,0.55,0.4334,3.084899998,4.071200002,0.6909,0.5923,3.800299999,2.341500001,1,1,3,3.000000001,1.971335842,1.973867523,2.102321098,2.145605975,4.841412137,4.840882418,5.745313146,5.74530061,502.1157704,1.4906,462.1628113,463
-0.20941224,-0.081400266,4.043471957,12.54000038,2.490000458,-10.2,14.1212803,0.9367,0.5306,5.120800001,3.351400002,0.9787,0.3259,6.502499999,5.377399999,0.7716,0.6891,4.076400001,1.042899998,0.7738,0.5744,4.167100002,2.633899998,0.7667,0.601,4.188299998,1.911899997,0.8739,0.4825,5.397800001,3.2573,1,1.999999999,2,3.000000001,1.92645737,1.998720591,2.093994747,2.191680177,4.841149407,5.324319171,5.324703909,5.744931616,543.680807,1.4448,494.504364,482
-0.171220853,-0.043969043,3.236852508,0.02,0.23996457,-7.360000001,14.12128353,0.891,0.5501,4.4598,2.0957,0.9166,0.5672,4.564199999,1.430499999,0.9091,0.1566,4.925599998,4.403100001,0.8466,0.5491,4.306000002,2.113500003,0.8343,0.5681,4.269900002,1.406499998,0.7307,0.6693,3.673000001,1.025399999,1,1,2,1.999999999,1.959176358,1.959176358,2.102028782,2.102028782,4.84041423,4.840414339,5.325590549,5.325590549,534.1581186,1.406,473.5588684,486
-0.191494542,-0.075775834,5.093986017,62.72999962,252.2600006,-8.280000002,14.12128174,0.9301,0.4538,5.451999998,4.335999999,0.9481,0.4382,5.945199999,4.333500002,0.9762,0.3365,5.626300002,4.565199998,0.8851,0.4564,5.1073,4.289099997,0.8237,0.4967,4.385900001,3.652600001,0.7695,0.5555,4.395900001,2.8076,1,1,2,1.999999999,1.972946274,1.98845191,2.127846329,2.191277481,4.840210213,4.840573161,5.3266319,5.324790637,576.956184,1.406,509.4699402,480
-0.213154782,-0.092210442,1.448201739,22.4399999,55.43000061,-9.210000001,14.12128577,0.8229,0.6565,4.421299999,0.576999999,0.93,0.4522,5.949100002,4.311899999,0.8864,0.6476,5.099599998,2.468199998,0.6905,0.65,3.664699999,0.638899998,0.7656,0.6493,4.353199999,1.776999999,0.8643,0.4763,5.313500002,3.840699998,1,1.999999999,1,1,1.906992659,2.030271903,2.060660331,2.086256696,4.84426291,5.324532185,4.84131754,4.840894192,677.2625491,1.4448,619.3973389,589
-0.171757629,-0.040691675,2.969790941,2.440000208,62.80999904,-7.549999998,14.12128243,0.8961,0.5373,4.568499998,2.1833,0.9199,0.5584,4.642399998,1.474499997,0.9073,0.1978,4.860000002,4.242900002,0.8508,0.5347,4.394899998,2.205999999,0.8183,0.5615,4.294099998,1.4019,0.7401,0.6643,3.664800001,0.991299999,1,1,2,1.999999999,1.963202231,1.963202231,2.143543561,2.143543561,4.840399134,4.840398668,5.325641781,5.325641733,506.2939693,1.406,468.6231995,474
-0.208714871,-0.083881578,5.957366782,6.939999914,7.619999147,-10.6,14.12128011,0.9489,0.5092,5.281499998,3.623500002,0.9736,0.3426,6.410900001,5.256900002,0.8051,0.682,4.122099998,1.233500002,0.7808,0.5579,4.251099999,2.841200003,0.7893,0.6075,4.175099998,1.976400001,0.8304,0.5264,4.8664,2.543200002,1,1.999999999,2,3.000000001,1.926189243,2.00241654,2.096454388,2.204113881,4.841205875,5.32432638,5.324697871,5.744951898,556.4330846,1.4448,505.1299133,488
-0.189041081,-0.072614679,5.499798916,76.82999989,278.5700003,-8.199999999,14.12128214,0.9262,0.4596,5.258499999,4.128700002,0.9517,0.4187,6.034300001,4.599899997,0.9022,0.2877,3.822999998,1.935400001,0.8844,0.4601,4.977200002,4.117699998,0.8443,0.4559,4.562699998,4.061600001,0.7666,0.5496,4.296299999,2.460100002,1,1,2,1.999999999,1.976630213,1.982397538,2.098048855,2.194202133,4.840252269,4.840554829,5.326615666,5.324892741,576.7763783,1.406,505.6075745,476
-0.230020067,-0.103235699,17.7063429,780.4899999,20.90000021,-8.280000002,14.12128032,0.8506,0.5173,4.664699999,2.647100001,0.8517,0.5999,5.081400002,1.471499998,0.8073,0.3177,4.1643,3.232099998,0.7551,0.6093,4.477299998,1.528999999,0.81,0.5146,4.429800003,2.777300003,0.7828,0.3159,4.0591,3.220000001,2,1,2,4,1.925360486,2.020692208,2.181524467,2.371319042,5.324572465,4.840931163,5.325044932,8.104999163,594.6700295,1.4448,558.6047974,563
-0.202708488,-0.077738513,8.774484471,104.6,338.3799997,-6.879999999,14.12127641,0.8399,0.5462,4.660800001,2.704699997,0.8213,0.5696,4.3646,2.264899998,0.8748,0.6144,5.218300001,2.403300002,0.7063,0.5592,3.616300002,2.575500002,0.7081,0.5783,3.461100002,2.067899997,0.7072,0.6275,3.664199999,2.243599998,2,1.999999999,3,3.000000001,1.967640719,1.977725461,2.018331241,2.022711794,5.324555954,5.324518158,5.745100698,5.745068618,617.1180585,1.5011,539.569458,546
-0.177223805,-0.043881126,9.769971057,36.96999975,105.7600009,-9.379999999,14.12128081,0.9868,0.3993,6.186299998,3.468999999,0.9592,0.4328,5.791500001,3.202000002,0.9721,0.3703,6.175499999,3.964399998,0.755,0.5041,4.569600002,2.580100002,0.9201,0.4191,5.811100001,3.329499998,0.9233,0.507,5.553899999,2.809699998,1,1,2,1.999999999,1.987471509,2.004688504,2.178842583,2.187365082,4.84028792,4.840274927,5.324777538,5.324847851,495.6411568,1.406,473.509613,446
-0.204344547,-0.092466998,9.513009992,54.08000034,463.6400005,-6.430000002,14.12128183,0.9538,0.3274,5.245099999,3.931599997,0.9213,0.4327,5.010600003,3.225300001,0.8906,0.3149,5.236000001,1.0447,0.9217,0.3359,5.0015,3.811099999,0.853,0.4321,4.725900002,3.199000001,0.8572,0.3588,4.8944,1.0944,1,1,2,1.999999999,1.971336095,1.992324522,2.171083831,2.171572241,4.840183018,4.840431461,5.325175632,5.325316977,581.7799656,1.4448,565.1914673,496
-0.190917989,-0.074614878,4.725044124,60.03000012,247.8000005,-8.140000002,14.12128192,0.9302,0.453,5.371100001,4.230399998,0.9462,0.439,5.847600001,4.3472,0.9769,0.3352,5.534600001,4.117700002,0.8872,0.4538,5.073700002,4.212600001,0.828,0.476,4.352900001,3.781500001,0.7701,0.5517,4.2959,2.508099999,1,1,2,1.999999999,1.972779004,1.988241686,2.130634647,2.188106259,4.840221834,4.84058707,5.326659312,5.324786742,573.428966,1.406,493.7573547,468
-0.215080207,-0.095046853,11.0859851,40.13999977,214.9500006,-8.229999997,14.12128474,0.8316,0.6053,4.202900003,2.000299999,0.9202,0.4001,6.002099998,4.5278,0.8654,0.4991,4.473999999,2.527399999,0.6776,0.6154,3.472900002,1.887099997,0.8169,0.6673,4.167000002,1.658400003,0.8819,0.4094,5.6685,4.344400002,1,1,2,1.999999999,1.969709623,1.978067997,2.019729932,2.173254242,4.841236991,4.842612226,5.324662661,5.325012023,680.4849011,1.4448,590.2175293,616
