HOMO,LUMO,dipolemoment,H_T1_S1,H_T1_S0,f,emission_energy,density_Pt,CT_S1,R_EH _S1a,LAMBDA_S1,R_EH _S1b,CT_S2,R_EH _S2a,LAMBDA_S2,R_EH _S2b,CT_S3,R_EH _S3a,LAMBDA_S3,R_EH _S3b,CT_T1,R_EH _T1a,LAMBDA_T1,R_EH _T1b,CT_T2,R_EH _T2a,LAMBDA_T2,R_EH _T2b,CT_T3,R_EH _T3a,LAMBDA_T3,R_EH _T3b,coor_bond_type (1),coor_bond_type (2),coor_bond_type (3),coor_bond_type (4),coor_bond_length (1),coor_bond_length (2),coor_bond_length (3),coor_bond_length (4),density_coor (1),density_coor (2),density_coor (3),density_coor (4),Calc_Kr,refractive index,Exp. Kr
-0.207990269,-0.090797928,28.06062948,0.755874856,1.253822439,-5.47,2.47945,6.132792752,0.9898,0.164,5.8335,4.1854,0.9586,0.3218,5.3351,3.4421,0.9697,0.3305,5.4763,3.3105,0.9751,0.1741,5.7158,4.0949,0.8963,0.336,5.01,3.253,0.7091,0.5938,3.5409,0.7304,2,2,2,2,2.011238424,2.02512691,2.03091925,2.051585728,2.312488362,2.312485676,2.312428527,2.312379409,3.346872283,1.4448,5.481442629
-0.227261653,-0.084086127,7.0755972,1.414304688,2.335538132,-3.757210191,2.32437,6.132794073,0.7677,0.6923,3.5855,0.884,0.807,0.2969,3.4783,2.4349,0.986,0.0885,5.1376,4.7267,0.6835,0.6972,3.3282,0.8793,0.7358,0.6978,3.5287,1.1075,0.7565,0.2971,3.3638,2.41,1,2,2,4,1.975492344,2.034609791,2.07951653,2.500459558,2.102427188,2.312503949,2.312500883,3.519957024,4.82413758,1.4448,3.045322979
-0.221326394,-0.07551307,3.71047599,1.845841907,2.484314078,-4.18,2.40307,6.132792976,0.7714,0.665,3.595,1.0567,0.8204,0.2808,3.4699,2.4613,0.8851,0.549,4.6071,2.7653,0.6864,0.6676,3.384,1.0646,0.7972,0.5586,3.9514,2.6454,0.5363,0.5517,2.6119,1.4932,1,2,3,3,1.972103446,2.00202023,2.051478004,2.137655258,2.102496581,2.312530596,2.495177183,2.495192014,4.396010609,1.406,6.301029996
-0.187216047,-0.085460467,3.40377515,0.811575006,1.868938178,-3.697885623,2.05132,6.132794425,0.9577,0.3067,7.4558,6.646,0.9733,0.2873,7.8488,6.7605,0.89,0.2161,4.6893,3.684,0.9096,0.319,6.8634,6.4298,0.9565,0.3001,7.6755,6.539,0.6782,0.6318,3.8866,1.8451,1,1,2,2,1.96226196,2.029072941,2.060416463,2.088384064,2.102570422,2.103195214,2.312539985,2.312521714,4.701846088,1.4448,4.31202538
-0.224581771,-0.122248371,11.85678825,2.911530462,2.92681559,-4.51,0.46579,6.132784474,0.6025,0.6686,2.5466,0.1807,0.51,0.6098,2.1909,0.3318,0.5902,0.5698,2.3884,0.9007,0.5368,0.6645,2.2923,0.1664,0.4699,0.579,2.0335,0.9314,0.491,0.606,2.1496,0.3334,1,4,2,2,2.05797619,2.42963454,2.538896217,2.542935508,2.102287647,3.519962001,2.312993875,2.312974524,2.520223185,1.4448,5
-0.203538398,-0.090604057,11.6870172,1.824516328,2.358810172,-3.05487623,2.28372,6.132795284,0.9726,0.3028,6.4221,5.2302,0.9563,0.3563,6.1922,4.7207,0.9548,0.3972,6.6879,5.333,0.9387,0.3138,6.0895,5.126,0.8872,0.3839,5.6862,4.392,0.7991,0.4605,5.0899,3.8242,1,1,2,2,1.97044056,1.982433605,2.14836077,2.153747664,2.102075591,2.102171918,2.312653655,2.312734238,5.532164694,1.4448,5.375663614
-0.208480675,-0.096801022,15.73827553,1.562649672,2.363028769,-4.13,1.66142,6.132793345,0.8066,0.6605,4.7996,2.2205,0.9356,0.4547,6.1137,4.7584,0.8985,0.5575,6.091,3.6993,0.6968,0.6478,3.9552,2.4127,0.8594,0.4903,5.2158,4.4388,0.7113,0.6093,4.2605,0.3111,2,1,2,4,1.979340547,1.981893539,2.163956793,2.395543362,2.312377272,2.102476241,2.31258105,3.519962806,4.31052357,1.4448,3.865103975
-0.209032679,-0.087001257,1.20156092,1.98971672,2.119321886,-3.509760515,1.86197,6.132793914,0.8551,0.7065,4.2763,0.1787,0.8594,0.6736,4.3711,1.5327,0.9058,0.6647,4.745,1.8282,0.7006,0.7068,3.5165,0.2455,0.702,0.6923,3.5462,0.4063,0.7705,0.6601,3.8982,0.8409,1,2,2,1,2.050409959,2.058645428,2.079550432,2.09043273,2.102571039,2.312480664,2.312469243,2.102495141,5.000342266,1.4072,4.639486489
-0.23489738,-0.104166226,20.31924521,2.417587932,1.728191399,-3.648010545,2.18833,6.132793495,0.8852,0.5443,5.2715,3.4168,0.8672,0.6635,4.8102,1.6304,0.8919,0.5717,5.295,2.236,0.7182,0.6038,4.0385,2.3346,0.8294,0.6018,4.8102,2.4609,0.7747,0.6226,4.2918,1.5285,2,1,2,4,1.967807409,2.004895259,2.178445547,2.379865122,2.312386982,2.102361695,2.312602596,3.519959671,4.714362959,1.4448,4.86352335
-0.215659456,-0.077061477,8.94837842,1.656098202,1.888067113,-4.65,2.30195,6.132795559,0.8151,0.6388,4.0928,1.1553,0.9567,0.2428,6.6026,5.8291,0.9356,0.3242,4.0624,2.7164,0.7087,0.6582,3.7684,1.0435,0.751,0.6462,3.9515,1.7946,0.8134,0.4549,3.92,1.9487,1,2,1,1,1.922102495,2.0394563,2.040499204,2.111741225,2.103903529,2.312503949,2.10248756,2.102348931,3.842913149,1.406,4.290564562
-0.215915618,-0.084994949,2.12837307,0.86569606,1.402089351,-3.37923951,2.46993,6.132794614,0.8893,0.505,5.4067,3.1857,0.9459,0.2845,6.068,4.6731,0.8488,0.2717,4.461,2.6498,0.784,0.5272,4.8243,2.8855,0.8757,0.3257,5.3307,4.1862,0.6335,0.7355,3.3337,0.5443,1,1,2,2,1.952296084,2.005000998,2.078492001,2.078492001,2.102576183,2.103303207,2.312520318,2.312519451,5.178798957,1.4448,5.231949077
-0.195215063,-0.099439386,12.81778385,1.384174139,2.202815141,-3.034422042,1.95899,6.132793687,0.9896,0.1061,6.5577,5.8463,0.9928,0.0912,6.8536,6.0717,0.8385,0.6714,4.344,1.7767,0.9733,0.1292,6.4053,5.6466,0.7542,0.6238,4.0176,1.9756,0.9797,0.1177,6.7501,5.7315,1,2,2,3,1.921749463,2.045679594,2.079037758,2.235892216,2.102522477,2.312483265,2.312458372,2.494859625,5.279681454,1.4448,4.012589127
-0.200249962,-0.099958568,14.46500693,1.610873,2.41594108,-2.859491957,1.78603,6.132796669,0.9616,0.3622,5.4593,4.1703,0.9495,0.4971,5.7438,4.0031,0.9578,0.3688,4.7939,3.3692,0.9321,0.3687,5.2099,4.1269,0.8316,0.4937,4.8711,3.8509,0.9014,0.4474,4.9766,3.721,1,1,2,2,1.944039351,2.015360514,2.087415148,2.134912879,2.102253913,2.102367219,2.312392397,2.312643211,5.337376723,1.4448,3.071882007
-0.201153371,-0.067640927,18.33386783,1.599992178,1.629409599,-4.74,2.0117,6.132795067,0.8537,0.7138,4.6054,1.1701,0.894,0.4712,6.1641,2.3848,0.9436,0.4445,7.6514,0.8901,0.7087,0.6807,3.2969,1.3834,0.7257,0.6242,3.5021,1.3592,0.758,0.5846,4.723,4.2042,1,1,3,3,1.943181155,1.948720093,2.080460045,2.081448774,2.102478505,2.102478951,2.494980749,2.494854914,3.611398845,1.4305,3.501230118
-0.208582078,-0.065050752,12.74508773,0.727541257,1.685024785,-2.750312572,2.52423,6.13279655,0.8739,0.6176,3.833,0.5187,0.8756,0.657,3.4882,0.3189,0.8776,0.6919,3.9464,0.5189,0.8093,0.6191,3.634,0.4932,0.7091,0.6884,3.3221,0.2202,0.7849,0.6448,4.0415,1.4971,1,1,1,1,2.00625148,2.00625148,2.069543186,2.069543186,2.102222099,2.102222167,2.102848968,2.102847906,5.910555246,1.4448,5.382017043
-0.202708488,-0.077738513,8.77448447,2.019531685,2.529404686,-2.986320303,2.00934,6.13279242,0.8399,0.5462,4.6608,2.7047,0.8213,0.5696,4.3646,2.2649,0.8748,0.6144,5.2183,2.4033,0.7063,0.5592,3.6163,2.5755,0.7081,0.5783,3.4611,2.0679,0.7072,0.6275,3.6642,2.2436,2,2,3,3,1.967640719,1.977725461,2.018331241,2.022711794,2.31242527,2.312408855,2.495065531,2.495051599,5.296692878,1.5011,4.840106094
-0.224888043,-0.089938602,7.78369081,2.088277876,1.553640336,-3.951946827,2.1585,6.13279344,0.9211,0.6633,5.1389,1.9691,0.8852,0.5481,5.2376,3.206,0.8708,0.6516,5.2034,1.8415,0.7134,0.6612,3.5798,2.3311,0.7205,0.7087,3.9742,0.6655,0.7507,0.5833,4.2278,2.562,1,2,2,4,1.922480949,2.077654928,2.078617329,2.491321135,2.102486017,2.312478232,2.312485338,3.519953089,4.381315288,1.4448,3.698970004
-0.189041081,-0.072614679,5.49979891,1.885530833,2.444934344,-3.56035157,2.14988,6.132794912,0.9262,0.4596,5.2585,4.1287,0.9517,0.4187,6.0343,4.5999,0.9022,0.2877,3.823,1.9354,0.8844,0.4601,4.9772,4.1177,0.8443,0.4559,4.5627,4.0616,0.7666,0.5496,4.2963,2.4601,1,1,2,2,1.976630213,1.982397538,2.098048855,2.194202133,2.102094851,2.102226251,2.313319791,2.312571535,4.927037693,1.406,5.853871964
-0.230466699,-0.091656486,12.76140201,1.383815366,2.304145713,-3.336864685,2.3457,6.132796362,0.828,0.639,4.0473,1.1628,0.8633,0.5788,4.3807,2.2241,0.846,0.5857,3.5437,1.5255,0.7241,0.6368,3.6354,1.1727,0.7627,0.5845,3.8944,1.8204,0.7878,0.6005,3.8558,1.3147,1,1,2,2,1.992983191,2.028991375,2.06924624,2.098054813,2.102434735,2.102395798,2.312553307,2.312533345,5.424323401,1.4448,6.257678575
-0.220757237,-0.089461868,15.56262923,2.058653742,1.553033016,-5.18,2.12731,6.132793502,0.8823,0.6421,5.1643,2.5812,0.9608,0.3998,6.7558,5.7137,0.8042,0.6414,4.7002,1.2527,0.7213,0.6295,3.7959,2.9088,0.7518,0.6063,4.3811,1.883,0.7839,0.571,4.7448,2.3481,2,1,2,4,1.975851462,2.003785667,2.177917583,2.386653096,2.312405069,2.102359121,2.312591749,3.519958758,3.397398522,1.4448,4.560667306
-0.196545813,-0.08619921,8.51520844,-0.13076828,2.246424715,-3.418164076,2.28881,6.132793801,0.9868,0.1018,5.7922,4.607,0.9978,0.0527,6.5838,5.598,0.8425,0.5175,4.4069,0.5147,0.9852,0.1022,5.7803,4.603,0.9969,0.0536,6.5723,5.59,0.6738,0.6438,3.3824,0.1813,1,2,2,3,1.920407509,2.054182562,2.054182562,2.233068293,2.102485811,2.312511943,2.312511901,2.494883916,5.179295172,1.4448,5.054357662
-0.210534594,-0.089402428,5.15274368,1.709948017,1.451479405,-3.415103656,2.13239,6.132794139,0.9706,0.4206,6.4475,5.108,0.9359,0.5736,6.0233,3.4933,0.9101,0.4754,5.6169,3.8636,0.744,0.544,3.9392,3.8546,0.8617,0.524,5.2746,2.8671,0.7451,0.5634,4.3841,2.4638,1,2,2,3,1.91838187,2.013822981,2.084522247,2.138929639,2.102492808,2.312322436,2.31249568,2.494896756,4.901502744,1.4448,4.465382851
-0.192785228,-0.057872679,1.69769302,2.104145551,2.027431158,-3.602059991,2.30144,6.132795291,0.8226,0.6125,4.0038,0.993,0.8944,0.5668,4.3664,1.2063,0.7947,0.3078,3.4461,1.1591,0.7482,0.6122,3.6256,0.9519,0.74,0.5971,3.4498,0.6077,0.7184,0.6851,3.6948,0.6588,1,1,2,2,1.95376278,1.978912328,2.108718094,2.139895558,2.102334383,2.102311427,2.312662851,2.312658983,5.024274318,1.406,5.463040044
-0.213154782,-0.092210442,1.44820173,1.351022853,1.743744879,-3.998266287,1.8309,6.132796485,0.8229,0.6565,4.4213,0.577,0.93,0.4522,5.9491,4.3119,0.8864,0.6476,5.0996,2.4682,0.6905,0.65,3.6647,0.6389,0.7656,0.6493,4.3532,1.777,0.8643,0.4763,5.3135,3.8407,1,2,1,1,1.906992659,2.030271903,2.060660331,2.086256696,2.103836651,2.312414947,2.102557493,2.102373634,4.418704783,1.4448,4.216316261
-0.208644559,-0.098210174,15.18480681,1.029383778,0.828659897,-3.646853454,2.07626,6.132796541,0.918,0.4354,6.7111,5.1958,0.8877,0.2271,5.4182,4.2394,0.9571,0.3402,6.3903,4.5945,0.854,0.4451,6.133,4.8481,0.7853,0.5101,4.623,2.6359,0.8676,0.4161,5.5423,3.729,1,2,1,2,1.924149163,1.991097436,2.02636892,2.178057391,2.10315751,2.312486396,2.102370341,2.312614775,4.902463886,1.4448,4.88729572
-0.197023222,-0.099775718,10.61775875,1.075911761,2.32594646,-3.176982477,1.97777,6.132793765,0.9864,0.1081,6.3981,5.2031,0.9975,0.0745,6.899,5.662,0.8135,0.696,4.3239,0.4343,0.9823,0.1111,6.3617,5.1758,0.9857,0.0978,6.7852,5.4683,0.728,0.6921,3.7726,0.2886,1,2,2,3,1.921406256,2.050060975,2.058883435,2.234397682,2.102506665,2.31247931,2.312468228,2.49488746,5.33348138,1.4448,4.065501549
-0.245879355,-0.103680361,26.25980102,1.825620825,2.045909467,-3.736600669,2.35147,6.13279215,0.8506,0.5898,4.6216,1.268,0.9181,0.572,5.1068,1.6663,0.9218,0.4496,5.3157,2.2778,0.6913,0.5803,3.4946,1.1704,0.7645,0.5607,4.0757,1.0264,0.6151,0.6118,3.2076,2.3621,2,2,2,2,1.998330053,2.023137662,2.032018209,2.054733316,2.312638116,2.312574981,2.312439314,2.312389415,4.740749819,1.4448,4.717670503
-0.218264696,-0.072015822,14.71033163,1.686725621,2.241347217,-3.552686891,2.36141,6.132793325,0.7642,0.7608,3.5859,0.9849,0.8205,0.6262,3.9364,0.7243,0.7994,0.2586,3.3472,2.3534,0.6867,0.7647,3.3282,0.978,0.7716,0.6543,3.8149,1.9774,0.7168,0.6252,3.5875,1.6208,1,2,2,4,1.944000257,2.034958722,2.068901641,2.493009827,2.102464922,2.312471887,2.312426306,3.519950921,4.895240347,1.4448,4.706717782
-0.201427195,-0.099564414,14.04235397,0.95230801,2.550973965,-3.337998121,1.76897,6.132791877,0.9222,0.4293,5.1123,3.1303,0.9454,0.4202,5.4723,3.221,0.7692,0.3207,3.7621,2.7657,0.8854,0.4327,4.8692,3.1007,0.8911,0.427,5.0396,3.1742,0.6938,0.5839,3.751,1.9593,2,2,3,3,1.995022306,1.995992485,2.008949477,2.009533279,2.312386813,2.312375622,2.495047126,2.495041778,4.967080647,1.4969,5.134698574
-0.206302415,-0.07969944,9.25411474,2.167937313,3.302806963,-4.43,1.83581,6.132793825,0.5089,0.5483,1.9909,0.0987,0.503,0.6227,2.0219,0.2739,0.9101,0.4656,6.1448,3.75,0.4907,0.5484,1.939,0.1016,0.5021,0.6207,2.0126,0.2662,0.7315,0.5249,4.7475,2.5662,1,1,2,1,2.073003859,2.081240015,2.61490822,2.893265629,2.101978418,2.102024295,2.312658539,2.102206413,3.810073537,1.4448,5.076388346
-0.208591231,-0.060984669,5.48075003,2.029870564,2.387710089,-4.28,2.46955,6.132794595,0.6878,0.7625,4.0108,0.7279,0.9729,0.2597,6.1236,5.4068,0.8178,0.5851,4.8435,2.4047,0.6679,0.7946,3.742,0.5372,0.55,0.4334,3.0849,4.0712,0.6909,0.5923,3.8003,2.3415,1,1,3,3,1.971335842,1.973867523,2.102321098,2.145605975,2.102598576,2.102368522,2.495157796,2.495152352,4.324838969,1.4906,4.592514673
-0.237748752,-0.089882084,7.34853431,1.495821753,2.294333934,-3.365724305,2.43227,6.13279387,0.7701,0.7101,3.722,0.6134,0.8635,0.5694,4.4413,0.6334,0.8106,0.6122,3.9757,0.65,0.6787,0.7078,3.3818,0.6731,0.7678,0.6303,3.9824,0.9474,0.7074,0.6562,3.4893,1.4394,1,2,2,4,1.917031559,2.047077185,2.087689872,2.48516921,2.102503235,2.312516744,2.312483265,3.519955606,5.181360455,1.4448,5.184691431
-0.171220853,-0.043969043,3.2368525,-1.698970004,-0.619788758,-3.196679476,2.32141,6.132795516,0.891,0.5501,4.4598,2.0957,0.9166,0.5672,4.5642,1.4305,0.9091,0.1566,4.9256,4.4031,0.8466,0.5491,4.306,2.1135,0.8343,0.5681,4.2699,1.4065,0.7307,0.6693,3.673,1.0254,1,1,2,2,1.959176358,1.959176358,2.102028782,2.102028782,2.10216519,2.102165225,2.312874588,2.312874588,5.261589488,1.406,5.043465694
-0.206756727,-0.083662277,8.32372646,0.876217841,2.257870486,-3.056653902,2.33204,6.132793997,0.9415,0.4617,5.3678,3.402,0.9317,0.3893,5.7849,4.4581,0.8463,0.5406,4.8183,1.872,0.8689,0.4662,4.8528,3.2635,0.7519,0.5676,4.0743,1.5766,0.829,0.4528,4.7924,3.4314,1,2,2,3,1.918945023,2.016047122,2.098243551,2.124310241,2.102496547,2.312409003,2.312482145,2.494975872,5.41500835,1.4448,5.285557309
-0.223089871,-0.114318853,11.4761361,1.002597981,2.06228107,-2.847100404,1.75474,6.13279227,0.8839,0.5826,5.0834,0.6083,0.8603,0.6635,5.2836,1.219,0.883,0.6498,5.3742,0.9693,0.7896,0.5962,4.3065,0.5503,0.7559,0.6563,4.0934,0.3926,0.7775,0.7367,4.4882,0.4365,2,2,3,3,1.98296949,1.983855842,2.010792132,2.01839243,2.312237332,2.312255869,2.494988223,2.495034054,5.279077498,1.4448,4.31386722
-0.217741422,-0.099852075,8.04374548,-1.698970004,-1,-2.76700389,1.97286,6.132792359,0.8751,0.5652,4.7847,0.9205,0.8333,0.6655,4.8096,0.3639,0.8841,0.6431,5.1289,1.4211,0.7861,0.5751,4.1833,0.9298,0.7173,0.662,3.8506,0.6908,0.772,0.7256,4.2005,0.6605,2,2,3,3,1.984001008,1.984001008,2.012380928,2.012380928,2.312220911,2.312220911,2.495020051,2.495020037,5.460599481,1.4448,4.745074792
-0.221703564,-0.100455359,18.6856941,0.556302501,0.989449818,-3.540306024,2.24375,6.132796655,0.8953,0.5069,6.3092,4.3712,0.8626,0.4758,5.0265,3.0509,0.8698,0.2505,5.27,3.9977,0.8062,0.5188,5.5714,3.8407,0.7844,0.5157,4.5442,2.5447,0.7466,0.5645,4.4321,2.1239,1,2,1,2,1.925454232,1.97796006,2.025607069,2.176206332,2.103285781,2.312478084,2.102367939,2.312595957,4.987633881,1.4448,5.255272505
-0.196663603,-0.082652646,4.96662555,2.178055612,2.163548965,-4.3,1.94778,6.132794034,0.9211,0.4374,5.4749,4.3374,0.9291,0.4466,5.8535,4.1378,0.8632,0.2082,3.7931,2.8095,0.6739,0.6816,3.3983,1.8869,0.8465,0.4753,4.9151,4.0341,0.8774,0.4583,5.2175,4.1119,1,1,2,2,1.990121604,1.994851624,2.1975996,2.344007253,2.102324707,2.102058802,2.312558065,2.312796969,4.146192247,1.406,5.072550667
-0.191461256,-0.116609677,3.40757003,1.968436248,2.523746467,-3.185552621,1.24618,6.132794373,0.971,0.2848,5.9522,4.5482,0.9408,0.3702,5.3985,4.1218,0.9497,0.3564,5.3241,3.7538,0.9559,0.2881,5.776,4.5323,0.8972,0.3715,5.0129,4.1029,0.9205,0.3784,5.4662,3.8892,1,1,2,2,1.982253516,1.998327801,2.173168194,2.190175564,2.102089118,2.102125096,2.312809163,2.31261765,4.902585789,1.406,5.431798276
-0.208731602,-0.080707325,4.17634697,1.293362555,1.007747778,-4.62,2.26253,6.132793646,0.9389,0.5459,5.1561,2.9083,0.8102,0.6609,4.1847,0.9527,0.8934,0.5099,5.0065,1.2952,0.7604,0.5762,4.1692,2.1523,0.8039,0.6255,4.2143,1.5203,0.745,0.6109,3.7809,0.7954,1,2,2,3,1.96196738,2.005093763,2.070514429,2.173331774,2.102318153,2.312321547,2.31239409,2.494989293,3.764812302,1.4448,4.23299611
-0.191484528,-0.075303534,9.5697321,1.526339277,2.384156207,-3.463946845,1.96107,6.132792228,0.866,0.512,5.6706,2.9733,0.8944,0.3839,6.4225,4.4384,0.9373,0.382,7.5562,2.2467,0.7556,0.5171,4.404,2.8783,0.7288,0.4792,3.8404,5.0882,0.7764,0.4699,5.1603,1.1722,2,2,3,3,1.97102968,1.976836614,2.042601772,2.04522346,2.312380763,2.312369889,2.494700265,2.49498921,4.778951618,1.4448,4.428134794
-0.215080207,-0.095046853,11.08598511,1.603577368,2.332337449,-3.575445023,1.82223,6.132796039,0.8316,0.6053,4.2029,2.0003,0.9202,0.4001,6.0021,4.5278,0.8654,0.4991,4.474,2.5274,0.6776,0.6154,3.4729,1.8871,0.8169,0.6673,4.167,1.6584,0.8819,0.4094,5.6685,4.3444,1,1,2,2,1.969709623,1.978067997,2.019729932,2.173254242,2.102522511,2.103119767,2.312471612,2.312623337,4.767109454,1.4448,4.647817482
-0.241793879,-0.083582567,11.86465832,2.510826406,-0.017728767,-3.05764465,2.68921,6.132793737,0.8513,0.543,4.1187,1.278,0.7809,0.649,4.0898,0.2501,0.7703,0.6848,3.8406,0.3319,0.6704,0.761,3.4825,0.7824,0.7274,0.5784,3.5486,0.7942,0.7398,0.6748,3.8974,0.2699,1,2,2,4,1.928,2.061728644,2.062715201,2.487,2.102500423,2.312414587,2.312414249,3.519955267,5.468408893,1.4448,4.959163746
-0.206185853,-0.098690503,9.01741482,1.636086515,2.389343311,-3.265920593,2.05075,6.132795379,0.9694,0.3158,5.4237,4.1378,0.9531,0.3754,5.2623,3.6634,0.9658,0.3402,5.8127,4.6313,0.9402,0.3214,5.1798,4.0918,0.9162,0.3771,5.1341,3.6487,0.8866,0.3667,5.2652,4.1951,1,1,2,2,1.967514676,1.982948814,2.146892871,2.156862073,2.102079505,2.102163371,2.312727876,2.312755502,5.272703329,1.4448,4.263241435
-0.207158818,-0.084469589,3.65206085,0.655138435,2.340483775,-2.662341109,2.3286,6.132793956,0.9353,0.4776,5.3569,2.8314,0.8325,0.5802,4.509,1.8944,0.9156,0.4836,6.2113,4.225,0.8713,0.4829,4.8699,2.7436,0.7339,0.56,4.3572,2.3149,0.7972,0.5574,4.2234,2.0261,1,2,2,3,1.953099076,2.013799146,2.076444317,2.085209342,2.102329579,2.312383936,2.312424,2.494968995,5.777289618,1.4448,4.745855195
-0.206335032,-0.093927345,7.54907374,1.40277707,2.051036695,-3.248259126,1.83262,6.132792035,0.8799,0.5999,5.0247,1.1691,0.8711,0.627,5.3127,1.7561,0.8915,0.613,5.4041,2.3981,0.7779,0.6058,4.2015,1.1864,0.7549,0.6269,4.2048,1.2135,0.764,0.739,4.2861,0.5937,2,2,3,3,1.976211021,1.987684834,2.026845332,2.034475854,2.312202224,2.312199875,2.494753354,2.494909804,4.917073806,1.4448,4.037426498
-0.227644334,-0.115388278,16.54478997,2.201315174,2.450618563,-3.126330707,1.75855,6.132793369,0.8793,0.5803,4.6794,2.6634,0.8748,0.4888,4.1812,2.3164,0.8937,0.4839,4.6336,2.0408,0.8109,0.5788,4.2241,2.5811,0.8184,0.4873,4.2864,2.028,0.8026,0.5082,4.16,2.1886,2,1,2,4,1.989380808,2.002195295,2.132965307,2.387050691,2.312407543,2.102405095,2.312657016,3.519963852,5.041282225,1.4448,3.698970004
-0.230846407,-0.116533334,13.10507658,1.29710365,0.871572936,-4.28,1.85311,6.132794259,0.8338,0.5889,6.3302,4.0985,0.7987,0.2742,5.4461,4.5933,0.919,0.341,5.934,4.3204,0.7495,0.5853,5.0164,4.5387,0.7733,0.2778,5.2948,4.3975,0.7288,0.5867,4.5786,0.2107,1,1,2,2,1.962949057,2.029414448,2.087891281,2.088060104,2.102560476,2.103452211,2.312487686,2.312489103,4.028267147,1.4448,4.081670047
-0.226120447,-0.10229907,18.69684113,2.709897199,1.773932647,-3.891434976,2.08138,6.132793878,0.8505,0.5244,5.5121,2.5173,0.8498,0.6237,5.9675,0.9787,0.8065,0.2799,5.1208,4.6185,0.7551,0.6672,5.076,1.7153,0.8096,0.4876,5.0498,3.5687,0.7318,0.6032,4.3791,0.5179,2,1,2,4,1.942199526,2.014611873,2.183042602,2.375745357,2.312405449,2.102386226,2.312603146,3.519957246,4.666152833,1.4448,4.551523927
-0.204905691,-0.081364766,8.9819285,1.902057311,2.36685237,-2.922632095,2.28747,6.132795462,0.9085,0.4533,5.1489,3.6927,0.9365,0.3546,6.0104,4.5555,0.9836,0.2528,6.5263,5.405,0.8301,0.4711,4.5706,3.4557,0.7399,0.579,4.0713,2.2229,0.8521,0.4089,5.2655,3.7717,1,1,2,2,1.966460272,2.012613723,2.130911777,2.197547042,2.102325942,2.102121491,2.312617523,2.312484598,5.549441408,1.4448,5.049218023
-0.21597712,-0.094839157,15.8383216,1.444669231,2.202379321,-3.403402904,1.82999,6.132795978,0.8186,0.6288,4.595,1.743,0.9065,0.4854,5.6801,2.881,0.9224,0.4906,5.982,2.8107,0.6665,0.6182,3.6358,2.0215,0.8304,0.5216,4.6909,3.6801,0.8143,0.5056,5.3265,3.321,1,1,2,2,1.966424674,1.975964575,2.02010569,2.16356858,2.103238565,2.102513422,2.312429479,2.312569188,4.833446683,1.4448,4.880024683
-0.209744821,-0.093109932,5.34621005,0.713490543,2.063671054,-3.04272802,1.92481,6.132792224,0.8748,0.6109,5.0049,0.7899,0.8481,0.6641,5.2271,1.4706,0.888,0.6423,5.3252,1.907,0.7639,0.6212,4.1912,0.801,0.745,0.6578,4.198,0.9036,0.7871,0.6988,4.366,0.8777,2,2,3,3,1.98287342,1.985693833,2.016045882,2.027447163,2.312201631,2.312181547,2.495050599,2.495037041,5.163858536,1.4448,4.501059262
-0.209363375,-0.093290266,2.82493518,1.357934847,1.79021477,-3.919373513,1.79576,6.13279637,0.8258,0.6064,4.1341,0.3208,0.9003,0.6478,4.7488,1.3105,0.8891,0.3647,5.2225,4.4614,0.7308,0.6124,3.7192,0.3406,0.6593,0.725,3.4141,0.5371,0.8553,0.6937,4.5101,0.7584,1,2,1,1,1.912013075,2.0300633,2.047478693,2.081238574,2.10383648,2.312403059,2.102535955,2.102468077,4.516316159,1.4448,4.093530273
-0.232934608,-0.089994252,22.27170253,1.860637417,1.981138783,-3.385735713,2.39489,6.132792768,0.8476,0.5566,4.4622,1.0216,0.9578,0.4977,5.585,1.9902,0.8912,0.5191,4.7679,0.6521,0.6912,0.5408,3.4694,1.1629,0.7227,0.5369,3.7463,1.2144,0.6536,0.6533,3.5037,1.4024,2,2,2,2,2.009796507,2.021304777,2.024236646,2.051777035,2.312532245,2.312484809,2.312404688,2.312361194,5.063986255,1.4448,5.021189299
-0.208833384,-0.08334096,6.58630526,-0.036212173,1.461948495,-4.57,2.22194,6.132794013,0.9571,0.4608,5.4637,3.9152,0.9657,0.3888,6.2284,4.8065,0.8119,0.6599,4.134,1.2838,0.7513,0.5491,4.1067,2.628,0.8353,0.5607,4.4381,2.4568,0.8366,0.506,4.9149,2.8758,1,2,2,3,1.92624635,2.005841719,2.099312745,2.201183545,2.102510644,2.312324869,2.312496315,2.495015953,3.805680846,1.4448,4.77815125
-0.199728703,-0.082078244,14.73909358,1.891537458,2.093001197,-2.901702464,2.17922,6.132796669,0.9427,0.4397,5.3141,3.8374,0.9335,0.5634,5.4951,3.4151,0.8886,0.4299,5.8013,4.254,0.864,0.4509,4.83,3.5763,0.7534,0.5486,4.1532,2.4357,0.8259,0.5168,4.9866,2.6119,1,1,2,2,1.935930009,2.011384846,2.094812163,2.112964505,2.102255389,2.102358916,2.312333078,2.312878455,5.468053368,1.4448,4.586587305
-0.216042405,-0.078533081,11.6310335,1.834611421,1.149527014,-4.64,2.33923,6.132794211,0.9113,0.6462,4.6033,1.5768,0.8157,0.6569,4.4387,2.0157,0.9226,0.5517,5.8112,3.4267,0.7113,0.6614,3.6627,1.2587,0.8242,0.667,4.1414,1.2743,0.7759,0.5723,4.3682,2.049,1,2,2,2,1.962374072,2.025964708,2.052058722,2.101434034,2.102255114,2.312243575,2.31233238,2.312712381,3.817084802,1.4448,5.004321374
-0.240982095,-0.097258731,2.23184222,1.805840549,2.286995074,-3.44648106,2.39014,6.132793856,0.8087,0.688,3.955,0.7368,0.8247,0.6151,4.2327,1.3897,0.7984,0.6892,3.9914,0.2645,0.6937,0.6943,3.4932,0.766,0.7499,0.7303,3.9125,1.0208,0.748,0.6015,3.8612,1.7308,1,2,2,4,1.91116352,2.056603997,2.090884263,2.48335519,2.102558007,2.31252717,2.312493565,3.519955078,5.08951811,1.4448,5.082186756
-0.213517095,-0.081379927,6.53464234,-0.886056648,-0.677780705,-3.963770456,2.47012,6.132794596,0.8817,0.5209,5.2036,2.5953,0.9236,0.3407,5.6815,4.0746,0.8106,0.5856,4.1912,1.2162,0.7807,0.5428,4.6316,2.315,0.8333,0.3799,4.7887,3.5589,0.648,0.7374,3.5107,0.333,1,1,2,2,1.949000257,2.013000248,2.077396688,2.07757551,2.102540517,2.103324091,2.312521862,2.312521291,4.47162208,1.4448,5.284639579
-0.195438739,-0.047440124,4.80592797,1.892706638,0.622214023,-5.01,2.32233,6.132794306,0.8688,0.6535,5.2574,1.8907,0.9346,0.3755,5.8441,4.2803,0.8602,0.6262,4.863,2.327,0.6592,0.6473,3.154,2.0145,0.6037,0.5884,3.4182,1.0412,0.7705,0.582,4.6342,2.2117,1,1,3,3,1.967842727,1.99804029,2.092005975,2.144312011,2.102729789,2.102317878,2.495006492,2.494940318,3.374381966,1.4906,3.500976904
-0.214832467,-0.079338609,7.64147035,2.386463293,2.007705114,-3.703115524,2.02463,6.13279399,0.7659,0.659,3.8518,0.5266,0.8451,0.5808,4.3403,2.3227,0.7022,0.5968,3.2589,1.0492,0.6132,0.6603,3.0255,0.5072,0.6549,0.605,3.316,1.9727,0.7109,0.6325,3.2257,1.1113,2,2,2,2,1.944343077,1.995296469,2.064362613,2.064787156,2.312297342,2.312270364,2.31239373,2.312385607,4.868321569,1.3441,4.36361198
-0.216136019,-0.093357622,15.49456195,1.792041311,2.383186799,-3.667763585,1.85208,6.132793475,0.7787,0.6423,4.4101,1.7555,0.9235,0.4963,5.6465,4.1231,0.8371,0.5952,5.2402,1.6559,0.6511,0.6289,3.5411,2.0318,0.8191,0.5344,4.6569,3.6083,0.7115,0.6009,4.1901,0.3028,1,2,2,4,1.972809418,1.975393885,2.167038994,2.388777721,2.102539145,2.312372068,2.312584243,3.51996017,4.628834941,1.4448,4.394451681
-0.220548842,-0.09115909,17.06387665,2.04743064,1.574956776,-5.21,2.12299,6.132793401,0.8954,0.5837,5.5365,3.2571,0.9573,0.4822,6.633,5.2673,0.8152,0.6426,4.8677,1.4789,0.7239,0.5567,3.8499,3.8966,0.7573,0.6026,4.4899,1.8417,0.8286,0.5749,5.3213,3.0064,2,1,2,4,1.974027609,2.004341787,2.181147863,2.388473152,2.312385311,2.102351436,2.31259731,3.519958804,3.225151542,1.4448,4.98721923
-0.235680693,-0.092206413,5.00775759,1.408409578,2.293561423,-3.44708855,2.37439,6.132793839,0.7906,0.6897,3.8319,0.9805,0.8624,0.5417,4.3563,2.1353,0.8,0.6847,3.9682,0.5756,0.6927,0.6933,3.4547,1.0147,0.7681,0.5561,3.9032,1.9844,0.7657,0.6941,3.8513,0.966,1,2,2,4,1.911190728,2.051449488,2.091186266,2.478545541,2.102461697,2.312510103,2.312486565,3.519955825,5.090451564,1.4448,4.770663229
-0.230409572,-0.106916556,17.0127554,1.483444648,2.545393719,-3.022093572,2.12858,6.13279394,0.8579,0.5101,4.6027,3.0362,0.8462,0.4725,4.3231,1.6551,0.831,0.3732,4.0914,2.3538,0.8124,0.5147,4.3103,2.986,0.7564,0.5517,4.0498,1.3968,0.7121,0.61,3.7703,1.8721,1,2,2,4,1.973638771,1.976072873,2.121343442,2.399301148,2.102415661,2.312409553,2.312672703,3.519960537,5.345381374,1.4448,5.013788285
-0.205199212,-0.054960206,4.21601581,2.6563953,2.785763912,-2.591420875,2.54667,6.132794409,0.9189,0.3547,4.4526,3.7253,0.9029,0.2603,3.0738,2.3491,0.7497,0.5111,4.0342,1.7649,0.5708,0.4591,2.7275,2.9386,0.86,0.3999,4.2333,3.2719,0.6846,0.5137,3.5509,2.7042,1,1,3,3,1.978185279,2.008435461,2.078629597,2.120275925,2.102722316,2.10234996,2.495146228,2.495190139,5.872647153,1.4906,4.698970004
-0.202036235,-0.062122862,12.46759484,1.127104798,1.88337749,-3.017095882,2.64024,6.132795612,0.9505,0.5286,5.227,2.7909,0.8853,0.6,4.6325,1.7217,0.9122,0.6031,4.9706,1.7023,0.7596,0.5746,4.2739,2.2395,0.8477,0.5823,4.4786,1.9964,0.8113,0.5549,4.3489,1.9525,1,1,1,2,2.000340971,2.014922579,2.084286209,2.172843759,2.102163955,2.102133404,2.10275382,2.31256462,5.571535135,1.4448,5.269512944
-0.204344547,-0.092466998,9.51301,1.733036683,2.666180897,-2.791021483,2.13139,6.132794775,0.9538,0.3274,5.2451,3.9316,0.9213,0.4327,5.0106,3.2253,0.8906,0.3149,5.236,1.0447,0.9217,0.3359,5.0015,3.8111,0.853,0.4321,4.7259,3.199,0.8572,0.3588,4.8944,1.0944,1,1,2,2,1.971336095,1.992324522,2.171083831,2.171572241,2.102064776,2.102172673,2.312694392,2.312755776,5.692046959,1.4448,5.469003364
-0.20836587,-0.082689168,4.44375355,1.101403351,2.3143729,-3.078990199,2.35513,6.132793652,0.931,0.462,5.2186,3.0837,0.8197,0.5444,4.3337,1.4947,0.9182,0.5399,5.0516,1.6496,0.8485,0.4695,4.6397,2.9758,0.7378,0.5526,3.9706,1.6142,0.7978,0.5143,4.3098,2.2077,1,2,2,3,1.967594216,2.014987097,2.085215097,2.113102222,2.102334108,2.312404582,2.312464505,2.494930202,5.553032708,1.4448,5.195519811
-0.211399724,-0.093982046,15.24187177,1.809155532,2.514215596,-3.022322112,2.05808,6.132793942,0.8581,0.4514,5.2332,3.8227,0.9411,0.4152,6.2504,5.1783,0.8893,0.5424,5.9762,3.3479,0.7771,0.4542,4.5133,3.9231,0.8615,0.467,5.2558,4.3332,0.7277,0.6311,4.2584,1.3233,1,2,2,4,1.956136243,1.966381703,2.168675863,2.408163408,2.102329373,2.312420616,2.312614521,3.519959826,5.327512951,1.4448,4.843213896
-0.200364762,-0.052329628,13.19867611,1.878464345,1.938369597,-3.274088368,2.63615,6.132795024,0.8741,0.7398,5.1711,0.6824,0.8581,0.628,4.9859,1.4305,0.8631,0.6381,4.8999,0.4665,0.7149,0.7246,4.0796,0.6934,0.7827,0.6423,4.3546,0.4524,0.7949,0.6408,4.4662,0.5204,1,1,2,2,1.976535606,1.98736031,2.160698267,2.172837776,2.102096705,2.102170854,2.312739924,2.312422583,5.349809511,1.4448,4.772756219
-0.207266507,-0.078064768,10.42466547,1.590395947,1.9259821,-3.879426069,2.54046,6.132794485,0.9596,0.2616,6.0562,5.4175,0.9465,0.3834,6.2787,4.4213,0.97,0.2588,6.1418,5.3171,0.7646,0.4836,4.2124,3.5297,0.7877,0.5442,4.4726,2.9553,0.9527,0.2997,6.485,4.999,1,1,2,2,1.997885382,2.015254078,2.168869291,2.175743091,2.102145006,2.102203668,2.312506952,2.312572677,4.788304044,1.4448,5.544068044
-0.2006094,-0.079182753,10.86631982,1.977677888,1.707570176,-2.821886748,2.50346,6.132796117,0.9701,0.3037,6.5087,5.4157,0.9296,0.4049,5.4957,3.863,0.9109,0.5116,5.2554,2.3734,0.9018,0.3389,5.8803,5.0209,0.8686,0.418,5.0174,3.748,0.7474,0.5876,4.0757,1.9561,1,1,1,2,1.991188088,2.038973761,2.060042233,2.084146348,2.102130623,2.102135429,2.102879709,2.312528037,5.68744068,1.4448,4.155336037
-0.214306806,-0.10570902,12.93049992,1.709015417,1.711385379,-3.692503962,1.97358,6.132796656,0.9097,0.4698,6.4531,4.9741,0.8623,0.4741,4.7866,2.8164,0.9558,0.348,6.8055,5.5194,0.8525,0.48,5.9927,4.7248,0.8205,0.4819,4.5264,2.7353,0.7147,0.595,4.5021,1.6703,1,2,1,2,1.922395641,1.990273599,2.027373917,2.177689142,2.103174051,2.312496674,2.10237065,2.312644416,4.828192438,1.4448,5.057991947
-0.215333754,-0.091370858,14.62665425,1.764922985,2.266913422,-4.23,2.0405,6.132793765,0.8057,0.6611,5.0643,2.3595,0.9302,0.4635,6.5891,5.3774,0.9289,0.5032,6.9665,4.3304,0.7359,0.6461,4.4036,2.6259,0.8243,0.4937,5.5011,4.7893,0.7135,0.5655,3.9838,1.6622,2,1,2,4,1.966445016,1.988354848,2.175889933,2.395508088,2.312404645,2.102403414,2.312595026,3.5199593,4.322404208,1.4448,4.585026652
-0.221536885,-0.094715031,16.99352459,2.050302404,1.624694531,-5.09,2.12956,6.132793382,0.9115,0.4676,5.7442,4.2506,0.9207,0.618,5.4856,2.8877,0.8348,0.604,4.7631,2.2855,0.7243,0.5733,3.8326,3.4052,0.8748,0.5162,5.6628,3.801,0.7815,0.5933,4.414,2.0603,2,1,2,4,1.973869803,2.00612213,2.18906761,2.385948449,2.312393646,2.10234972,2.3126219,3.519959013,3.346565797,1.4448,5.155336037
-0.209872441,-0.096244208,12.99946629,1.049992857,2.179695383,-3.087193607,2.00468,6.132792079,0.8895,0.5593,5.5645,2.4207,0.9196,0.439,5.6759,3.9917,0.9024,0.5299,5.892,3.0874,0.8161,0.5504,4.7977,2.4473,0.8392,0.4838,4.9079,2.7576,0.8652,0.5123,5.6413,2.3695,2,2,3,3,1.989743953,1.993260144,2.005564509,2.01589087,2.312292899,2.312279421,2.494992197,2.494909568,5.184571479,1.4448,4.759667845
-0.198932893,-0.058624686,16.81433509,1.247727833,2.858783749,-3.170696227,2.47327,6.132793626,0.8071,0.551,4.3037,1.5783,0.8756,0.5575,4.4317,1.5948,0.8549,0.6157,5.1547,1.2222,0.7394,0.5579,3.877,1.5176,0.7694,0.5902,3.5798,1.3974,0.6979,0.6181,4.1831,1.1295,1,1,3,3,1.967806139,1.967806139,2.125531698,2.125531698,2.10250399,2.102504161,2.494964494,2.494964507,5.355046806,1.412,4.589825535
-0.204270212,-0.089082366,5.66850367,2.018991595,1.794069584,-3.738023809,1.75666,6.132793591,0.9439,0.5407,5.3926,2.7549,0.9232,0.5048,5.3204,2.574,0.9451,0.5244,6.0908,2.484,0.7508,0.5284,3.6716,2.7748,0.8881,0.5182,5.1568,1.0616,0.9114,0.5096,5.5263,1.2542,1,2,2,3,1.951167855,2.038765803,2.054482173,2.109790037,2.102245333,2.312355313,2.312325779,2.494663798,4.460902566,1.4448,3.903089987
-0.177244382,-0.090823331,4.97993264,1.950608225,2.482973574,-3.125402231,1.5756,6.132761167,0.9679,0.2983,6.1086,5.0137,0.9417,0.5074,5.9553,3.5302,0.9459,0.4551,5.3718,2.9845,0.8686,0.3456,4.9879,4.664,0.8624,0.4579,5.5776,3.9379,0.879,0.4544,4.9003,2.8983,1,2,2,3,1.970957382,2.033074765,2.034465532,2.083368906,2.102754334,2.312700396,2.312588387,2.495210843,4.923354245,1.4448,5
-0.184671948,-0.071083087,9.19418574,2.519578629,2.416524014,-3.183029962,2.12432,6.132795791,0.9684,0.3328,5.3402,4.4525,0.9668,0.2978,4.8725,3.6339,0.9663,0.3115,4.2206,3.8102,0.9355,0.3348,5.1716,4.4586,0.938,0.3016,4.554,3.5875,0.9314,0.3204,3.8908,3.4173,1,1,1,2,1.967344911,2.034728729,2.077041646,2.1020245,2.102209777,2.102194229,2.1028477,2.312787606,5.17786281,1.4906,5.365487985
-0.209063996,-0.079578246,14.26000332,2.063070526,2.692864537,-3.049976093,2.62649,6.132794561,0.9607,0.3308,5.5715,4.0736,0.9313,0.3939,5.2489,3.6081,0.9746,0.3435,5.9928,4.4697,0.9173,0.3388,5.2445,3.9911,0.8584,0.4037,4.7783,3.4954,0.7359,0.6458,4.5724,1.271,1,1,2,2,1.987210608,2.002616538,2.155835569,2.191700253,2.102079265,2.102096362,2.312771713,2.31256204,5.644048439,1.406,5.244414578
-0.219111071,-0.103816097,13.24988498,2.003201947,2.228117924,-3.545765104,1.71308,6.132794529,0.8625,0.6523,4.525,1.8858,0.9056,0.6968,5.509,2.2683,0.9138,0.566,5.4073,3.1187,0.7475,0.6612,3.7375,1.9429,0.854,0.6689,4.7835,2.1172,0.7916,0.5794,4.6069,2.0477,1,2,2,2,1.953711596,2.016730522,2.044784585,2.104661968,2.102269699,2.312479564,2.312217059,2.312647587,4.786901641,1.4448,4.344392274
-0.226962657,-0.090945976,14.10932851,1.64630568,2.243137305,-3.747146969,2.3023,6.132793764,0.8268,0.6077,4.5324,1.6176,0.8748,0.5018,4.7921,2.0793,0.9349,0.1461,5.9502,5.4777,0.7081,0.5959,3.6801,1.4799,0.787,0.5077,4.2133,1.9996,0.7712,0.5452,4.2116,1.1487,1,2,2,2,1.910031675,2.055047688,2.094101239,2.125002353,2.102513834,2.312509004,2.312487559,2.313061173,4.868245644,1.4448,4.843855423
-0.187291033,-0.053380132,7.00901717,2.307752688,2.024772913,-3.646468441,2.45064,6.132795289,0.92,0.371,5.11,3.8349,0.8815,0.6237,4.9145,1.5454,0.9252,0.3966,5.1888,3.6407,0.7217,0.6132,3.5097,1.6589,0.895,0.4003,5.1319,3.5223,0.7536,0.5555,4.1065,2.148,1,1,2,2,1.943488101,1.989586892,2.128606352,2.137708352,2.102358984,2.102296603,2.312940553,2.312842786,5.046163137,1.406,5.045322979
-0.204272566,-0.084041469,1.72183093,0.618048097,1.325925956,-3.547906751,2.32982,6.13279456,0.9203,0.4235,6.0894,4.5149,0.9664,0.276,6.8802,5.7042,0.8671,0.2545,4.5309,2.9936,0.84,0.439,5.5312,4.3186,0.9256,0.305,6.3427,5.34,0.6442,0.7035,3.4427,0.932,1,1,2,2,1.957687156,2.010579518,2.07261019,2.077734584,2.102575977,2.103251337,2.312528164,2.312525351,5.067513343,1.4448,5.441648937
-0.231400727,-0.089317448,9.68252066,1.659821158,2.291524245,-3.282495925,2.3306,6.132793852,0.7934,0.6881,3.7931,0.8648,0.8477,0.5622,4.2536,1.9528,0.7838,0.2801,3.3736,2.0386,0.6927,0.693,3.4195,0.9102,0.7556,0.7157,3.7851,1.0047,0.7703,0.5674,3.9019,1.9331,1,2,2,4,1.912004184,2.052933511,2.094175017,2.493064981,2.102519493,2.312520614,2.312495426,3.519953874,5.182733687,1.4448,4.920645001
-0.211407754,-0.072763072,10.53803422,2.508139015,2.45925675,-3.206000199,2.72939,6.132795382,0.9456,0.3661,5.1721,4.166,0.9533,0.3908,4.8501,3.8806,0.9582,0.3515,5.5092,3.7386,0.8751,0.3777,4.7966,3.9966,0.8708,0.4334,4.5405,3.3255,0.7242,0.5629,3.6092,1.5814,1,1,2,2,1.958045199,2.002422033,2.088272971,2.150208827,2.102163234,2.102131207,2.312701347,2.312723141,5.677414324,1.4448,5.113943352
-0.211982031,-0.078494685,9.75729207,1.41763774,1.395501124,-4.82,2.24756,6.132793076,0.922,0.5719,5.2404,2.9571,0.8997,0.4227,5.3057,3.8853,0.9487,0.4138,5.5111,3.4785,0.7165,0.5902,3.7873,2.6493,0.8597,0.5285,4.6114,3.0962,0.7458,0.5696,4.3874,2.0752,1,2,2,2,1.9867184,2.041824919,2.085560117,2.111106819,2.102102541,2.312250727,2.312410399,2.312692828,3.643429776,1.4448,4.45484486
-0.208957401,-0.086330135,3.04582365,1.434089638,2.241247551,-3.912573543,2.19825,6.132794216,0.897,0.5006,5.3302,1.9642,0.9671,0.3931,6.2452,2.8883,0.9199,0.5172,5.4031,0.9841,0.7956,0.5107,4.4504,1.9786,0.8241,0.5164,4.6385,0.7141,0.7531,0.5807,4.0377,0.4153,1,2,2,3,1.903752873,2.026822883,2.076176775,2.135488937,2.102490613,2.312318712,2.31252404,2.495008215,4.720403519,1.4448,4.805500858
-0.207465891,-0.090142499,11.50353094,2.198684573,2.912609931,-3.828273546,1.77325,6.132793495,0.8172,0.5418,4.3235,1.9022,0.8349,0.4949,4.4535,2.4806,0.5057,0.5273,2.8966,2.0622,0.7141,0.5457,3.5645,1.8755,0.7882,0.5037,4.2506,2.3872,0.6186,0.6125,3.6255,1.3904,1,1,3,3,1.959596387,1.971804503,2.118043673,2.118064683,2.102492019,2.102841668,2.495169003,2.495106909,4.623487698,1.4305,4.795880017
-0.205794124,-0.080565462,7.14438282,0.845718018,0.549003262,-4.87,2.21629,6.132793626,0.9266,0.5457,5.0081,2.7093,0.8436,0.6467,4.5022,1.1615,0.8689,0.5736,4.8783,1.2997,0.7603,0.5785,4.1831,2.0241,0.8116,0.6105,4.1824,1.6286,0.7533,0.5911,3.9013,1.103,1,2,2,3,1.962308844,2.008770022,2.063531439,2.191477356,2.102241352,2.312338769,2.312307773,2.494879525,3.654748599,1.4448,4.850033258
-0.190024741,-0.071758716,5.76036582,1.565257343,2.061339367,-3.690369833,2.15101,6.13279403,0.9321,0.4628,5.6161,4.0154,0.9798,0.3283,5.7905,4.3121,0.9352,0.3826,5.7122,4.3687,0.8367,0.4651,4.8473,4.0382,0.6981,0.6446,3.539,1.5809,0.9128,0.3618,5.2411,3.4514,1,1,2,2,1.994280071,1.99797998,2.223777417,2.371513019,2.102293995,2.102075557,2.312589487,2.312793524,4.673410184,1.406,5.37675071
-0.221571248,-0.10597697,9.86979539,1.98141084,2.389006518,-3.078469586,1.86308,6.132794208,0.8404,0.5184,4.2222,2.1525,0.8251,0.5524,3.9187,1.874,0.9581,0.2594,4.5215,3.3697,0.7804,0.5257,3.9553,2.1342,0.7629,0.7394,3.8212,0.7205,0.7883,0.4584,3.8029,2.4406,1,2,3,2,1.973967832,2.027089786,2.065739577,2.088702947,2.102460702,2.312470301,2.495102284,2.312515623,5.349464633,1.4448,5.257678575
-0.204614474,-0.065691001,1.48586623,1.042181595,2.471071574,-4.44,2.25841,6.132792922,0.7755,0.6571,3.6381,1.0934,0.8228,0.2852,3.5017,2.4286,0.8772,0.5616,4.5038,2.3213,0.6969,0.6635,3.4574,1.0592,0.7851,0.5708,3.8679,2.5441,0.5561,0.5438,2.733,1.3775,1,2,3,3,1.970190346,2.009156291,2.057140005,2.145575214,2.102508106,2.31253104,2.495111395,2.495198929,4.248709164,1.406,4.689308859
-0.215401154,-0.08685111,10.61522747,1.168497484,2.253216813,-3.362210171,2.12797,6.132793814,0.8398,0.6504,4.0836,1.6102,0.859,0.5844,4.2777,2.0048,0.8095,0.2703,3.4063,2.0537,0.7651,0.6541,3.7505,1.6011,0.7631,0.5896,3.8357,1.8667,0.735,0.7427,3.7192,1.0344,1,2,2,4,1.901490205,2.059114858,2.101314351,2.482193385,2.10245048,2.312509257,2.312494178,3.519953097,4.996580128,1.4448,4.363177902
-0.227509587,-0.102201118,14.80902735,2.207499723,1.885248108,-3.677160727,2.16479,6.132793573,0.8926,0.5273,5.5163,4.0201,0.8719,0.663,4.8934,1.6071,0.9085,0.4972,5.6361,3.4819,0.7435,0.5633,4.3567,3.0911,0.8128,0.5976,4.7851,2.6813,0.7946,0.5777,4.5806,2.6616,2,1,2,4,1.970460099,2.002317407,2.173275178,2.390103136,2.312360031,2.102392779,2.312606973,3.519959267,4.670397978,1.4448,4.885599255
-0.242572891,-0.107231117,21.69633129,2.403326462,1.025715384,-3.749824052,2.20752,6.132793679,0.8337,0.6147,4.976,0.55,0.8445,0.6762,5.2071,0.7383,0.8013,0.2674,4.5286,2.5587,0.7076,0.7031,3.9277,1.8439,0.7355,0.5569,4.3157,0.3577,0.7676,0.6246,4.4893,0.8107,2,1,2,4,1.967148698,1.998984242,2.182436712,2.37796825,2.312391636,2.102485571,2.312591453,3.519959802,4.69048899,1.4448,5.071552289
-0.222685877,-0.104350927,16.44322784,1.819478128,1.88349109,-3.448184178,2.1786,6.132796892,0.906,0.4437,5.8088,4.46,0.8597,0.5007,4.5165,2.8799,0.932,0.4195,6.0394,4.4244,0.8376,0.4586,5.3465,4.2538,0.8071,0.507,4.2417,2.821,0.6707,0.637,3.5937,1.5086,1,2,1,2,1.908727325,1.995732447,2.028476522,2.164502021,2.1032701,2.312503082,2.102370684,2.31263634,5.112904478,1.4448,5
-0.192382819,-0.076452119,4.61209606,2.037506178,2.379269249,-3.658961368,2.03779,6.1327947,0.9083,0.4714,5.1264,3.9894,0.9388,0.4059,5.8406,4.3933,0.8426,0.2383,3.4449,2.3427,0.8396,0.4789,4.5482,3.8925,0.8097,0.4594,4.5128,4.1225,0.7215,0.5546,4.013,2.7902,1,1,2,2,1.981591532,1.988591461,2.157694371,2.184997025,2.102081222,2.102327932,2.312975961,2.312527593,4.710965835,1.406,5.265032342
-0.20941224,-0.081400266,4.04347196,1.098297536,0.396199347,-4.45,2.28075,6.132794114,0.9367,0.5306,5.1208,3.3514,0.9787,0.3259,6.5025,5.3774,0.7716,0.6891,4.0764,1.0429,0.7738,0.5744,4.1671,2.6339,0.7667,0.601,4.1883,1.9119,0.8739,0.4825,5.3978,3.2573,1,2,2,3,1.92645737,1.998720591,2.093994747,2.191680177,2.102484473,2.312322436,2.312489526,2.4949921,3.909960202,1.4448,4.627087997
-0.201967064,-0.062763904,9.2317541,1.187520721,1.820135752,-3.374378919,2.53544,6.132795012,0.9379,0.6108,5.5525,2.172,0.9068,0.583,5.5038,2.1472,0.8769,0.604,5.1273,1.5772,0.7418,0.6003,4.4402,2.0643,0.8507,0.5965,4.703,1.6997,0.833,0.5914,4.8817,2.0603,1,1,2,2,1.97984166,1.988014839,2.164046672,2.169133007,2.10207923,2.102169756,2.312774651,2.312530151,5.149177978,1.4448,4.991045157
-0.228990848,-0.105561476,8.1647093,1.702688968,2.219453537,-3.524328812,1.80466,6.132794681,0.8111,0.7928,4.1959,0.1094,0.8995,0.4781,5.5197,2.0644,0.8887,0.5305,5.4369,2.3245,0.7321,0.7953,3.6498,0.1992,0.7232,0.6765,3.741,0.6135,0.8091,0.5437,4.589,1.915,1,2,2,4,1.92011484,2.019486321,2.051699783,2.507096528,2.102458095,2.312486924,2.312416512,3.519958925,4.666264863,1.4448,4.356547324
-0.204173118,-0.07907795,16.39730441,2.11119528,2.906259599,-3.799696817,1.97183,6.132794078,0.8103,0.5602,4.1178,1.6899,0.8626,0.4901,4.6215,2.6741,0.5308,0.5288,3.055,1.7333,0.7078,0.5637,3.504,1.6672,0.7708,0.5115,4.0405,2.4336,0.6972,0.6212,3.9651,1.3184,1,1,3,3,1.956418667,1.978283347,2.114830726,2.117989141,2.102434666,2.102720876,2.495020662,2.494955796,4.824709447,1.412,4.77815125
-0.199600282,-0.078472826,11.25281912,2.129109586,1.719993826,-3.231954186,2.48278,6.132795897,0.9756,0.2842,6.4786,5.4762,0.929,0.393,5.4835,3.8606,0.8858,0.5969,4.7654,1.4829,0.903,0.3214,5.8723,5.0985,0.8737,0.4043,4.9956,3.786,0.7352,0.5787,4.1458,2.2963,1,1,2,1,1.995519231,2.034563835,2.081284699,2.083158659,2.102141368,2.102138724,2.312526641,2.102742405,5.33266955,1.4448,5.409933123
-0.213665761,-0.103368475,15.40133793,1.756788199,1.858837851,-3.594141601,2.01049,6.132796627,0.9127,0.456,6.1759,4.6523,0.8864,0.2516,5.1048,4.0024,0.8634,0.4878,4.6765,2.8403,0.8579,0.465,5.7725,4.443,0.8175,0.4942,4.4069,2.7612,0.8762,0.252,5.0393,3.9891,1,2,1,2,1.92115408,1.994072717,2.02789053,2.17106057,2.103171893,2.312488299,2.10237161,2.312648687,4.918627067,1.4448,5.051152522
-0.214564309,-0.099001461,8.39038339,1.061075324,2.054498147,-3.059732609,1.91592,6.132792209,0.8702,0.5912,4.9032,0.989,0.8505,0.6395,5.1016,1.5246,0.8917,0.6266,5.379,2.0136,0.7741,0.6004,4.1703,1.009,0.7447,0.6381,4.1121,1.0386,0.7606,0.7432,4.181,0.4421,2,2,3,3,1.984818632,1.988462723,2.019131001,2.025514009,2.312220043,2.312210816,2.494974455,2.494953365,5.142892233,1.3441,4.766412847
-0.205258038,-0.07903056,11.35434347,2.108125095,1.889693791,-3.743041847,2.47623,6.132795711,0.9526,0.3754,5.8805,4.6342,0.9381,0.3982,4.9047,2.9449,0.9727,0.3185,5.9388,5.1423,0.8695,0.397,5.1853,4.3685,0.7867,0.4627,4.0812,2.7629,0.8208,0.508,4.4881,2.6531,1,1,2,1,1.975629014,2.06101213,2.076812461,2.095086872,2.10216519,2.102146791,2.31255612,2.102734075,5.059483834,1.4448,5.409933123
-0.187137926,-0.071722587,7.32099543,2.607272688,2.515820878,-3.23128792,2.16608,6.132795189,0.966,0.3238,5.2977,4.4298,0.9589,0.3376,4.8796,3.8351,0.9561,0.3135,4.009,3.4412,0.9297,0.3254,5.1419,4.4053,0.9336,0.3409,4.6419,3.8097,0.9273,0.3196,3.8744,3.2423,1,1,2,2,1.958050306,1.996103705,2.095923901,2.151682597,2.102206654,2.102157536,2.312784648,2.312805676,5.186351598,1.4906,5.045322979
-0.206382355,-0.091386278,1.65363244,1.453624074,1.780173244,-4.01,1.82598,6.132796482,0.8536,0.5831,4.8803,1.9622,0.934,0.536,6.5426,3.7583,0.9105,0.7199,5.6093,0.7331,0.7177,0.5807,3.8757,2.2243,0.7933,0.6576,4.7446,1.4035,0.8738,0.5965,5.7981,2.7804,1,2,1,1,1.908799099,2.025962734,2.058295654,2.0867894,2.103839831,2.312409426,2.10255859,2.102287167,4.460362933,1.4448,4.337242168
-0.216950039,-0.098265903,14.16272141,1.553640336,2.271353622,-3.532243949,1.80369,6.132796225,0.8328,0.5972,4.2785,2.1089,0.8961,0.4866,5.419,3.7234,0.8327,0.7044,4.4183,1.5671,0.682,0.6184,3.5498,1.9751,0.8101,0.7017,4.1489,1.5912,0.8283,0.4818,5.0386,3.6803,1,1,2,2,1.96844939,1.971073312,2.016573331,2.163663791,2.103234799,2.102517263,2.312457991,2.312601158,4.731108105,1.4448,4.560667306
-0.210032038,-0.067738141,11.1566583,1.774443969,2.131169383,-3.722161667,2.28558,6.132795148,0.8039,0.7064,3.9379,0.5151,0.9061,0.5634,4.9617,1.6608,0.9124,0.4744,4.8819,2.602,0.6854,0.6874,3.3267,0.455,0.788,0.6607,3.9846,1.3937,0.802,0.5028,4.1613,2.6218,1,1,2,2,1.970097967,2.004659572,2.122764471,2.1724065,2.102252952,2.102132511,2.312582763,2.312541888,4.901827963,1.4448,4.851937465
-0.20942795,-0.101319236,15.74929248,0.545307116,2.474609574,-3.135488919,1.93468,6.132792191,0.9218,0.4576,5.1741,2.9911,0.9494,0.4287,5.5739,3.2117,0.8701,0.5276,5.0378,3.0516,0.8824,0.4637,4.881,2.9412,0.8891,0.4363,5.0942,3.0757,0.7057,0.6076,3.8467,1.5354,2,2,3,3,1.990744082,1.991552661,2.008026643,2.010907258,2.312344312,2.31233898,2.494992794,2.494986348,5.134780883,1.4448,4.635483747
-0.200225133,-0.078679833,13.11486823,1.810904281,1.96964884,-2.575118363,2.5188,6.132796155,0.965,0.3152,6.4513,5.2786,0.93,0.4202,5.5296,3.7938,0.9438,0.3893,5.8724,4.0936,0.9085,0.3397,5.924,4.9772,0.8667,0.4319,5.0351,3.6769,0.8322,0.4642,4.8051,3.1179,1,1,1,2,1.992109686,2.038019382,2.061912947,2.084263179,2.102138244,2.10213131,2.102894513,2.31251539,5.923778701,1.4448,4.045322979
-0.230681258,-0.106745703,15.3289738,1.406369835,2.53717662,-3.199008139,2.12714,6.132793951,0.8541,0.5233,4.4607,3.0528,0.8481,0.4857,4.0547,2.5565,0.8237,0.6504,4.1422,1.4945,0.8055,0.5306,4.1815,3.0087,0.7212,0.5374,3.5057,2.3235,0.7302,0.6124,3.6761,1.7383,1,2,2,4,1.973681079,1.978274501,2.119767204,2.400240821,2.102414117,2.312431784,2.312673992,3.519960798,5.206163491,1.4448,4.69019608
-0.230020067,-0.103235699,17.7063429,2.892367343,1.320146286,-3.596193389,2.08519,6.13279412,0.8506,0.5173,4.6647,2.6471,0.8517,0.5999,5.0814,1.4715,0.8073,0.3177,4.1643,3.2321,0.7551,0.6093,4.4773,1.529,0.81,0.5146,4.4298,2.7773,0.7828,0.3159,4.0591,3.22,2,1,2,4,1.925360486,2.020692208,2.181524467,2.371319042,2.31243244,2.102389691,2.31263763,3.519956412,4.866361665,1.4448,4.975176416
-0.172957902,-0.067854215,2.85699596,-0.420216403,1.325515663,-3.631527162,1.78561,6.132795857,0.9111,0.5316,4.776,2.4751,0.9212,0.5362,4.8554,2.2989,0.8961,0.4737,3.9384,1.391,0.8749,0.5288,4.6194,2.4988,0.8609,0.5321,4.455,2.3002,0.7579,0.626,4.1079,1.7585,1,1,2,2,1.964379037,1.964379037,2.143432061,2.143432061,2.102266371,2.102266474,2.312690038,2.312690862,4.692058475,1.406,4.264817823
-0.200468192,-0.101402789,14.16506012,0.887054378,2.438874469,-3.079928876,1.76147,6.132792133,0.9396,0.4038,5.5154,3.7011,0.9545,0.3982,5.7245,3.4635,0.9194,0.3889,6.0958,4.9636,0.9079,0.4073,5.257,3.6501,0.9119,0.4016,5.3719,3.3864,0.7202,0.5187,4.0195,2.479,2,2,3,3,1.985596888,1.989128704,2.008672696,2.012349373,2.312331152,2.312353663,2.495047112,2.494995378,5.065293142,1.4448,4.88592634
-0.207627126,-0.084494306,7.22094334,0.880813592,2.170936109,-3.101823517,2.34427,6.13279415,0.9425,0.451,5.347,3.483,0.9535,0.3454,6.0587,4.9675,0.8257,0.5471,4.5099,1.476,0.8703,0.4557,4.8386,3.3765,0.799,0.4686,4.7043,2.6376,0.7858,0.5402,4.329,0.9093,1,2,2,3,1.921485363,2.014350764,2.092038958,2.138318031,2.102503784,2.312409045,2.312499825,2.494981652,5.364284065,1.4448,5.190331698
-0.219058179,-0.08833265,12.1786884,1.218797998,2.302417519,-3.210348791,2.24964,6.13279477,0.8502,0.5934,4.1933,1.6574,0.886,0.6599,5.1739,1.8405,0.9253,0.5882,4.5924,1.9645,0.7503,0.6039,3.7264,1.5502,0.7712,0.6483,4.2252,1.4165,0.7124,0.643,3.6069,0.5964,1,2,2,2,1.933314253,2.01898316,2.047346087,2.094302987,2.102278622,2.312486036,2.312227619,2.312657439,5.258781194,1.4448,4.968949681
-0.214226149,-0.097829244,13.44769206,1.392345155,2.324117763,-3.08958906,2.1047,6.132792208,0.9017,0.4952,5.4625,3.0082,0.907,0.4428,5.2293,3.1761,0.9103,0.5225,5.8349,3.4021,0.8278,0.504,4.7522,2.9905,0.8135,0.4788,4.457,2.8499,0.8833,0.5103,5.6158,2.9095,2,2,3,3,1.987692381,1.994093528,2.001078459,2.009969652,2.31231867,2.312282404,2.495024358,2.494968856,5.215178853,1.4448,5.06069784
-0.204341723,-0.083252709,6.76872847,0.867467488,2.464429928,-2.860750782,2.24131,6.132793953,0.9286,0.4517,5.1943,2.8639,0.8585,0.5212,4.6463,2.5673,0.9506,0.5153,5.4771,2.405,0.8725,0.4558,4.8028,2.7607,0.7708,0.5513,4.1168,2.161,0.7562,0.5635,4.0648,1.6096,1,2,2,3,1.945124418,2.009899002,2.067091435,2.077107123,2.102247427,2.31241353,2.312314819,2.494609516,5.59244814,1.4448,5.320146286
-0.196846785,-0.081335792,12.13977036,2.172077257,2.256116147,-3.197773762,2.44869,6.132794815,0.9847,0.2253,6.8487,5.8922,0.9339,0.3906,5.5344,3.9888,0.956,0.4055,5.8093,4.1491,0.9544,0.2443,6.5737,5.6889,0.8852,0.3899,5.0413,4.0145,0.8242,0.4953,4.9403,2.8315,1,1,2,2,2.001067965,2.00439567,2.100101426,2.183435367,2.102120393,2.102092757,2.312507121,2.312557917,5.47263586,1.4448,5.053078443
-0.218127302,-0.056633495,5.3753601,2.365693852,2.761401557,-3.218172847,2.59957,6.132794292,0.8245,0.553,4.0609,1.7717,0.7155,0.5658,3.8053,1.8032,0.8226,0.341,3.0554,1.5387,0.5294,0.5672,2.5755,1.5861,0.6673,0.5646,3.5298,1.3083,0.8121,0.5498,3.8904,1.2993,1,1,3,3,1.977935793,2.011669207,2.075188907,2.120705071,2.102732258,2.102347696,2.495087978,2.495182335,5.382134725,1.4906,4.840106094
-0.191445879,-0.093308673,6.15291827,1.95717613,2.477743298,-3.410608977,1.5797,6.132795228,0.9238,0.4407,5.6942,4.6732,0.9415,0.4397,6.2252,4.7573,0.8904,0.3333,4.6403,3.3588,0.8056,0.5374,4.4166,3.5621,0.8414,0.5533,5.0785,3.5175,0.8799,0.5224,5.4595,4.0354,1,1,2,2,1.973726931,1.999222599,2.106271113,2.192763097,2.102316334,2.102126709,2.312643507,2.312601602,4.736801848,1.406,5.460730839
-0.213852594,-0.084626314,7.26681683,1.28057837,2.229041573,-3.673050006,2.28232,6.132794441,0.8605,0.5627,5.0013,2.6393,0.8993,0.4907,5.1972,2.9842,0.8697,0.2765,4.5667,3.432,0.7483,0.5846,4.1248,2.4403,0.8113,0.5094,4.5362,2.6904,0.7524,0.6518,4.3391,1.2985,1,1,2,2,1.938032249,2.048000244,2.062607331,2.100563972,2.102528616,2.103321249,2.312524103,2.312509215,4.958084944,1.4448,5.157607853
-0.216905552,-0.086437234,6.53898119,1.23146959,2.240424433,-3.212185433,2.18408,6.132794996,0.84,0.6,4.224,0.8964,0.9079,0.5609,5.3924,2.747,0.9218,0.5587,4.6628,1.9343,0.7272,0.602,3.6763,0.834,0.789,0.5818,4.4134,2.0204,0.7458,0.6504,3.7679,0.3074,1,2,2,2,1.933641384,2.01095624,2.026313154,2.072767474,2.102268258,2.312465013,2.312222646,2.31260932,5.223094929,1.4448,4.828015064
-0.237533825,-0.093054393,6.72969178,1.631342286,2.290034611,-3.511590311,2.38872,6.132793844,0.7904,0.7109,3.8693,0.6206,0.8346,0.6079,4.2746,1.2683,0.7347,0.2964,3.3896,2.058,0.6861,0.7124,3.4687,0.6692,0.7305,0.6481,3.9382,0.4199,0.7593,0.6505,3.7986,0.6221,1,2,2,4,1.910602261,2.054125848,2.09651735,2.491473861,2.102580161,2.312513233,2.312491662,3.519954798,5.060105628,1.4448,4.986427193
-0.235909743,-0.107209133,14.57355426,2.896090602,2.063858549,-3.542572307,2.08252,6.132794207,0.8439,0.6165,4.7102,2.1147,0.83,0.632,4.7936,1.9259,0.8851,0.5492,4.9642,2.5467,0.7404,0.6161,4.3143,2.0662,0.8026,0.6333,4.4804,1.9365,0.759,0.5668,3.9551,1.993,2,1,2,4,1.92278678,2.018271042,2.189813234,2.364201768,2.312457378,2.102394219,2.312626784,3.519956588,4.944157939,1.4448,5.016390416
-0.196006667,-0.07220679,5.29316386,2.158452961,2.295984701,-4.01,2.15363,6.1327941,0.9009,0.4837,5.0964,3.708,0.9759,0.3492,5.5031,4.0464,0.9195,0.4122,5.5645,4.1276,0.7195,0.6457,3.5768,1.5841,0.7903,0.5859,4.4166,2.5203,0.8551,0.4265,4.7759,3.1442,1,1,2,2,1.989342856,1.99406018,2.191350725,2.282200035,2.102327315,2.102057772,2.312547005,2.312751782,4.5162698,1.406,5.151731913
-0.203247973,-0.087694745,6.43165897,1.962700732,1.761702368,-3.7070797,2.07342,6.132793853,0.9301,0.5739,5.3171,2.7683,0.8843,0.572,4.9777,2.3726,0.8549,0.6307,4.7552,1.7805,0.8436,0.5754,4.9147,2.548,0.8319,0.5696,4.5189,2.1628,0.7663,0.6235,4.0794,1.7105,1,2,2,3,1.942306618,2.031276446,2.065915051,2.090908176,2.102241833,2.312344502,2.312319749,2.494992628,4.860859462,1.4448,4.222716471
-0.22361292,-0.076725772,9.40255289,2.143670433,2.291524245,-3.010550182,2.60339,6.132793846,0.8531,0.5769,4.833,1.4555,0.8346,0.6377,4.2511,0.7927,0.8503,0.5941,4.9394,1.607,0.6969,0.6037,3.5712,1.2337,0.7615,0.6103,4.0947,1.0176,0.7381,0.6023,3.9873,1.3241,1,2,2,4,1.922114981,2.045819151,2.078339963,2.496016426,2.102490785,2.312388696,2.312355355,3.5199544,5.503480926,1.4448,5.10720997
-0.203245363,-0.062108655,10.22473423,1.383815366,1.97160052,-3.092696151,2.62876,6.132794677,0.9236,0.6015,5.5455,2.0819,0.9292,0.4999,5.8995,3.2389,0.859,0.6217,5.1932,1.9929,0.7401,0.6091,4.3831,1.9737,0.7538,0.6052,4.3781,1.2647,0.792,0.5971,4.7886,2.1492,1,1,2,2,1.977539886,1.994009278,2.161619994,2.250840954,2.102074664,2.102238023,2.312533493,2.312539752,5.409630071,1.4448,4.637224408
-0.213426164,-0.098999306,6.40284075,-1.522878745,0.298853076,-2.902048929,1.90482,6.132792252,0.887,0.5674,4.8463,0.9645,0.862,0.6589,5.0939,0.5854,0.869,0.6367,4.8981,1.5899,0.7906,0.5759,4.1928,1.0006,0.7217,0.6538,3.8036,0.9549,0.7718,0.7368,4.2483,0.5567,2,2,3,3,1.984744064,1.984744064,2.008828763,2.008828763,2.312218329,2.312218414,2.495066851,2.495066295,5.295308811,1.5011,4.923761961
-0.208714871,-0.083881578,5.95736678,0.84135947,0.881954971,-4.62,2.22848,6.132794031,0.9489,0.5092,5.2815,3.6235,0.9736,0.3426,6.4109,5.2569,0.8051,0.682,4.1221,1.2335,0.7808,0.5579,4.2511,2.8412,0.7893,0.6075,4.1751,1.9764,0.8304,0.5264,4.8664,2.5432,1,2,2,3,1.926189243,2.00241654,2.096454388,2.204113881,2.102508997,2.312325567,2.312486903,2.495000908,3.734182233,1.4448,4.455931956
-0.198456131,-0.06768528,8.02505412,2.233478392,2.282758021,-3.604673607,2.14309,6.132796061,0.8415,0.6383,4.2116,1.1788,0.867,0.3309,3.7605,1.7636,0.858,0.5194,4.3745,1.9702,0.7172,0.6252,3.6825,1.2968,0.7955,0.5458,4.0893,2.0393,0.813,0.3603,3.6863,1.6866,1,1,2,2,1.99529672,2.023609152,2.066520989,2.098211143,2.102504196,2.102436862,2.312449171,2.312435994,4.709832237,1.406,4.982723388
-0.227318252,-0.105530565,18.22254779,2.814693651,1.443888547,-3.754981129,2.03866,6.132793986,0.8527,0.4984,5.0862,3.013,0.8558,0.6265,5.9814,2.0701,0.8084,0.3074,4.6749,4.0979,0.7632,0.6321,5.058,2.2331,0.815,0.4937,4.7947,3.2237,0.7712,0.5633,4.4643,1.0233,2,1,2,4,1.935924844,2.016905798,2.184717373,2.371270967,2.312422012,2.102389108,2.312624881,3.519956967,4.709377416,1.4448,4.84509804
-0.192489044,-0.083513876,8.45313158,0.693726949,2.053539396,-3.160647671,2.03732,6.13279386,0.9564,0.4157,5.6071,3.8757,0.9722,0.3037,6.682,5.5754,0.8617,0.4828,5.0496,1.9464,0.9036,0.4168,5.2043,3.838,0.8851,0.3504,5.629,4.7609,0.7471,0.5697,4.1088,1.8636,1,2,2,3,1.920075259,2.011901837,2.098580711,2.162662711,2.102497439,2.312409468,2.312491979,2.49463282,5.17013673,1.4448,5
-0.208517118,-0.088165945,4.64392997,1.543819805,2.36490729,-3.339134522,2.1411,6.132794017,0.8972,0.5021,5.0821,1.977,0.8902,0.6281,5.4268,1.121,0.923,0.491,5.2112,2.1204,0.8077,0.526,4.5122,1.7771,0.8332,0.6025,5.0195,1.1498,0.7963,0.5508,4.2224,1.8093,1,2,3,2,1.918755065,2.012951564,2.077973532,2.097546662,2.102311256,2.31237101,2.494978734,2.312413614,5.205996986,1.4448,5.113943352
-0.226724675,-0.104955856,10.96384484,2.075838826,2.241098009,-3.287939858,1.79676,6.132794311,0.8258,0.7733,4.251,0.7498,0.8965,0.5074,5.4038,2.1334,0.8779,0.607,5.2184,0.7244,0.7381,0.7682,3.6935,0.8309,0.745,0.6948,3.8244,1.0747,0.802,0.6181,4.436,2.4008,1,2,2,4,1.916051148,2.033141904,2.068741163,2.51007968,2.102504436,2.312508179,2.312446083,3.519956181,4.879952857,1.4448,4.313264452
-0.239796916,-0.093639535,24.67583557,1.852052809,1.994800899,-3.37427609,2.42307,6.132792505,0.8321,0.6519,4.1896,0.6923,0.915,0.4306,5.0227,2.2976,0.9352,0.5095,5.1128,1.4321,0.6871,0.6371,3.4216,0.9533,0.7173,0.4933,3.6628,1.4597,0.6339,0.6625,3.296,1.5528,2,2,2,2,2.010891345,2.019924751,2.024545875,2.05042776,2.312566862,2.312506212,2.312437643,2.312377632,5.114001847,1.4448,4.857332496
-0.214466544,-0.084988602,3.78353216,0.892094603,1.431363764,-3.397289055,2.45469,6.132794589,0.8956,0.4909,5.5131,3.3887,0.9495,0.2741,6.194,4.843,0.8523,0.2708,4.4648,2.6747,0.7941,0.5125,4.9301,3.1179,0.8837,0.3139,5.4756,4.3703,0.6367,0.7372,3.3647,0.6319,1,1,2,2,1.952409793,2.006008973,2.078496091,2.078496091,2.10257608,2.103297798,2.312520233,2.312520254,5.165214273,1.4448,5.462397998
-0.177223805,-0.043881126,9.76997107,1.567849451,2.024321442,-4.07,2.50181,6.132794333,0.9868,0.3993,6.1863,3.469,0.9592,0.4328,5.7915,3.202,0.9721,0.3703,6.1755,3.9644,0.755,0.5041,4.5696,2.5801,0.9201,0.4191,5.8111,3.3295,0.9233,0.507,5.5539,2.8097,1,1,2,2,1.987471509,2.004688504,2.178842583,2.187365082,2.102110334,2.102104636,2.312521502,2.312552038,4.664728062,1.406,4.301029996
-0.195449327,-0.093787686,12.50926669,0.045322979,2.399223622,-2.911863911,1.80311,6.132791936,0.9274,0.4029,5.259,3.1346,0.9539,0.4041,5.6431,3.1686,0.8871,0.5716,5.0781,2.2587,0.897,0.4034,5.0441,3.1259,0.9067,0.4112,5.2448,3.1297,0.7178,0.6195,3.9461,1.841,2,2,3,3,1.998694824,1.998694824,2.004482227,2.004482227,2.312374924,2.312374924,2.49503179,2.495031776,5.241400118,1.4969,5.245512668
-0.205520312,-0.082445677,4.20697576,1.047664195,2.329845166,-2.612076533,2.34084,6.132794028,0.9346,0.4754,5.4911,3.0352,0.8869,0.5252,5.2474,2.9013,0.9011,0.5259,5.8884,2.9647,0.8625,0.4833,4.8768,2.9535,0.7708,0.5415,4.5485,2.4341,0.7799,0.5742,4.1899,1.8939,1,2,2,3,1.951733845,2.012185379,2.079859611,2.090697013,2.102299589,2.312385713,2.312410949,2.494973636,5.818394493,1.4448,4.901458321
-0.171757629,-0.040691675,2.96979093,0.387389826,1.798028793,-3.276955008,2.44917,6.132795036,0.8961,0.5373,4.5685,2.1833,0.9199,0.5584,4.6424,1.4745,0.9073,0.1978,4.86,4.2429,0.8508,0.5347,4.3949,2.206,0.8183,0.5615,4.2941,1.4019,0.7401,0.6643,3.6648,0.9913,1,1,2,2,1.963202231,1.963202231,2.143543561,2.143543561,2.102158634,2.102158497,2.312896838,2.312896817,5.374752801,1.406,5.037426498
-0.202821551,-0.061981552,10.01973998,1.289142836,2.007406352,-3.101878424,2.64304,6.132795085,0.9478,0.5359,5.3023,2.833,0.8868,0.5737,4.8032,1.9231,0.8815,0.673,5.1481,1.724,0.7427,0.5875,4.2404,2.2318,0.844,0.5901,4.5036,2.0958,0.8474,0.5878,4.7617,1.9712,1,1,2,2,1.974985823,1.985954682,2.157759486,2.173199715,2.102096362,2.102158462,2.312735379,2.312539266,5.4791625,1.4448,5.33243846
-0.219772754,-0.086890694,16.64718652,1.971554153,1.475816413,-4.82,2.1457,6.132793422,0.8906,0.5714,5.4787,3.5019,0.9542,0.5297,6.6165,4.9283,0.8174,0.6301,4.8512,1.6495,0.7141,0.56,3.7219,4.1671,0.7451,0.5755,4.6408,2.1416,0.8093,0.5978,4.9456,2.7697,2,1,2,4,1.975276436,2.005131666,2.181084363,2.389060485,2.312388949,2.102350715,2.312602638,3.519958484,3.568911834,1.4448,4.677068163
-0.206657272,-0.083894677,5.71746951,0.731588765,2.199398602,-3.13990167,2.32647,6.132793829,0.9405,0.4569,5.349,3.5203,0.9224,0.4077,5.6767,4.1286,0.8588,0.523,4.9932,1.9314,0.8676,0.461,4.8305,3.3919,0.7309,0.5723,4.1245,1.0825,0.8188,0.4909,4.5058,1.9446,1,2,2,3,1.924327675,2.019192165,2.111983665,2.146290754,2.102486394,2.31241408,2.312456426,2.495013577,5.312512211,1.4448,5.264817823
-0.231900485,-0.088899537,8.61029524,1.449940989,2.262284934,-3.504039605,2.3035,6.132793893,0.7693,0.7143,3.7125,0.4955,0.8705,0.5266,4.4835,2.2157,0.7987,0.6598,3.9262,0.3051,0.6848,0.718,3.4223,0.5959,0.7858,0.5276,4.1242,2.1932,0.7534,0.6648,3.7409,0.5326,1,2,2,4,1.912659405,2.054805587,2.083791256,2.490590492,2.102525563,2.312513889,2.31248483,3.519954779,4.968404285,1.4448,4.903089987
-0.221893472,-0.087020905,7.04012599,0.73239376,1.225567713,-3.506541949,2.4522,6.132794506,0.8667,0.5758,5.3161,2.5145,0.9361,0.3024,5.9663,4.5035,0.8041,0.2916,4.3382,2.0148,0.7191,0.6021,4.4743,1.6317,0.8509,0.3505,5.0896,3.887,0.6561,0.7158,3.4995,0.1256,1,1,2,2,1.952921913,2.009340688,2.082189713,2.082189713,2.102574297,2.103363766,2.312505239,2.312505641,4.948110564,1.4448,5.301029996
-0.215555209,-0.093328365,16.41261664,1.858837851,2.287308952,-3.698319051,2.04201,6.132793762,0.8197,0.633,5.3027,2.722,0.9258,0.4908,6.4873,5.1571,0.9031,0.5286,6.6423,3.4942,0.7436,0.6145,4.5532,3.0077,0.8296,0.521,5.5344,4.5028,0.732,0.5986,4.3859,0.6032,2,1,2,4,1.963586769,1.987529874,2.178510041,2.396812258,2.312385882,2.102402659,2.312606127,3.519959084,4.772503675,1.4448,4.872096784
-0.211799163,-0.096810271,8.42384933,0.843232778,2.045870392,-3.0839147,1.89227,6.132792179,0.8754,0.6008,4.9928,0.8125,0.8588,0.6493,5.268,1.5792,0.88,0.6392,5.255,1.8487,0.7696,0.6099,4.2488,0.8018,0.7531,0.6475,4.2378,0.9971,0.7754,0.7236,4.254,0.526,2,2,3,3,1.986501951,1.987868708,2.015524001,2.027042427,2.312199684,2.3122291,2.495035943,2.495033818,5.107835036,1.4448,4.227886705
-0.191494542,-0.075775834,5.09398601,1.797475288,2.401848391,-3.593800576,2.14921,6.132794737,0.9301,0.4538,5.452,4.336,0.9481,0.4382,5.9452,4.3335,0.9762,0.3365,5.6263,4.5652,0.8851,0.4564,5.1073,4.2891,0.8237,0.4967,4.3859,3.6526,0.7695,0.5555,4.3959,2.8076,1,1,2,2,1.972946274,1.98845191,2.127846329,2.191277481,2.102076587,2.102234214,2.313326841,2.312527191,4.850627235,1.406,5.431798276
-0.18057512,-0.08170097,7.76066887,2.096318971,2.652536419,-3.012244383,1.77223,6.13279445,0.9591,0.3267,5.1931,3.9635,0.9305,0.4079,4.912,3.3375,0.9347,0.3285,4.2979,3.5076,0.9349,0.3297,5.0067,3.9419,0.8712,0.4095,4.6743,3.3269,0.8857,0.3267,3.9588,3.1726,1,1,2,2,1.970854383,1.992658024,2.167834173,2.170732826,2.102093203,2.102212145,2.312770381,2.312838834,5.304609407,1.4906,5.276461804
-0.213996934,-0.104757291,14.75785379,1.723865964,1.747567163,-3.686343653,1.98368,6.132796637,0.9098,0.4681,6.3509,4.8644,0.8622,0.4796,4.7388,2.7923,0.9533,0.3577,6.6958,5.4134,0.8523,0.4767,5.8972,4.6069,0.8193,0.4857,4.4792,2.7297,0.7023,0.5779,4.2711,1.7631,1,2,1,2,1.923189538,1.989344113,2.027656036,2.176341885,2.103172784,2.312498049,2.102371988,2.312641626,4.844809728,1.4448,4.942008053
-0.197389039,-0.068287308,9.01264829,0.811575006,1.595936906,-3.080869586,2.41924,6.13279502,0.906,0.6007,5.5715,2.2758,0.9285,0.5288,5.6301,2.7391,0.8817,0.6734,5.1519,1.2539,0.7892,0.6072,4.808,2.1298,0.7722,0.6331,4.4427,1.7787,0.874,0.571,5.2364,2.3581,1,1,2,2,1.973566822,1.993244842,2.158292381,2.18100917,2.102183485,2.102080569,2.312509109,2.312798956,5.375367753,1.4448,4.797959644
-0.236990333,-0.093035564,24.4593385,1.881612872,1.980321586,-3.372531728,2.41866,6.132792516,0.8551,0.5209,4.5407,1.8126,0.9532,0.5782,5.5184,1.2893,0.8871,0.5252,4.8506,1.9948,0.6878,0.5428,3.428,1.515,0.7245,0.5629,3.7573,1.1581,0.6536,0.6623,3.5646,1.2683,2,2,2,2,2.009982587,2.019352619,2.025017531,2.051172835,2.312564493,2.312504266,2.312430727,2.312377145,5.087019966,1.4448,5.021189299
-0.201541569,-0.061472749,11.1719099,1.54567815,2.122674513,-3.514420523,2.59609,6.132794867,0.9353,0.5527,5.3049,2.8262,0.866,0.5812,4.8231,1.7312,0.8752,0.6485,5.1966,2.0159,0.7473,0.5809,4.2769,2.461,0.8033,0.5941,4.2804,1.9993,0.856,0.6033,4.8878,2.0753,1,1,2,2,1.981367457,1.987861665,2.16958844,2.177326112,2.102062647,2.102169275,2.312497689,2.31275193,5.208511618,1.4448,5.028333599
-0.220911013,-0.094455305,16.54416348,2.075838826,1.607669437,-5.11,2.12161,6.132793494,0.9079,0.5293,5.8348,3.8666,0.9498,0.5312,6.4755,4.6344,0.8251,0.6283,5.0297,2.0961,0.7285,0.5342,3.9502,4.1928,0.7522,0.6204,4.3266,1.8125,0.8594,0.5441,5.796,3.6979,2,1,2,4,1.971036529,2.005501683,2.180313051,2.387242133,2.312392186,2.102354764,2.312596189,3.519958722,3.470854434,1.4448,4.803705355
-0.240136234,-0.104252441,19.46192418,2.443888547,1.395501124,-3.959002308,2.19685,6.13279359,0.8611,0.6297,4.9682,1.955,0.8643,0.5947,4.7946,2.1695,0.8473,0.2307,4.4564,3.2014,0.7092,0.7096,3.9276,1.4107,0.8034,0.5178,4.5625,2.6453,0.7753,0.6626,4.2251,1.071,2,1,2,4,1.967579986,2.004433835,2.185423986,2.378519287,2.312393201,2.102439434,2.312601074,3.519959448,4.522677297,1.4448,4.849950543
-0.238247925,-0.10250809,8.20273225,1.042575512,2.359816517,-3.107182176,2.2417,6.132793846,0.8126,0.6351,3.9612,1.2534,0.8789,0.5221,4.3957,2.3848,0.7842,0.3064,3.4366,2.0043,0.7154,0.6407,3.5477,1.204,0.7911,0.5553,3.9675,1.5886,0.7715,0.6632,3.8653,0.6164,1,2,2,4,1.907079967,2.049149092,2.094307045,2.479005849,2.102522717,2.312548211,2.312522898,3.519954855,5.327780393,1.4448,4.86923172
-0.231285858,-0.104670444,15.7613557,2.862596446,1.767823498,-3.611543547,2.08069,6.13279407,0.8468,0.5365,4.7066,2.2624,0.8527,0.5936,5.1839,1.3435,0.8006,0.3201,4.2588,3.4362,0.7512,0.606,4.493,1.5846,0.8071,0.5247,4.4725,2.6045,0.7826,0.5673,4.4264,1.8321,2,1,2,4,1.929212015,2.01891877,2.185745639,2.373536812,2.312438743,2.102390205,2.31263042,3.519957128,4.838833562,1.4448,4.956534306
-0.228907232,-0.092249813,7.26101993,1.105510185,2.292765404,-3.466227942,2.24153,6.132793821,0.8102,0.6826,3.8704,0.9626,0.8451,0.5757,4.2094,1.9595,0.8096,0.7211,3.9348,0.5523,0.7163,0.6875,3.5121,0.9648,0.7585,0.5947,3.7647,1.6134,0.7597,0.732,3.8761,0.812,1,2,2,4,1.905051443,2.05741221,2.097238661,2.484024356,2.102474252,2.312513656,2.312496928,3.5199539,4.975572426,1.4448,4.745966567
-0.23407811,-0.102507766,17.44411137,2.453868506,1.706888395,-3.645699438,2.18489,6.132793533,0.8835,0.5535,5.1686,3.2082,0.8729,0.6496,4.8473,1.7769,0.8565,0.2309,4.5319,3.5391,0.7163,0.6005,4.0075,2.3653,0.8314,0.6056,4.7578,2.3649,0.7789,0.6108,4.3521,1.8586,2,1,2,4,1.96844812,2.008023406,2.185807631,2.38093175,2.31239098,2.102402487,2.312611328,3.519958479,4.719436635,1.4448,5.012837225
-0.198146265,-0.077092538,16.06855331,1.98668218,2.883519486,-3.571217489,1.90631,6.132794088,0.8259,0.5596,4.2392,1.6587,0.8811,0.48,4.8818,2.9268,0.5455,0.528,3.1499,1.465,0.7322,0.561,3.6228,1.6471,0.8001,0.4964,4.4128,2.7125,0.6787,0.6256,3.8826,1.2468,1,1,3,3,1.954418072,1.981254401,2.116499468,2.120667348,2.102434323,2.102707026,2.495032665,2.49493683,4.960745288,1.412,4.589949601
-0.209850279,-0.081128116,4.98917458,0.57863921,1.531989551,-4.33,2.25826,6.132794095,0.9526,0.4735,5.3411,3.803,0.9688,0.4087,6.2749,4.5834,0.7991,0.6448,4.078,1.2894,0.7432,0.5451,4.0297,2.6615,0.8232,0.5449,4.3482,2.494,0.8821,0.5066,5.376,3.0074,1,2,2,3,1.925699094,2.000727368,2.095523562,2.184918076,2.102507317,2.312324382,2.312496336,2.495007493,4.036767432,1.4448,4.848189117
-0.201997675,-0.094835775,13.06221445,0.668385917,2.359418056,-2.934793872,1.90282,6.132791746,0.9635,0.4066,5.0023,3.075,0.9658,0.4061,5.4121,3.1328,0.9001,0.557,4.9123,2.2838,0.9311,0.4084,4.7703,3.0552,0.9258,0.417,4.9558,3.0738,0.7476,0.6228,3.9136,1.746,2,2,3,3,2.000617155,2.000617155,2.007933764,2.007933764,2.312409616,2.312409722,2.495046653,2.495046626,5.268085855,1.4969,5.056904851
-0.212798718,-0.103257458,14.23456064,0.953276337,2.486699616,-3.094906032,1.97194,6.132792095,0.9177,0.4234,5.1677,3.211,0.9442,0.4242,5.5949,3.2747,0.8701,0.4814,4.9952,3.2884,0.8831,0.4259,4.9275,3.165,0.8748,0.4348,5.0698,3.0398,0.7031,0.5872,3.8759,1.7329,2,2,3,3,1.988829555,1.991709065,2.004877303,2.007252351,2.31237137,2.312340504,2.494970204,2.494961117,5.207400086,1.4448,4.891537458
-0.210260253,-0.063436734,12.80502413,1.62838893,2.390104564,-2.829738285,2.62942,6.132796108,0.8357,0.5155,4.0995,2.5043,0.9392,0.5321,5.0391,2.2944,0.8893,0.5302,4.518,2.283,0.7083,0.5219,3.4296,2.4532,0.7979,0.5261,4.1901,2.7485,0.7711,0.5464,3.8427,1.8834,1,1,1,2,1.949433251,2.045835282,2.052791758,2.16900461,2.102179264,2.102183897,2.102821345,2.312597733,5.759917951,1.4448,5.243038049
-0.236121179,-0.087860072,7.70217029,1.671080233,2.295962732,-3.306185146,2.43699,6.132793866,0.7706,0.7159,3.769,0.662,0.8529,0.5785,4.4305,0.3693,0.7324,0.2925,3.3498,2.0781,0.6804,0.7135,3.415,0.7493,0.7697,0.6412,4.0214,1.3437,0.6953,0.6465,3.469,1.5232,1,2,2,4,1.918026329,2.045474517,2.086229613,2.488007235,2.102501966,2.312489103,2.312457758,3.519955331,5.214989285,1.4448,5.041892161
-0.209674765,-0.103976175,15.63461658,1.185542155,2.49780013,-3.138943755,1.89547,6.132792269,0.928,0.4172,5.2994,3.3511,0.9499,0.4159,5.5937,3.2424,0.8688,0.5087,4.8031,2.0569,0.8946,0.4193,5.0576,3.2914,0.8925,0.4264,5.1533,3.1193,0.7207,0.5617,3.859,1.8311,2,2,3,3,1.984996977,1.994769661,2.005479992,2.005567501,2.312334707,2.312356053,2.494979651,2.495005812,5.105375973,1.4448,4.749736316
-0.202140759,-0.059869082,9.73274583,1.11991541,1.874423831,-3.444059562,2.61019,6.132794811,0.9397,0.5675,5.1613,2.5613,0.8758,0.5813,4.7875,1.6103,0.8701,0.6576,5.0112,1.976,0.7319,0.5968,4.1104,2.1663,0.8343,0.5989,4.3585,1.9686,0.8529,0.6088,4.7533,1.7926,1,1,2,2,1.96853575,1.985901558,2.1668784,2.209421644,2.102127705,2.102162341,2.312766577,2.312506889,5.351464665,1.4448,5.16185082
-0.208064739,-0.083249201,4.72258851,0.860338007,2.343703932,-3.041054068,2.33967,6.132793692,0.9325,0.4725,5.319,3.0886,0.8462,0.4759,4.7735,2.8104,0.9447,0.4409,5.9532,3.0141,0.8503,0.4791,4.7054,2.9919,0.7373,0.5677,3.9982,1.9815,0.7928,0.5372,4.3144,1.9874,1,2,2,3,1.956187619,2.013954816,2.084124756,2.090051913,2.102385745,2.312387786,2.312513741,2.494744555,5.534638615,1.4448,5.195899652
-0.206883206,-0.094504337,6.51292619,1.373647472,2.018450832,-3.195928751,1.8318,6.13279209,0.8797,0.6006,5.023,1.2139,0.8688,0.6244,5.2794,1.8935,0.8974,0.6109,5.4511,2.4309,0.7782,0.6058,4.1959,1.2522,0.7504,0.6242,4.0871,1.3666,0.7569,0.744,4.2446,0.5263,2,2,3,3,1.976421261,1.986082828,2.027571454,2.036485453,2.312203155,2.31219615,2.494801531,2.49477736,4.967772738,1.4448,4.447158031
-0.213185506,-0.102657022,16.72642817,1.758230408,1.873204309,-3.577738549,2.01288,6.132796619,0.9131,0.4625,6.16,4.3779,0.8875,0.258,5.0971,3.9669,0.8649,0.4982,4.692,2.841,0.8571,0.4704,5.7538,4.1666,0.8178,0.5021,4.4164,2.7895,0.8772,0.2599,5.0329,3.9385,1,2,1,2,1.923331225,1.993113394,2.02826872,2.170845688,2.103172544,2.312480326,2.102372811,2.312648602,4.925960131,1.4448,4.954242509
-0.21456665,-0.102787152,13.70584845,1.764699064,1.939818663,-3.472756884,2.04779,6.132796705,0.9421,0.4236,5.8962,4.637,0.914,0.4999,4.4952,2.9189,0.9501,0.379,6.1959,4.8981,0.8987,0.4347,5.5057,4.5094,0.8461,0.5064,4.2312,2.8721,0.6944,0.6234,3.638,1.7246,1,2,1,2,1.917045905,2.002419786,2.028084071,2.166457939,2.103161825,2.312509363,2.102368591,2.312655748,5.010655109,1.4448,5
-0.21073066,-0.098472188,15.84549088,0.419955748,2.53277985,-3.293282218,2.06327,6.132791623,0.9616,0.4339,5.1821,3.0145,0.9693,0.4337,5.6045,3.1569,0.8834,0.5202,5.0464,3.0545,0.9205,0.4389,4.9228,2.9775,0.8968,0.4527,4.9426,2.903,0.7439,0.6011,3.8649,1.5733,2,2,3,3,2.00140001,2.003016226,2.017117994,2.018247259,2.31236551,2.312370185,2.494946654,2.494956491,5.007063791,1.4448,4.851258349
-0.217362528,-0.100769018,15.7925742,2.029992175,2.434057669,-3.388276692,2.03412,6.132794231,0.855,0.5162,5.3548,3.9421,0.8522,0.6532,5.1525,2.4329,0.873,0.555,5.443,2.8042,0.7831,0.5359,4.8197,3.7305,0.7998,0.6442,4.793,2.5774,0.7536,0.5694,4.2002,2.7333,2,1,2,4,1.95735587,1.977963346,2.163012945,2.401751652,2.312420278,2.102393396,2.312636065,3.519959936,5.019700962,1.4448,4.861697302
-0.237676255,-0.092869345,7.94948612,1.782472624,2.28688292,-3.432503109,2.39399,6.132793823,0.7948,0.6993,3.8647,0.7073,0.8336,0.6034,4.2605,1.3623,0.7513,0.2861,3.374,2.0328,0.6873,0.7022,3.446,0.7633,0.7463,0.6934,3.9402,0.7044,0.7522,0.611,3.7864,1.474,1,2,2,4,1.911626794,2.053440284,2.096805666,2.49426422,2.102568981,2.312516617,2.312491725,3.519954878,5.104735825,1.4448,4.860338007
-0.202469635,-0.07922523,16.39340408,1.96118371,2.876731529,-3.438064237,1.9609,6.132794123,0.8228,0.5699,4.1615,1.6055,0.8768,0.4867,4.838,3.0217,0.6291,0.4928,3.6948,0.9218,0.7377,0.5712,3.5948,1.5868,0.7818,0.5082,4.2636,2.7447,0.6913,0.5983,3.7635,0.6046,1,1,3,3,1.953637889,1.979084637,2.113562396,2.118938177,2.102438714,2.10269825,2.495029484,2.494955199,5.071848495,1.412,4.710963119
