Structure,HOMO,LUMO,dipolemoment,H_T1_S1,H_T1_S0,f,emission_energy,density_Pt,CT_S1,R_EH _S1a,LAMBDA_S1,R_EH _S1b,CT_S2,R_EH _S2a,LAMBDA_S2,R_EH _S2b,CT_S3,R_EH _S3a,LAMBDA_S3,R_EH _S3b,CT_T1,R_EH _T1a,LAMBDA_T1,R_EH _T1b,CT_T2,R_EH _T2a,LAMBDA_T2,R_EH _T2b,CT_T3,R_EH _T3a,LAMBDA_T3,R_EH _T3b,coor_bond_type (1),coor_bond_type (2),coor_bond_type (3),coor_bond_type (4),coor_bond_length (1),coor_bond_length (2),coor_bond_length (3),coor_bond_length (4),density_coor (1),density_coor (2),density_coor (3),density_coor (4),Calc_Kr,Calc_lambda,refractive_index,Quantum Yield,Exp. Kr,lambda,Exp. lifetime,,Refer,,
1,-0.208714871,-0.083881578,5.95736678,6.94,7.62,2.42E-05,2.22848,1357669.405,0.9489,0.5092,5.2815,3.6235,0.9736,0.3426,6.4109,5.2569,0.8051,0.682,4.1221,1.2335,0.7808,0.5579,4.2511,2.8412,0.7893,0.6075,4.1751,1.9764,0.8304,0.5264,4.8664,2.5432,1,2,2,3,1.926189243,2.00241654,2.096454388,2.204113881,126.62195,205.27004,205.34631,312.60859,5422.283649,556.4330844,1.4448,0.8,28571.42857,488,28,,"Chem. Eur. J. 2013, 19, 69-73",,
2,-0.20941224,-0.081400266,4.04347196,12.54,2.49,3.54E-05,2.28075,1357669.662,0.9367,0.5306,5.1208,3.3514,0.9787,0.3259,6.5025,5.3774,0.7716,0.6891,4.0764,1.0429,0.7738,0.5744,4.1671,2.6339,0.7667,0.601,4.1883,1.9119,0.8739,0.4825,5.3978,3.2573,1,2,2,3,1.92645737,1.998720591,2.093994747,2.191680177,126.6148,205.26856,205.34755,312.60225,8127.560336,543.6808068,1.4448,0.75,42372.88136,482,17.7,,"Adv. Mater. 2013, 25, 6765-6770",,
3,-0.201541569,-0.061472749,11.1719099,35.13,132.64,0.0003059,2.59609,1357672.019,0.9353,0.5527,5.3049,2.8262,0.866,0.5812,4.8231,1.7312,0.8752,0.6485,5.1966,2.0159,0.7473,0.5809,4.2769,2.461,0.8033,0.5941,4.2804,1.9993,0.856,0.6033,4.8878,2.0753,1,1,2,2,1.981367457,1.987861665,2.16958844,2.177326112,126.49188,126.52294,205.35141,205.47166,161626.1464,477.6413761,1.4448,0.95,106741.573,444,8.9,,"Inorg. Chem. 2017, 56, 8244",,
4,-0.201967064,-0.062763904,9.2317541,15.4,66.09,0.0004223,2.53544,1357672.472,0.9379,0.6108,5.5525,2.172,0.9068,0.583,5.5038,2.1472,0.8769,0.604,5.1273,1.5772,0.7418,0.6003,4.4402,2.0643,0.8507,0.5965,4.703,1.6997,0.833,0.5914,4.8817,2.0603,1,1,2,2,1.97984166,1.988014839,2.164046672,2.169133007,126.49671,126.52308,205.48241,205.36676,140986.6456,489.0669864,1.4448,0.48,97959.18367,450,4.9,,"J. Phys. Chem. Lett. 2018, 9, 2285",,
5,-0.203538398,-0.090604057,11.6870172,66.76,228.46,0.0008813,2.28372,1357673.321,0.9726,0.3028,6.4221,5.2302,0.9563,0.3563,6.1922,4.7207,0.9548,0.3972,6.6879,5.333,0.9387,0.3138,6.0895,5.126,0.8872,0.3839,5.6862,4.392,0.7991,0.4605,5.0899,3.8242,1,1,2,2,1.97044056,1.982433605,2.14836077,2.153747664,126.49565,126.52371,205.42517,205.46329,340537.3043,542.9737446,1.4448,0.19,237500,546,0.8,,"Inorg. Chem. 2017, 56, 8244",,
6,-0.20239907,-0.058866058,10.58289681,20.54,91.29,0.0004171,2.63634,1357672.61,0.9321,0.6085,5.322,2.2959,0.872,0.6024,4.8327,1.4562,0.8792,0.641,5.135,2.1361,0.7307,0.6137,4.1766,2.0882,0.8334,0.6097,4.5196,1.791,0.8367,0.6185,4.7489,1.7174,1,1,2,2,1.975264539,1.987008304,2.160145828,2.170830947,126.50282,126.52138,205.46434,205.3575,266994.1334,470.3490445,1.4448,0.89,89000,444,10,,"Inorg. Chem. 2017, 56, 8244",,
7,-0.202349457,-0.061460305,10.73888164,20.86,101.74,0.000633,2.64212,1357672.611,0.9474,0.5381,5.3229,2.8452,0.8865,0.5883,4.8369,1.8507,0.8839,0.6806,5.1662,1.6245,0.7406,0.5954,4.2331,2.148,0.8258,0.5976,4.3725,1.9421,0.8601,0.5968,4.8916,1.9344,1,1,2,2,1.975726702,1.986762442,2.158305354,2.173625773,126.50301,126.52052,205.46383,205.36975,281079.7518,469.3200914,1.4448,0.82,234285.7143,450,3.5,,"Inorg. Chem. 2017, 56, 8244",,
8,-0.202140759,-0.059869082,9.73274583,13.18,74.89,0.0003597,2.61019,1357671.841,0.9397,0.5675,5.1613,2.5613,0.8758,0.5813,4.7875,1.6103,0.8701,0.6576,5.0112,1.976,0.7319,0.5968,4.1104,2.1663,0.8343,0.5989,4.3585,1.9686,0.8529,0.6088,4.7533,1.7926,1,1,2,2,1.96853575,1.985901558,2.1668784,2.209421644,126.51083,126.52092,205.47859,205.35576,224628.4008,475.0612024,1.4448,0.45,145161.2903,450,3.1,,"Inorg. Chem. 2017, 56, 8244",,
9,-0.206185853,-0.098690503,9.01741482,43.26,245.1,0.0005421,2.05075,1357673.618,0.9694,0.3158,5.4237,4.1378,0.9531,0.3754,5.2623,3.6634,0.9658,0.3402,5.8127,4.6313,0.9402,0.3214,5.1798,4.0918,0.9162,0.3771,5.1341,3.6487,0.8866,0.3667,5.2652,4.1951,1,1,2,2,1.967514676,1.982948814,2.146892871,2.156862073,126.49679,126.52122,205.46028,205.47335,187371.4117,604.6568329,1.4448,0.011,18333.33333,568,0.6,,"Inorg. Chem. 2017, 56, 8244",,
10,-0.200364762,-0.052329628,13.19867611,75.59,86.77,0.000532,2.63615,1357672.509,0.8741,0.7398,5.1711,0.6824,0.8581,0.628,4.9859,1.4305,0.8631,0.6381,4.8999,0.4665,0.7149,0.7246,4.0796,0.6934,0.7827,0.6423,4.3546,0.4524,0.7949,0.6408,4.4662,0.5204,1,1,2,2,1.976535606,1.98736031,2.160698267,2.172837776,126.5018,126.5234,205.46598,205.3159,223773.9414,470.3829448,1.4448,0.8,59259.25926,442,13.5,,"Inorg. Chem. 2017, 56, 8244",,
11,-0.204344547,-0.092466998,9.51301,54.08,463.64,0.001618,2.13139,1357671.729,0.9538,0.3274,5.2451,3.9316,0.9213,0.4327,5.0106,3.2253,0.8906,0.3149,5.236,1.0447,0.9217,0.3359,5.0015,3.8111,0.853,0.4321,4.7259,3.199,0.8572,0.3588,4.8944,1.0944,1,1,2,2,1.971336095,1.992324522,2.171083831,2.171572241,126.4925,126.52393,205.44444,205.47348,492092.7415,581.7799652,1.4448,0.53,294444.4444,496,1.8,,"Inorg. Chem. 2017, 56, 8244",,
12,-0.206302415,-0.07969944,9.25411474,147.21,2008.2,3.69E-05,1.83581,1357668.76,0.5089,0.5483,1.9909,0.0987,0.503,0.6227,2.0219,0.2739,0.9101,0.4656,6.1448,3.75,0.4907,0.5484,1.939,0.1016,0.5021,0.6207,2.0126,0.2662,0.7315,0.5249,4.7475,2.5662,1,1,2,1,2.073003859,2.081240015,2.61490822,2.893265629,126.46735,126.48071,205.42748,126.53376,6457.635632,675.4511632,1.4448,0.31,119230.7692,508,2.6,,"Chem. Mater. 2016, 28, 3276",,
13,-0.203245363,-0.062108655,10.22473423,24.2,93.67,0.0008078,2.62876,1357671.423,0.9236,0.6015,5.5455,2.0819,0.9292,0.4999,5.8995,3.2389,0.859,0.6217,5.1932,1.9929,0.7401,0.6091,4.3831,1.9737,0.7538,0.6052,4.3781,1.2647,0.792,0.5971,4.7886,2.1492,1,1,2,2,1.977539886,1.994009278,2.161619994,2.250840954,126.49538,126.54297,205.36834,205.3713,256820.7268,471.7052907,1.4448,0.36,43373.49398,460,8.3,,"J. Mater. Chem. C, 2017, 5, 9496",,
14,-0.210032038,-0.067738141,11.1566583,59.49,135.26,0.0001896,2.28558,1357672.895,0.8039,0.7064,3.9379,0.5151,0.9061,0.5634,4.9617,1.6608,0.9124,0.4744,4.8819,2.602,0.6854,0.6874,3.3267,0.455,0.788,0.6607,3.9846,1.3937,0.802,0.5028,4.1613,2.6218,1,1,2,2,1.970097967,2.004659572,2.122764471,2.1724065,126.54732,126.51223,205.39164,205.37231,79767.86403,542.5318737,1.4448,0.64,71111.11111,468,9,,"Inorg. Chem. 2013, 52, 7344",,
15,-0.192785228,-0.057872679,1.69769302,127.1,106.52,0.00025,2.30144,1357673.342,0.8226,0.6125,4.0038,0.993,0.8944,0.5668,4.3664,1.2063,0.7947,0.3078,3.4461,1.1591,0.7482,0.6122,3.6256,0.9519,0.74,0.5971,3.4498,0.6077,0.7184,0.6851,3.6948,0.6588,1,1,2,2,1.95376278,1.978912328,2.108718094,2.139895558,126.57105,126.56436,205.42952,205.42769,105748.5248,538.7931034,1.406,0.88,290429.0429,477,3.03,,"Angew. Chem. Int. Ed. 2017, 56, 9160",,
16,-0.191755464,-0.057956088,1.55173032,133.8,123.72,0.0002497,2.27177,1357673.956,0.8227,0.6121,4.0034,1.074,0.8956,0.5656,4.3873,1.355,0.796,0.3718,3.4443,1.1812,0.7478,0.6115,3.6242,1.0294,0.7442,0.5921,3.4877,0.6477,0.7195,0.6788,3.7021,0.6749,1,1,2,2,1.951061762,1.97944765,2.099232955,2.136987131,126.57142,126.56596,205.43145,205.42625,99686.81573,545.8299036,1.406,0.9,254957.5071,477,3.53,,"Angew. Chem. Int. Ed. 2017, 56, 9160",,
17,-0.207465891,-0.090142499,11.50353094,158.01,817.73,0.0001485,1.77325,1357667.727,0.8172,0.5418,4.3235,1.9022,0.8349,0.4949,4.4535,2.4806,0.5057,0.5273,2.8966,2.0622,0.7141,0.5457,3.5645,1.8755,0.7882,0.5037,4.2506,2.3872,0.6186,0.6125,3.6255,1.3904,1,1,3,3,1.959596387,1.971804503,2.118043673,2.118064683,126.617,126.71898,312.72961,312.6849,42023.06235,699.2809812,1.4305,0.01,62500,434,0.16,,"Angew. Chem. 2018, 130, 14325",,
18,-0.23060676,-0.10677337,15.33259915,27.57,345.21,0.0006371,2.12369,1357669.183,0.8541,0.5234,4.4608,3.0537,0.8483,0.4859,4.0555,2.5567,0.8224,0.6506,4.1408,1.4911,0.8057,0.5307,4.183,3.0097,0.7217,0.537,3.5064,2.3259,0.7297,0.6131,3.6743,1.7332,1,2,2,4,1.973755811,1.977385142,2.118224964,2.399688521,126.59587,205.32071,205.43204,3311.01211,161340.8246,583.8893624,1.4448,0.03,49019.60784,565,0.5,,"Inorg. Chem. 1999, 38, 4046",,
19,-0.235616956,-0.105836881,16.39923495,797.03,119.29,0.0003037,2.10281,1357669.863,0.8427,0.6038,4.6375,2.2363,0.8302,0.6363,4.6262,1.9304,0.8817,0.5517,4.8647,2.6047,0.7394,0.6114,4.1897,2.1397,0.8001,0.6295,4.4016,2.0319,0.7523,0.5782,3.898,2.1381,2,1,2,4,1.921590227,2.018833822,2.195051252,2.366087488,205.33361,126.58646,205.41446,3310.98496,88789.04168,589.6871329,1.4448,0.05,86666.66667,564,0.6,,"Inorg. Chem. 1999, 38, 4046",,
20,-0.235909743,-0.107209133,14.57355426,787.21,115.84,0.0002867,2.08252,1357669.954,0.8439,0.6165,4.7102,2.1147,0.83,0.632,4.7936,1.9259,0.8851,0.5492,4.9642,2.5467,0.7404,0.6161,4.3143,2.0662,0.8026,0.6333,4.4804,1.9365,0.759,0.5668,3.9551,1.993,2,1,2,4,1.92278678,2.018271042,2.189813234,2.364201768,205.33235,126.58849,205.41246,3310.98023,87934.22466,595.4324568,1.4448,0.05,103846.1538,568,0.5,,"Inorg. Chem. 1999, 38, 4046",,
21,-0.230409572,-0.106916556,17.0127554,30.44,351.07,0.0009504,2.12858,1357669.121,0.8579,0.5101,4.6027,3.0362,0.8462,0.4725,4.3231,1.6551,0.831,0.3732,4.0914,2.3538,0.8124,0.5147,4.3103,2.986,0.7564,0.5517,4.0498,1.3968,0.7121,0.61,3.7703,1.8721,1,2,2,4,1.973638771,1.976072873,2.121343442,2.399301148,126.59474,205.30974,205.43418,3311.01034,221503.8982,582.5479897,1.4448,0.06,103225.8065,562,0.6,,"Inorg. Chem. 1999, 38, 4046",,
22,-0.230020067,-0.103235699,17.7063429,780.49,20.9,0.0002534,2.08519,1357669.683,0.8506,0.5173,4.6647,2.6471,0.8517,0.5999,5.0814,1.4715,0.8073,0.3177,4.1643,3.2321,0.7551,0.6093,4.4773,1.529,0.81,0.5146,4.4298,2.7773,0.7828,0.3159,4.0591,3.22,2,1,2,4,1.925360486,2.020692208,2.181524467,2.371319042,205.32056,126.58717,205.41759,3310.97889,73512.57997,594.6700301,1.4448,0.07,94444.44444,563,0.7,,"Inorg. Chem. 1999, 38, 4046",,
23,-0.231285858,-0.104670444,15.7613557,728.78,58.59,0.0002446,2.08069,1357669.526,0.8468,0.5365,4.7066,2.2624,0.8527,0.5936,5.1839,1.3435,0.8006,0.3201,4.2588,3.4362,0.7512,0.606,4.493,1.5846,0.8071,0.5247,4.4725,2.6045,0.7826,0.5673,4.4264,1.8321,2,1,2,4,1.929212015,2.01891877,2.185745639,2.373536812,205.32354,126.58732,205.41418,3310.98435,68997.53291,595.9561492,1.4448,0.06,90476.19048,566,0.6,,"Inorg. Chem. 1999, 38, 4046",,
24,-0.220757237,-0.089461868,15.56262923,114.46,35.73,6.55E-06,2.12731,1357667.749,0.8823,0.6421,5.1643,2.5812,0.9608,0.3998,6.7558,5.7137,0.8042,0.6414,4.7002,1.2527,0.7213,0.6295,3.7959,2.9088,0.7518,0.6063,4.3811,1.883,0.7839,0.571,4.7448,2.3481,2,1,2,4,1.975851462,2.003785667,2.177917583,2.386653096,205.30762,126.57826,205.39589,3310.99678,2496.884895,582.8957698,1.4448,0.2,36363.63636,529,5.5,,"Chem. Eur. J. 2007, 13, 417",,
25,-0.219772754,-0.086890694,16.64718652,93.66,29.91,1.51E-05,2.1457,1357667.5,0.8906,0.5714,5.4787,3.5019,0.9542,0.5297,6.6165,4.9283,0.8174,0.6301,4.8512,1.6495,0.7141,0.56,3.7219,4.1671,0.7451,0.5755,4.6408,2.1416,0.8093,0.5978,4.9456,2.7697,2,1,2,4,1.975276436,2.005131666,2.181084363,2.389060485,205.3,126.57581,205.40104,3310.99469,3706.054778,577.899986,1.4448,0.29,47540.98361,525,6.1,,"Chem. Eur. J. 2007, 13, 417",,
26,-0.220911013,-0.094455305,16.54416348,119.08,40.52,7.72E-06,2.12161,1357667.724,0.9079,0.5293,5.8348,3.8666,0.9498,0.5312,6.4755,4.6344,0.8251,0.6283,5.0297,2.0961,0.7285,0.5342,3.9502,4.1928,0.7522,0.6204,4.3266,1.8125,0.8594,0.5441,5.796,3.6979,2,1,2,4,1.971036529,2.005501683,2.180313051,2.387242133,205.30153,126.57699,205.39799,3310.9965,2957.021172,584.4618002,1.4448,0.42,63636.36364,537,6.6,,"Chem. Eur. J. 2007, 13, 417",,
27,-0.220548134,-0.091186165,17.17957745,111.94,37.18,6.11E-06,2.12342,1357667.484,0.8956,0.584,5.5503,3.2643,0.9574,0.4822,6.64,5.2717,0.8155,0.6435,4.8752,1.4634,0.7238,0.5565,3.8537,3.8992,0.7546,0.6061,4.4347,1.7353,0.8295,0.5713,5.3613,3.0394,2,1,2,4,1.97402153,2.004819443,2.180490541,2.388643967,205.29765,126.57591,205.39824,3310.99736,1698.065213,583.9636059,1.4448,0.68,93150.68493,533,7.3,,"Chem. Eur. J. 2007, 13, 417",,
28,-0.234075962,-0.102499138,17.44339543,284.39,50.99,0.0002265,2.18529,1357667.848,0.8834,0.5531,5.1674,3.2114,0.8728,0.65,4.8465,1.7735,0.8564,0.2308,4.5312,3.5401,0.7163,0.6006,4.007,2.3623,0.8313,0.6053,4.7566,2.3675,0.7786,0.6111,4.3475,1.8548,2,1,2,4,1.96844812,2.008023406,2.185807631,2.38090844,205.30097,126.59091,205.40503,3310.99461,52551.4609,567.4304097,1.4448,0.78,102631.5789,530,7.6,,"Angew. Chem. Int. Ed. 2015, 54, 2084",,
29,-0.23489738,-0.104166226,20.31924521,261.57,53.48,0.0002249,2.18833,1357667.729,0.8852,0.5443,5.2715,3.4168,0.8672,0.6635,4.8102,1.6304,0.8919,0.5717,5.295,2.236,0.7182,0.6038,4.0385,2.3346,0.8294,0.6018,4.8102,2.4609,0.7747,0.6226,4.2918,1.5285,2,1,2,4,1.967807409,2.004895259,2.178445547,2.379865122,205.29907,126.57901,205.40102,3311.00374,51803.95994,566.6421426,1.4448,0.65,73033.70787,529,8.9,,"Angew. Chem. Int. Ed. 2015, 54, 2084",,
30,-0.237901694,-0.104586692,19.95495592,296.01,33.92,0.0001264,2.19814,1357666.962,0.8854,0.5499,5.2312,3.146,0.8645,0.6553,4.8288,1.7275,0.8915,0.6118,5.3146,1.9821,0.7113,0.6124,3.9537,2.1703,0.822,0.6085,4.7407,2.2495,0.7806,0.6145,4.3929,1.7488,2,1,2,4,1.966891456,2.022372122,2.16889488,2.3797565,205.30375,126.55026,205.39352,3311.00951,35728.12266,564.1132958,1.4448,0.14,70000,528,2,,"Angew. Chem. Int. Ed. 2015, 54, 2084",,
31,-0.240136234,-0.104252441,19.46192418,277.9,24.86,0.0001099,2.19685,1357668.026,0.8611,0.6297,4.9682,1.955,0.8643,0.5947,4.7946,2.1695,0.8473,0.2307,4.4564,3.2014,0.7092,0.7096,3.9276,1.4107,0.8034,0.5178,4.5625,2.6453,0.7753,0.6626,4.2251,1.071,2,1,2,4,1.967579986,2.004433835,2.185423986,2.378519287,205.30201,126.60167,205.4003,3311.00204,33317.87518,564.4445456,1.4448,0.63,70786.51685,534,8.9,,"Angew. Chem. Int. Ed. 2015, 54, 2084",,
32,-0.242572891,-0.107231117,21.69633129,253.12,10.61,0.0001779,2.20752,1357668.305,0.8337,0.6147,4.976,0.55,0.8445,0.6762,5.2071,0.7383,0.8013,0.2674,4.5286,2.5587,0.7076,0.7031,3.9277,1.8439,0.7355,0.5569,4.3157,0.3577,0.7676,0.6246,4.4893,0.8107,2,1,2,4,1.967148698,1.998984242,2.182436712,2.37796825,205.30127,126.61512,205.39575,3311.00474,49033.05921,561.7163151,1.4448,0.79,117910.4478,530,6.7,,"Angew. Chem. Int. Ed. 2015, 54, 2084",,
33,-0.227509587,-0.102201118,14.80902735,161.25,76.78,0.0002103,2.16479,1357667.973,0.8926,0.5273,5.5163,4.0201,0.8719,0.663,4.8934,1.6071,0.9085,0.4972,5.6361,3.4819,0.7435,0.5633,4.3567,3.0911,0.8128,0.5976,4.7851,2.6813,0.7946,0.5777,4.5806,2.6616,2,1,2,4,1.970460099,2.002317407,2.173275178,2.390103136,205.28633,126.58807,205.40309,3311.00066,46816.39603,572.8038285,1.4448,0.73,76842.10526,529,9.5,,"Angew. Chem. Int. Ed. 2015, 54, 2084",,
34,-0.211399724,-0.093982046,15.24187177,64.44,326.75,0.0009499,2.05808,1357669.125,0.8581,0.4514,5.2332,3.8227,0.9411,0.4152,6.2504,5.1783,0.8893,0.5424,5.9762,3.3479,0.7771,0.4542,4.5133,3.9231,0.8615,0.467,5.2558,4.3332,0.7277,0.6311,4.2584,1.3233,1,2,2,4,1.956136243,1.966381703,2.168675863,2.408163408,126.56959,205.31497,205.40666,3311.00492,212575.3734,602.5033041,1.4448,0.23,69696.9697,585,3.3,,"Angew. Chem. Int. Ed. 2015, 54, 2084",,
35,-0.221574325,-0.094850938,16.91273063,112.7,42.45,8.37E-06,2.12894,1357667.461,0.9113,0.4667,5.7358,4.2611,0.921,0.6172,5.4904,2.9043,0.8348,0.6017,4.7605,2.3332,0.7247,0.5731,3.8364,3.4109,0.8783,0.5112,5.7017,3.8776,0.7789,0.5961,4.3542,2.0524,2,1,2,4,1.973627371,2.00572705,2.188366971,2.386170572,205.30227,126.57536,205.41079,3310.99898,2213.244951,582.4494819,1.4448,0.1,142857.1429,561,0.7,,"Angew. Chem. Int. Ed. 2015, 54, 2084",,
36,-0.216290762,-0.093382036,15.44258745,62.07,242.54,0.0002234,1.85499,1357667.678,0.7784,0.6426,4.4023,1.7603,0.9228,0.4982,5.6376,4.1106,0.8373,0.5953,5.2359,1.6619,0.6511,0.6291,3.5382,2.0381,0.8188,0.5356,4.6521,3.5988,0.7099,0.6021,4.1525,0.4089,1,2,2,4,1.973090469,1.975780858,2.167324157,2.38910569,126.63036,205.29235,205.39178,3311.00769,44033.1494,668.4672155,1.4448,0.25,24752.47525,588,10.1,,"Angew. Chem. Int. Ed. 2015, 54, 2084",,
37,-0.208489732,-0.096803429,15.7373286,36.72,230.95,7.58E-05,1.66192,1357667.261,0.8068,0.6601,4.8006,2.2242,0.9352,0.4569,6.1086,4.748,0.8985,0.5569,6.0922,3.7021,0.6968,0.6471,3.955,2.4181,0.8594,0.4922,5.2153,4.4271,0.7112,0.61,4.2595,0.3118,2,1,2,4,1.979340547,1.981893539,2.163956793,2.395570287,205.29444,126.61251,205.39093,3311.02766,20519.04631,746.1249639,1.4448,0.03,7333.333333,644,4.5,,"Angew. Chem. Int. Ed. 2015, 54, 2084",,
38,-0.215555209,-0.093328365,16.41261664,72.25,193.78,0.0002003,2.04201,1357668.564,0.8197,0.633,5.3027,2.722,0.9258,0.4908,6.4873,5.1571,0.9031,0.5286,6.6423,3.4942,0.7436,0.6145,4.5532,3.0077,0.8296,0.521,5.5344,4.5028,0.732,0.5986,4.3859,0.6032,2,1,2,4,1.963586769,1.987529874,2.178510041,2.396812258,205.29855,126.59095,205.40269,3310.99926,59224.80987,607.2448225,1.4448,0.73,74489.79592,568,9.8,,"Chem. Eur. J. 2010, 16, 14131 ",,
39,-0.217362528,-0.100769018,15.7925742,107.15,271.68,0.000409,2.03412,1357670.029,0.855,0.5162,5.3548,3.9421,0.8522,0.6532,5.1525,2.4329,0.873,0.555,5.443,2.8042,0.7831,0.5359,4.8197,3.7305,0.7998,0.6442,4.793,2.5774,0.7536,0.5694,4.2002,2.7333,2,1,2,4,1.95735587,1.977963346,2.163012945,2.401751652,205.31481,126.58825,205.41685,3311.00576,104640.7785,609.6002202,1.4448,0.16,72727.27273,588,2.2,,"Chem. Eur. J. 2010, 16, 14131 ",,
40,-0.215333754,-0.091370858,14.62665425,58.2,184.89,5.87E-05,2.0405,1357668.572,0.8057,0.6611,5.0643,2.3595,0.9302,0.4635,6.5891,5.3774,0.9289,0.5032,6.9665,4.3304,0.7359,0.6461,4.4036,2.6259,0.8243,0.4937,5.5011,4.7893,0.7135,0.5655,3.9838,1.6622,2,1,2,4,1.966445016,1.988354848,2.175889933,2.395508088,205.30742,126.59117,205.39744,3311.00091,21008.94325,607.6941926,1.4448,0.35,38461.53846,563,9.1,,"Chem. Eur. J. 2010, 16, 14131 ",,
41,-0.227318252,-0.105530565,18.22254779,652.67,27.79,0.0001758,2.03866,1357669.264,0.8527,0.4984,5.0862,3.013,0.8558,0.6265,5.9814,2.0701,0.8084,0.3074,4.6749,4.0979,0.7632,0.6321,5.058,2.2331,0.815,0.4937,4.7947,3.2237,0.7712,0.5633,4.4643,1.0233,2,1,2,4,1.935924844,2.016905798,2.184717373,2.371270967,205.31563,126.587,205.41156,3310.98312,51212.6697,608.2426692,1.4448,0.07,70000,568,1,,"Chem. Eur. J. 2010, 16, 14131 ",,
42,-0.226120447,-0.10229907,18.69684113,512.74,59.42,0.0001284,2.08138,1357668.925,0.8505,0.5244,5.5121,2.5173,0.8498,0.6237,5.9675,0.9787,0.8065,0.2799,5.1208,4.6185,0.7551,0.6672,5.076,1.7153,0.8096,0.4876,5.0498,3.5687,0.7318,0.6032,4.3791,0.5179,2,1,2,4,1.942199526,2.014611873,2.183042602,2.375745357,205.3078,126.58616,205.40128,3310.98525,46361.00409,595.7585832,1.4448,0.47,35606.06061,558,13.2,,"Chem. Eur. J. 2010, 16, 14131 ",,
43,-0.21456665,-0.102787152,13.70584845,58.17,87.06,0.0003367,2.04779,1357677.762,0.9421,0.4236,5.8962,4.637,0.914,0.4999,4.4952,2.9189,0.9501,0.379,6.1959,4.8981,0.8987,0.4347,5.5057,4.5094,0.8461,0.5064,4.2312,2.8721,0.6944,0.6234,3.638,1.7246,1,2,1,2,1.917045905,2.002419786,2.028084071,2.166457939,126.81243,205.35693,126.58102,205.42616,102483.7738,605.5308406,1.4448,0.04,100000,582,0.4,,"J. Am. Chem. Soc. 2004, 126, 4958",,
44,-0.222685877,-0.104350927,16.44322784,65.99,76.47,0.0003563,2.1786,1357678.349,0.906,0.4437,5.8088,4.46,0.8597,0.5007,4.5165,2.8799,0.932,0.4195,6.0394,4.4244,0.8376,0.4586,5.3465,4.2538,0.8071,0.507,4.2417,2.821,0.6707,0.637,3.5937,1.5086,1,2,1,2,1.908727325,1.995732447,2.028476522,2.164502021,126.84405,205.35396,126.58163,205.41698,129689.3992,569.1728633,1.4448,0.06,100000,560,0.6,,"J. Am. Chem. Soc. 2004, 126, 4958",,
45,-0.213996934,-0.104757291,14.75785379,52.95,55.92,0.0002059,1.98368,1357677.551,0.9098,0.4681,6.3509,4.8644,0.8622,0.4796,4.7388,2.7923,0.9533,0.3577,6.6958,5.4134,0.8523,0.4767,5.8972,4.6069,0.8193,0.4857,4.4792,2.7297,0.7023,0.5779,4.2711,1.7631,1,2,1,2,1.923189538,1.989344113,2.027656036,2.176341885,126.81563,205.35158,126.58201,205.41948,69953.54498,625.1008227,1.4448,0.07,87500,597,0.8,,"J. Am. Chem. Soc. 2004, 126, 4958",,
46,-0.214306806,-0.10570902,12.93049992,51.17,51.45,0.000203,1.97358,1357677.611,0.9097,0.4698,6.4531,4.9741,0.8623,0.4741,4.7866,2.8164,0.9558,0.348,6.8055,5.5194,0.8525,0.48,5.9927,4.7248,0.8205,0.4819,4.5264,2.7353,0.7147,0.595,4.5021,1.6703,1,2,1,2,1.922395641,1.990273599,2.027373917,2.177689142,126.816,205.35093,126.58162,205.4208,67327.49209,628.2998409,1.4448,0.08,114285.7143,603,0.7,,"J. Am. Chem. Soc. 2004, 126, 4958",,
47,-0.213665761,-0.103368475,15.40133793,57.12,72.25,0.0002546,2.01049,1357677.519,0.9127,0.456,6.1759,4.6523,0.8864,0.2516,5.1048,4.0024,0.8634,0.4878,4.6765,2.8403,0.8579,0.465,5.7725,4.443,0.8175,0.4942,4.4069,2.7612,0.8762,0.252,5.0393,3.9891,1,2,1,2,1.92115408,1.994072717,2.02789053,2.17106057,126.81537,205.34697,126.5819,205.42282,82913.84724,616.7650672,1.4448,0.09,112500,597,0.8,,"J. Am. Chem. Soc. 2004, 126, 4958",,
48,-0.213185506,-0.102657022,16.72642817,57.31,74.68,0.0002644,2.01288,1357677.496,0.9131,0.4625,6.16,4.3779,0.8875,0.258,5.0971,3.9669,0.8649,0.4982,4.692,2.841,0.8571,0.4704,5.7538,4.1666,0.8178,0.5021,4.4164,2.7895,0.8772,0.2599,5.0329,3.9385,1,2,1,2,1.923331225,1.993113394,2.02826872,2.170845688,126.81556,205.3432,126.58225,205.42278,84325.7341,616.0327491,1.4448,0.09,90000,594,1,,"J. Am. Chem. Soc. 2004, 126, 4958",,
49,-0.215371121,-0.096039053,11.6299961,32.1,208.71,0.0003489,1.81621,1357675.822,0.8333,0.6079,4.2518,2.0724,0.9103,0.463,5.6386,4.0804,0.8413,0.6957,4.5641,1.5554,0.6813,0.6274,3.5266,1.9158,0.8143,0.6944,4.1592,1.5608,0.8549,0.4657,5.2674,3.991,1,1,2,2,1.969415395,1.976731899,2.01787066,2.17039812,126.62513,126.80294,205.33768,205.40728,62667.14675,682.740432,1.4448,0.05,50000,615,1,,"J. Am. Chem. Soc. 2004, 126, 4958",,
50,-0.215080207,-0.095046853,11.08598511,40.14,214.95,0.0002658,1.82223,1357675.68,0.8316,0.6053,4.2029,2.0003,0.9202,0.4001,6.0021,4.5278,0.8654,0.4991,4.474,2.5274,0.6776,0.6154,3.4729,1.8871,0.8169,0.6673,4.167,1.6584,0.8819,0.4094,5.6685,4.3444,1,1,2,2,1.969709623,1.978067997,2.019729932,2.173254242,126.62589,126.80015,205.33908,205.41083,58493.74857,680.4849004,1.4448,0.04,44444.44444,616,0.9,,"J. Am. Chem. Soc. 2004, 126, 4958",,
51,-0.216950039,-0.098265903,14.16272141,35.78,186.79,0.0002936,1.80369,1357676.263,0.8328,0.5972,4.2785,2.1089,0.8961,0.4866,5.419,3.7234,0.8327,0.7044,4.4183,1.5671,0.682,0.6184,3.5498,1.9751,0.8101,0.7017,4.1489,1.5912,0.8283,0.4818,5.0386,3.6803,1,1,2,2,1.96844939,1.971073312,2.016573331,2.163663791,126.83374,126.62436,205.33264,205.40034,53840.37864,687.4795558,1.4448,0.04,36363.63636,616,1.1,,"J. Am. Chem. Soc. 2004, 126, 4958",,
52,-0.208644559,-0.098210174,15.18480681,10.7,6.74,0.0002255,2.07626,1357677.251,0.918,0.4354,6.7111,5.1958,0.8877,0.2271,5.4182,4.2394,0.9571,0.3402,6.3903,4.5945,0.854,0.4451,6.133,4.8481,0.7853,0.5101,4.623,2.6359,0.8676,0.4161,5.5423,3.729,1,2,1,2,1.924149163,1.991097436,2.02636892,2.178057391,126.81117,205.34607,126.58153,205.40678,79884.75098,597.2277075,1.4448,0.27,77142.85714,573,3.5,,"Angew. Chem. Int. Ed. 2015, 54, 2084",,
53,-0.221703564,-0.100455359,18.6856941,3.6,9.76,0.0002882,2.24375,1357677.607,0.8953,0.5069,6.3092,4.3712,0.8626,0.4758,5.0265,3.0509,0.8698,0.2505,5.27,3.9977,0.8062,0.5188,5.5714,3.8407,0.7844,0.5157,4.5442,2.5447,0.7466,0.5645,4.4321,2.1239,1,2,1,2,1.925454232,1.97796006,2.025607069,2.176206332,126.84863,205.34214,126.58083,205.39788,97192.75229,552.6462396,1.4448,0.99,180000,521,5.5,,"Angew. Chem. Int. Ed. 2015, 54, 2084",,
54,-0.21597712,-0.094839157,15.8383216,27.84,159.36,0.000395,1.82999,1357675.49,0.8186,0.6288,4.595,1.743,0.9065,0.4854,5.6801,2.881,0.9224,0.4906,5.982,2.8107,0.6665,0.6182,3.6358,2.0215,0.8304,0.5216,4.6909,3.6801,0.8143,0.5056,5.3265,3.321,1,1,2,2,1.966424674,1.975964575,2.02010569,2.16356858,126.83484,126.62324,205.31916,205.38522,68146.99073,677.5993311,1.4448,0.66,75862.06897,591,8.7,,"Angew. Chem. Int. Ed. 2015, 54, 2084",,
55,-0.231390442,-0.089423879,9.68181763,47.47,193.97,0.0004165,2.32794,1357668.858,0.7938,0.688,3.7972,0.8683,0.8472,0.5629,4.2543,1.95,0.8101,0.6981,3.9806,0.4285,0.6927,0.6931,3.4213,0.9138,0.7562,0.7168,3.7904,1.0161,0.7695,0.5677,3.8988,1.9425,1,2,2,4,1.912066944,2.053768487,2.092800038,2.493001805,126.62503,205.36253,205.35056,3310.95948,125774.3841,532.6597765,1.4448,0.6,83333.33333,491,7.2,,"Inorg. Chem. 2003, 42, 8609",,
56,-0.237676255,-0.092869345,7.94948612,60.6,193.59,0.0003694,2.39399,1357668.754,0.7948,0.6993,3.8647,0.7073,0.8336,0.6034,4.2605,1.3623,0.7513,0.2861,3.374,2.0328,0.6873,0.7022,3.446,0.7633,0.7463,0.6934,3.9402,0.7044,0.7522,0.611,3.7864,1.474,1,2,2,4,1.911626794,2.053440284,2.096805666,2.49426422,126.63944,205.36036,205.34859,3310.9672,127272.8663,517.9637342,1.4448,0.58,72500,481,8,,"Inorg. Chem. 2003, 42, 8609",,
57,-0.225602398,-0.087857397,10.34473927,14.63,190.59,0.0004605,2.24735,1357668.763,0.7978,0.6914,3.8524,0.9035,0.8576,0.5496,4.3004,2.152,0.7806,0.2844,3.3746,2.0212,0.705,0.6959,3.4984,0.9251,0.7784,0.5545,3.8938,2.1349,0.755,0.7241,3.8568,1.0928,1,2,2,4,1.908006551,2.057140248,2.095740919,2.492205449,126.62044,205.35891,205.35174,3310.95674,124622.8264,551.7609629,1.4448,0.68,87179.48718,505,7.8,,"Inorg. Chem. 2003, 42, 8609",,
58,-0.228907232,-0.092249813,7.26101993,12.75,196.23,0.0003418,2.24153,1357668.749,0.8102,0.6826,3.8704,0.9626,0.8451,0.5757,4.2094,1.9595,0.8096,0.7211,3.9348,0.5523,0.7163,0.6875,3.5121,0.9648,0.7585,0.5947,3.7647,1.6134,0.7597,0.732,3.8761,0.812,1,2,2,4,1.905051443,2.05741221,2.097238661,2.484024356,126.61182,205.35896,205.35105,3310.95974,94530.60247,553.1935776,1.4448,0.39,55714.28571,504,7,,"Inorg. Chem. 2010, 49, 11276",,
59,-0.231900485,-0.088899537,8.61029524,28.18,182.93,0.0003133,2.3035,1357668.974,0.7693,0.7143,3.7125,0.4955,0.8705,0.5266,4.4835,2.2157,0.7987,0.6598,3.9262,0.3051,0.6848,0.718,3.4223,0.5959,0.7858,0.5276,4.1242,2.1932,0.7534,0.6648,3.7409,0.5326,1,2,2,4,1.912659405,2.054805587,2.083791256,2.490590492,126.62678,205.35907,205.34533,3310.96644,92983.15641,538.3112655,1.4448,0.52,80000,481,6.5,,"Inorg. Chem. 2010, 49, 11276",,
60,-0.237736713,-0.089911311,7.35139859,32.11,196.27,0.0003147,2.44091,1357668.901,0.7701,0.7106,3.7221,0.6118,0.8633,0.5695,4.44,0.636,0.8103,0.6122,3.9741,0.6529,0.6787,0.7084,3.3824,0.6732,0.7677,0.6303,3.9826,0.946,0.7082,0.655,3.4924,1.4423,1,2,2,4,1.917075377,2.046965559,2.088131222,2.485290526,126.62056,205.35991,205.34463,3310.97282,119675.4642,508.0072596,1.4448,0.6,103448.2759,471,5.8,,"Inorg. Chem. 2010, 49, 11276",,
61,-0.235680693,-0.092206413,5.00775759,25.61,196.59,0.0003572,2.37439,1357668.805,0.7906,0.6897,3.8319,0.9805,0.8624,0.5417,4.3563,2.1353,0.8,0.6847,3.9682,0.5756,0.6927,0.6933,3.4547,1.0147,0.7681,0.5561,3.9032,1.9844,0.7657,0.6941,3.8513,0.966,1,2,2,4,1.911190728,2.051449488,2.091186266,2.478545541,126.60816,205.35728,205.34615,3310.97442,123154.8627,522.2393962,1.4448,0.46,58974.35897,517,7.8,,"Inorg. Chem. 2010, 49, 11276",,
62,-0.240982095,-0.097258731,2.23184222,63.95,193.64,0.0003577,2.39014,1357668.856,0.8087,0.688,3.955,0.7368,0.8247,0.6151,4.2327,1.3897,0.7984,0.6892,3.9914,0.2645,0.6937,0.6943,3.4932,0.766,0.7499,0.7303,3.9125,1.0208,0.748,0.6015,3.8612,1.7308,1,2,2,4,1.91116352,2.056603997,2.090884263,2.48335519,126.63624,205.36535,205.34946,3310.96872,122890.4431,518.798062,1.4448,0.58,120833.3333,481,4.8,,"Inorg. Chem. 2010, 49, 11276",,
63,-0.237533825,-0.093054393,6.72969178,42.79,195,0.0003079,2.38872,1357668.818,0.7904,0.7109,3.8693,0.6206,0.8346,0.6079,4.2746,1.2683,0.7347,0.2964,3.3896,2.058,0.6861,0.7124,3.4687,0.6692,0.7305,0.6481,3.9382,0.4199,0.7593,0.6505,3.7986,0.6221,1,2,2,4,1.910602261,2.054125848,2.09651735,2.491473861,126.6427,205.35876,205.34856,3310.96659,114843.2906,519.1064671,1.4448,0.63,96923.07692,485,6.5,,"Inorg. Chem. 2010, 49, 11276",,
64,-0.215401154,-0.08685111,10.61522747,14.74,179.15,0.0004343,2.12797,1357668.725,0.8398,0.6504,4.0836,1.6102,0.859,0.5844,4.2777,2.0048,0.8095,0.2703,3.4063,2.0537,0.7651,0.6541,3.7505,1.6011,0.7631,0.5896,3.8357,1.8667,0.735,0.7427,3.7192,1.0344,1,2,2,4,1.901490205,2.059114858,2.101314351,2.482193385,126.60489,205.35688,205.34975,3310.95362,99215.63778,582.7149819,1.4448,0.3,23076.92308,547,13,,"Inorg. Chem. 2010, 49, 11276",,
65,-0.240501786,-0.096840284,4.68133509,50.99,213.73,0.0001802,2.39982,1357668.158,0.8002,0.6461,3.7825,0.8453,0.846,0.5512,4.1212,1.6491,0.8082,0.7007,3.8863,0.4097,0.6955,0.653,3.4074,0.8519,0.7498,0.692,3.6677,0.6153,0.7737,0.5747,3.8347,1.2774,1,2,2,4,1.913021171,2.049353557,2.096145272,2.480072781,126.62722,205.37387,205.37033,3310.96083,90233.30348,516.7054196,1.4448,0.32,56140.35088,484,5.7,,"Inorg. Chem. 2010, 49, 11276",,
66,-0.224888043,-0.089938602,7.78369081,122.54,35.78,0.0001117,2.1585,1357667.556,0.9211,0.6633,5.1389,1.9691,0.8852,0.5481,5.2376,3.206,0.8708,0.6516,5.2034,1.8415,0.7134,0.6612,3.5798,2.3311,0.7205,0.7087,3.9742,0.6655,0.7507,0.5833,4.2278,2.562,1,2,2,4,1.922480949,2.077654928,2.078617329,2.491321135,126.61525,205.34221,205.34557,3310.95356,24061.08945,574.4730137,1.4448,0.2,5000,558,40,,"Inorg. Chem. 2010, 49, 11276",,
67,-0.226724675,-0.104955856,10.96384484,119.08,174.22,0.0005153,1.79676,1357670.278,0.8258,0.7733,4.251,0.7498,0.8965,0.5074,5.4038,2.1334,0.8779,0.607,5.2184,0.7244,0.7381,0.7682,3.6935,0.8309,0.745,0.6948,3.8244,1.0747,0.802,0.6181,4.436,2.4008,1,2,2,4,1.916051148,2.033141904,2.068741163,2.51007968,126.62062,205.35637,205.32701,3310.97713,75849.52348,690.1311249,1.4448,0.07,20571.42857,592,3.5,,"Inorg. Chem. 2010, 49, 11276",,
68,-0.228990848,-0.105561476,8.1647093,50.43,165.75,0.000299,1.80466,1357671.437,0.8111,0.7928,4.1959,0.1094,0.8995,0.4781,5.5197,2.0644,0.8887,0.5305,5.4369,2.3245,0.7321,0.7953,3.6498,0.1992,0.7232,0.6765,3.741,0.6135,0.8091,0.5437,4.589,1.915,1,2,2,4,1.92011484,2.019486321,2.051699783,2.507096528,126.60711,205.34632,205.31303,3310.99805,46372.96478,687.1100373,1.4448,0.1,22727.27273,594,4.4,,"Inorg. Chem. 2010, 49, 11276",,
69,-0.196545813,-0.08619921,8.51520844,0.74,176.37,0.0003818,2.28881,1357668.684,0.9868,0.1018,5.7922,4.607,0.9978,0.0527,6.5838,5.598,0.8425,0.5175,4.4069,0.5147,0.9852,0.1022,5.7803,4.603,0.9969,0.0536,6.5723,5.59,0.6738,0.6438,3.3824,0.1813,1,2,2,3,1.920407509,2.054182562,2.054182562,2.233068293,126.61519,205.35815,205.35813,312.52439,151110.6843,541.7662453,1.4448,0.34,113333.3333,471,3,,"Inorg. Chem. 2010, 49, 11276",,
70,-0.195215063,-0.099439386,12.81778385,24.22,159.52,0.0009238,1.95899,1357668.328,0.9896,0.1061,6.5577,5.8463,0.9928,0.0912,6.8536,6.0717,0.8385,0.6714,4.344,1.7767,0.9733,0.1292,6.4053,5.6466,0.7542,0.6238,4.0176,1.9756,0.9797,0.1177,6.7501,5.7315,1,2,2,3,1.921749463,2.045679594,2.079037758,2.235892216,126.62588,205.34459,205.33282,312.50691,190406.3616,632.9792393,1.4448,0.04,10294.11765,592,3.4,,"Inorg. Chem. 2010, 49, 11276",,
71,-0.197023222,-0.099775718,10.61775875,11.91,211.81,0.0006653,1.97777,1357668.571,0.9864,0.1081,6.3981,5.2031,0.9975,0.0745,6.899,5.662,0.8135,0.696,4.3239,0.4343,0.9823,0.1111,6.3617,5.1758,0.9857,0.0978,6.7852,5.4683,0.728,0.6921,3.7726,0.2886,1,2,2,3,1.921406256,2.050060975,2.058883435,2.234397682,126.62127,205.34272,205.33748,312.52694,215516.924,626.9687577,1.4448,0.05,11627.90698,610,4.3,,"Inorg. Chem. 2010, 49, 11276",,
72,-0.213517095,-0.081379927,6.53464234,0.13,0.21,0.0001087,2.47012,1357671.17,0.8817,0.5209,5.2036,2.5953,0.9236,0.3407,5.6815,4.0746,0.8106,0.5856,4.1912,1.2162,0.7807,0.5428,4.6316,2.315,0.8333,0.3799,4.7887,3.5589,0.648,0.7374,3.5107,0.333,1,1,2,2,1.949000257,2.013000248,2.077396688,2.07757551,126.63114,126.85982,205.36284,205.36257,29622.52537,501.9999028,1.4448,0.52,192592.5926,496,2.7,,"Angew. Chem. Int. Ed. 2009, 48, 9909",,
73,-0.213852594,-0.084626314,7.26681683,19.08,169.45,0.0002123,2.28232,1357670.686,0.8605,0.5627,5.0013,2.6393,0.8993,0.4907,5.1972,2.9842,0.8697,0.2765,4.5667,3.432,0.7483,0.5846,4.1248,2.4403,0.8113,0.5094,4.5362,2.6904,0.7524,0.6518,4.3391,1.2985,1,1,2,2,1.938032249,2.048000244,2.062607331,2.100563972,126.62767,126.85899,205.3639,205.35686,90799.81079,543.3068106,1.4448,0.46,143750,510,3.2,,"Angew. Chem. Int. Ed. 2009, 48, 9909",,
74,-0.215915618,-0.084994949,2.12837307,7.34,25.24,0.0004176,2.46993,1357671.227,0.8893,0.505,5.4067,3.1857,0.9459,0.2845,6.068,4.6731,0.8488,0.2717,4.461,2.6498,0.784,0.5272,4.8243,2.8855,0.8757,0.3257,5.3307,4.1862,0.6335,0.7355,3.3337,0.5443,1,1,2,2,1.952296084,2.005000998,2.078492001,2.078492001,126.64154,126.85372,205.36211,205.3617,150938.1272,502.0385193,1.4448,0.29,170588.2353,486,1.7,,"Angew. Chem. Int. Ed. 2009, 48, 9909",,
75,-0.214466544,-0.084988602,3.78353216,7.8,27,0.0004006,2.45469,1357671.149,0.8956,0.4909,5.5131,3.3887,0.9495,0.2741,6.194,4.843,0.8523,0.2708,4.4648,2.6747,0.7941,0.5125,4.9301,3.1179,0.8837,0.3139,5.4756,4.3703,0.6367,0.7372,3.3647,0.6319,1,1,2,2,1.952409793,2.006008973,2.078496091,2.078496091,126.64151,126.85214,205.36207,205.36208,146289.8765,505.1554371,1.4448,0.29,290000,486,1,,"Angew. Chem. Int. Ed. 2009, 48, 9909",,
76,-0.204272566,-0.084041469,1.72183093,4.15,21.18,0.0002832,2.32982,1357671.058,0.9203,0.4235,6.0894,4.5149,0.9664,0.276,6.8802,5.7042,0.8671,0.2545,4.5309,2.9936,0.84,0.439,5.5312,4.3186,0.9256,0.305,6.3427,5.34,0.6442,0.7035,3.4427,0.932,1,1,2,2,1.957687156,2.010579518,2.07261019,2.077734584,126.64148,126.83857,205.36582,205.36449,116818.9621,532.2299577,1.4448,0.47,276470.5882,512,1.7,,"Angew. Chem. Int. Ed. 2009, 48, 9909",,
77,-0.187216047,-0.085460467,3.40377515,6.48,73.95,0.0002005,2.05132,1357670.636,0.9577,0.3067,7.4558,6.646,0.9733,0.2873,7.8488,6.7605,0.89,0.2161,4.6893,3.684,0.9096,0.319,6.8634,6.4298,0.9565,0.3001,7.6755,6.539,0.6782,0.6318,3.8866,1.8451,1,1,2,2,1.96226196,2.029072941,2.060416463,2.088384064,126.63986,126.82218,205.37141,205.36277,50332.22022,604.488817,1.4448,0.08,20512.82051,480,3.9,,"Angew. Chem. Int. Ed. 2009, 48, 9909",,
78,-0.221893472,-0.087020905,7.04012599,5.4,16.81,0.0003115,2.4522,1357670.888,0.8667,0.5758,5.3161,2.5145,0.9361,0.3024,5.9663,4.5035,0.8041,0.2916,4.3382,2.0148,0.7191,0.6021,4.4743,1.6317,0.8509,0.3505,5.0896,3.887,0.6561,0.7158,3.4995,0.1256,1,1,2,2,1.952921913,2.009340688,2.082189713,2.082189713,126.64099,126.87141,205.35498,205.35517,88738.18952,505.6683794,1.4448,0.3,200000,484,1.5,,"Angew. Chem. Int. Ed. 2009, 48, 9909",,
79,-0.230846407,-0.116533334,13.10507658,19.82,7.44,5.26E-05,1.85311,1357670.116,0.8338,0.5889,6.3302,4.0985,0.7987,0.2742,5.4461,4.5933,0.919,0.341,5.934,4.3204,0.7495,0.5853,5.0164,4.5387,0.7733,0.2778,5.2948,4.3975,0.7288,0.5867,4.5786,0.2107,1,1,2,2,1.962949057,2.029414448,2.087891281,2.088060104,126.63696,126.89725,205.34668,205.34735,10672.52417,669.1453826,1.4448,0.07,12068.96552,480,5.8,,"Angew. Chem. Int. Ed. 2009, 48, 9909",,
80,-0.206382355,-0.091386278,1.65363244,28.42,60.28,9.87E-05,1.82598,1357677.066,0.8536,0.5831,4.8803,1.9622,0.934,0.536,6.5426,3.7583,0.9105,0.7199,5.6093,0.7331,0.7177,0.5807,3.8757,2.2243,0.7933,0.6576,4.7446,1.4035,0.8738,0.5965,5.7981,2.7804,1,2,1,1,1.908799099,2.025962734,2.058295654,2.0867894,127.01056,205.30968,126.63641,126.55729,28864.42647,679.0873942,1.4448,0.2,21739.13043,608,9.2,,"Chem. Eur. J. 2012,18, 96",,
81,-0.213154782,-0.092210442,1.44820173,22.44,55.43,0.0001004,1.8309,1357677.076,0.8229,0.6565,4.4213,0.577,0.93,0.4522,5.9491,4.3119,0.8864,0.6476,5.0996,2.4682,0.6905,0.65,3.6647,0.6389,0.7656,0.6493,4.3532,1.777,0.8643,0.4763,5.3135,3.8407,1,2,1,1,1.906992659,2.030271903,2.060660331,2.086256696,127.00963,205.31229,126.63609,126.58249,26224.35306,677.2625485,1.4448,0.26,16455.6962,589,15.8,,"Chem. Eur. J. 2012,18, 96",,
82,-0.209363375,-0.093290266,2.82493518,22.8,61.69,0.0001204,1.79576,1357676.716,0.8258,0.6064,4.1341,0.3208,0.9003,0.6478,4.7488,1.3105,0.8891,0.3647,5.2225,4.4614,0.7308,0.6124,3.7192,0.3406,0.6593,0.725,3.4141,0.5371,0.8553,0.6937,4.5101,0.7584,1,2,1,1,1.912013075,2.0300633,2.047478693,2.081238574,127.00958,205.30667,126.62981,126.61002,32833.42278,690.5154364,1.4448,0.16,12403.10078,619,12.9,,"Chem. Eur. J. 2012,18, 96",,
83,-0.23407811,-0.102507766,17.44411137,284.36,50.92,0.0002261,2.18489,1357667.847,0.8835,0.5535,5.1686,3.2082,0.8729,0.6496,4.8473,1.7769,0.8565,0.2309,4.5319,3.5391,0.7163,0.6005,4.0075,2.3653,0.8314,0.6056,4.7578,2.3649,0.7789,0.6108,4.3521,1.8586,2,1,2,4,1.96844812,2.008023406,2.185807631,2.38093175,205.30096,126.5909,205.40515,3310.99465,52412.7124,567.5342923,1.4448,0.78,103000,530,7.6,,Angew Chem Int Ed Engl. 2015;54(7):2084-2089,,
84,-0.221536885,-0.094715031,16.99352459,112.28,42.14,8.18E-06,2.12956,1357667.374,0.9115,0.4676,5.7442,4.2506,0.9207,0.618,5.4856,2.8877,0.8348,0.604,4.7631,2.2855,0.7243,0.5733,3.8326,3.4052,0.8748,0.5162,5.6628,3.801,0.7815,0.5933,4.414,2.0603,2,1,2,4,1.973869803,2.00612213,2.18906761,2.385948449,205.30222,126.57552,205.41015,3310.99872,2221.088161,582.2799076,1.4448,0.1,143000,561,0.7,,Angew Chem Int Ed Engl. 2015;54(7):2084-2089,,Angew Chem Int Ed Engl. 2015;54(7):2084-2089
85,-0.227644334,-0.115388278,16.54478997,158.97,282.24,0.0007476,1.75855,1357667.336,0.8793,0.5803,4.6794,2.6634,0.8748,0.4888,4.1812,2.3164,0.8937,0.4839,4.6336,2.0408,0.8109,0.5788,4.2241,2.5811,0.8184,0.4873,4.2864,2.028,0.8026,0.5082,4.16,2.1886,2,1,2,4,1.989380808,2.002195295,2.132965307,2.387050691,205.30879,126.59166,205.42676,3311.03561,109972.0257,705.1263825,1.4448,0.001,5000,624,0.2,,Angew Chem Int Ed Engl. 2015;54(7):2084-2089,,
86,-0.216136019,-0.093357622,15.49456195,61.95,241.65,0.0002149,1.85208,1357667.665,0.7787,0.6423,4.4101,1.7555,0.9235,0.4963,5.6465,4.1231,0.8371,0.5952,5.2402,1.6559,0.6511,0.6289,3.5411,2.0318,0.8191,0.5344,4.6569,3.6083,0.7115,0.6009,4.1901,0.3028,1,2,2,4,1.972809418,1.975393885,2.167038994,2.388777721,126.63074,205.29202,205.39234,3311.00754,42543.66897,669.5175154,1.4448,0.25,24800,588,10.1,,Angew Chem Int Ed Engl. 2015;54(7):2084-2089,,
87,-0.208480675,-0.096801022,15.73827553,36.53,230.69,7.49E-05,1.66142,1357667.26,0.8066,0.6605,4.7996,2.2205,0.9356,0.4547,6.1137,4.7584,0.8985,0.5575,6.091,3.6993,0.6968,0.6478,3.9552,2.4127,0.8594,0.4903,5.2158,4.4388,0.7113,0.6093,4.2605,0.3111,2,1,2,4,1.979340547,1.981893539,2.163956793,2.395543362,205.29448,126.6124,205.39083,3311.02764,20442.00876,746.3495083,1.4448,0.033,7330,644,4.5,,Angew Chem Int Ed Engl. 2015;54(7):2084-2089,,
88,-0.207627126,-0.084494306,7.22094334,7.6,148.23,0.000791,2.34427,1357669.776,0.9425,0.451,5.347,3.483,0.9535,0.3454,6.0587,4.9675,0.8257,0.5471,4.5099,1.476,0.8703,0.4557,4.8386,3.3765,0.799,0.4686,4.7043,2.6376,0.7858,0.5402,4.329,0.9093,1,2,2,3,1.921485363,2.014350764,2.092038958,2.138318031,126.62043,205.3095,205.35242,312.59473,231357.7567,528.9493104,1.4448,0.73,155000,503,4.7,,"Chem. Sci., 2014,5, 4819-4830",,
89,-0.207142199,-0.084026449,7.94531258,9.54,168.59,0.0008474,2.33562,1357669.582,0.942,0.4634,5.3672,3.3538,0.94,0.3733,5.8481,4.6506,0.8378,0.5473,4.6772,1.758,0.8696,0.468,4.8538,3.2254,0.7491,0.5716,4.0585,1.463,0.8363,0.4367,4.8182,3.6264,1,2,2,3,1.918267187,2.015611322,2.097381463,2.124511473,126.62038,205.3065,205.35387,312.57014,263638.5318,530.9082813,1.4448,0.82,222000,518,3.7,,"Chem. Sci., 2014,5, 4819-4830",,
90,-0.20667167,-0.084082395,5.660845,6.03,159.44,0.0007436,2.32792,1357668.66,0.9422,0.4526,5.3539,3.5252,0.921,0.4094,5.6602,4.0727,0.8604,0.5216,5.0168,1.9364,0.8709,0.4564,4.8463,3.3958,0.7272,0.5786,4.0876,1.1623,0.8209,0.4861,4.5278,2.091,1,2,2,3,1.92395712,2.019750727,2.111780292,2.14641981,126.61532,205.3124,205.33216,312.61821,211441.4289,532.6643527,1.4448,0.9,184000,522,4.9,,"Chem. Sci., 2014,5, 4819-4830",,
91,-0.207240181,-0.084141715,7.68137953,6.58,161.14,0.0008126,2.34264,1357669.42,0.943,0.4476,5.3547,3.5238,0.937,0.3819,5.8845,4.6066,0.8388,0.5416,4.7196,1.5154,0.8712,0.4515,4.8445,3.4066,0.732,0.5757,4.1233,0.9247,0.8335,0.4644,4.6627,2.6297,1,2,2,3,1.923239195,2.014567199,2.092735053,2.135042388,126.62092,205.31018,205.34368,312.55927,227711.0062,529.3173514,1.4448,0.77,193000,522,4,,"Chem. Sci., 2014,5, 4819-4830",,
92,-0.206756727,-0.083662277,8.32372646,7.52,181.08,0.0008777,2.33204,1357669.299,0.9415,0.4617,5.3678,3.402,0.9317,0.3893,5.7849,4.4581,0.8463,0.5406,4.8183,1.872,0.8689,0.4662,4.8528,3.2635,0.7519,0.5676,4.0743,1.5766,0.829,0.4528,4.7924,3.4314,1,2,2,3,1.918945023,2.016047122,2.098243551,2.124310241,126.61832,205.30948,205.34406,312.59057,260020.9554,531.7232981,1.4448,0.77,193000,522,4,,"Chem. Sci., 2014,5, 4819-4830",,"Chem. Sci., 2014,5, 4819-4830"
93,-0.200128142,-0.083517836,7.90494773,6.39,143.7,0.0006205,2.20086,1357669.11,0.949,0.4383,5.5172,3.6721,0.9514,0.3536,6.2993,5.0985,0.8484,0.529,4.8565,1.5754,0.8833,0.4411,5.0278,3.5811,0.8334,0.4308,5.0037,3.6809,0.7586,0.5578,4.1425,1.6635,1,2,2,3,1.920210926,2.017480607,2.096218977,2.143951958,126.62123,205.31036,205.34667,312.58614,177502.3786,563.4161192,1.4448,0.95,173000,543,5.5,,"Chem. Sci., 2014,5, 4819-4830",,
94,-0.192489044,-0.083513876,8.45313158,4.94,113.12,0.0006908,2.03732,1357668.869,0.9564,0.4157,5.6071,3.8757,0.9722,0.3037,6.682,5.5754,0.8617,0.4828,5.0496,1.9464,0.9036,0.4168,5.2043,3.838,0.8851,0.3504,5.629,4.7609,0.7471,0.5697,4.1088,1.8636,1,2,2,3,1.920075259,2.011901837,2.098580711,2.162662711,126.61858,205.3097,205.34871,312.34375,147957.4133,608.6427267,1.4448,0.23,100000,570,2.3,,"Chem. Sci., 2014,5, 4819-4830",,
95,-0.204341723,-0.083252709,6.76872847,7.37,291.36,0.001378,2.24131,1357669.159,0.9286,0.4517,5.1943,2.8639,0.8585,0.5212,4.6463,2.5673,0.9506,0.5153,5.4771,2.405,0.8725,0.4558,4.8028,2.7607,0.7708,0.5513,4.1168,2.161,0.7562,0.5635,4.0648,1.6096,1,2,2,3,1.945124418,2.009899002,2.067091435,2.077107123,126.54571,205.31162,205.26496,312.32699,391244.4047,553.2478774,1.4448,0.9,209000,551,4.3,,"Chem. Sci., 2014,5, 4819-4830",,
96,-0.20836587,-0.082689168,4.44375355,12.63,206.24,0.0008337,2.35513,1357668.22,0.931,0.462,5.2186,3.0837,0.8197,0.5444,4.3337,1.4947,0.9182,0.5399,5.0516,1.6496,0.8485,0.4695,4.6397,2.9758,0.7378,0.5526,3.9706,1.6142,0.7978,0.5143,4.3098,2.2077,1,2,2,3,1.967594216,2.014987097,2.085215097,2.113102222,126.57097,205.30739,205.33572,312.5577,357299.7464,526.5102139,1.4448,0.8,156862.7451,517,5.1,,"Chem. Sci., 2014,5, 4819-4830",,
97,-0.201427195,-0.099564414,14.04235397,8.96,355.61,0.0004592,1.76897,1357662.67,0.9222,0.4293,5.1123,3.1303,0.9454,0.4202,5.4723,3.221,0.7692,0.3207,3.7621,2.7657,0.8854,0.4327,4.8692,3.1007,0.8911,0.427,5.0396,3.1742,0.6938,0.5839,3.751,1.9593,2,2,3,3,1.995022306,1.995992485,2.008949477,2.009533279,205.29899,205.2937,312.64186,312.63801,92700.19485,700.9728825,1.4969,0.24,136363.6364,624,1.76,,"Inorg. Chem. 2018, 57, 7, 3825–3832",,
98,-0.195904967,-0.098051642,13.42428455,7.85,342.26,0.0003545,1.68906,1357662.607,0.9317,0.421,5.2926,3.1553,0.9522,0.4122,5.6493,3.2234,0.8858,0.549,5.1611,2.1992,0.8967,0.4244,5.0422,3.1272,0.9057,0.4182,5.2484,3.1832,0.7029,0.581,3.8037,2.0515,2,2,3,3,1.995667808,1.996406021,2.009180181,2.009547461,205.29567,205.29099,312.63834,312.63411,75812.94014,734.1361467,1.4969,0.12,129000,646,0.93,,"Inorg. Chem. 2018, 57, 7, 3825–3832",,"Inorg. Chem. 2018, 57, 7, 3825–3832"
99,-0.201997675,-0.094835775,13.06221445,4.66,228.78,0.001162,1.90282,1357662.261,0.9635,0.4066,5.0023,3.075,0.9658,0.4061,5.4121,3.1328,0.9001,0.557,4.9123,2.2838,0.9311,0.4084,4.7703,3.0552,0.9258,0.417,4.9558,3.0738,0.7476,0.6228,3.9136,1.746,2,2,3,3,2.000617155,2.000617155,2.007933764,2.007933764,205.30977,205.30982,312.64152,312.6415,185389.808,651.6643718,1.4969,0.34,114000,593,2.98,,"Inorg. Chem. 2018, 57, 7, 3825–3832",,
100,-0.195449327,-0.093787686,12.50926669,1.11,250.74,0.001225,1.80311,1357662.854,0.9274,0.4029,5.259,3.1346,0.9539,0.4041,5.6431,3.1686,0.8871,0.5716,5.0781,2.2587,0.897,0.4034,5.0441,3.1259,0.9067,0.4112,5.2448,3.1297,0.7178,0.6195,3.9461,1.841,2,2,3,3,1.998694824,1.998694824,2.004482227,2.004482227,205.29337,205.29337,312.63082,312.63081,174341.2349,687.7006949,1.4969,0.25,176000,610,1.42,,"Inorg. Chem. 2018, 57, 7, 3825–3832",,
101,-0.209032679,-0.087001257,1.20156092,97.66,131.62,0.0003092,1.86197,1357669.038,0.8551,0.7065,4.2763,0.1787,0.8594,0.6736,4.3711,1.5327,0.9058,0.6647,4.745,1.8282,0.7006,0.7068,3.5165,0.2455,0.702,0.6923,3.5462,0.4063,0.7705,0.6601,3.8982,0.8409,1,2,2,1,2.050409959,2.058645428,2.079550432,2.09043273,126.64004,205.34336,205.33796,126.61791,100078.8408,665.9613205,1.4072,0.24,43600,582,5.5,,"Chem. Sci., 2016,7, 1653-1673",,
102,-0.204614474,-0.065691001,1.48586623,11.02,295.85,3.59E-05,2.25841,1357665.938,0.7755,0.6571,3.6381,1.0934,0.8228,0.2852,3.5017,2.4286,0.8772,0.5616,4.5038,2.3213,0.6969,0.6635,3.4574,1.0592,0.7851,0.5708,3.8679,2.5441,0.5561,0.5438,2.733,1.3775,1,2,3,3,1.970190346,2.009156291,2.057140005,2.145575214,126.62169,205.36718,312.68813,312.75116,17730.0175,549.0588511,1.406,0.22,48900,485,4.5,,"Chem. Sci., 2016,7, 1653-1673",,
103,-0.221571248,-0.10597697,9.86979539,95.81,244.91,0.0008347,1.86308,1357669.957,0.8404,0.5184,4.2222,2.1525,0.8251,0.5524,3.9187,1.874,0.9581,0.2594,4.5215,3.3697,0.7804,0.5257,3.9553,2.1342,0.7629,0.7394,3.8212,0.7205,0.7883,0.4584,3.8029,2.4406,1,2,3,2,1.973967832,2.027089786,2.065739577,2.088702947,126.60787,205.33846,312.68157,205.35989,223596.3106,665.564549,1.4448,0.47,181000,595,2.6,,"Chem. Sci., 2016,7, 1653-1673",,
104,-0.230681258,-0.106745703,15.3289738,25.49,344.49,0.0006324,2.12714,1357669.153,0.8541,0.5233,4.4607,3.0528,0.8481,0.4857,4.0547,2.5565,0.8237,0.6504,4.1422,1.4945,0.8055,0.5306,4.1815,3.0087,0.7212,0.5374,3.5057,2.3235,0.7302,0.6124,3.6761,1.7383,1,2,2,4,1.973681079,1.978274501,2.119767204,2.400240821,126.59429,205.32025,205.43479,3311.01233,160754.6303,582.9423545,1.4448,0.025,49000,565,0.51,,"Chem. Sci., 2016,7, 1653-1673",,
105,-0.220548842,-0.09115909,17.06387665,111.54,37.58,6.18E-06,2.12299,1357667.435,0.8954,0.5837,5.5365,3.2571,0.9573,0.4822,6.633,5.2673,0.8152,0.6426,4.8677,1.4789,0.7239,0.5567,3.8499,3.8966,0.7573,0.6026,4.4899,1.8417,0.8286,0.5749,5.3213,3.0064,2,1,2,4,1.974027609,2.004341787,2.181147863,2.388473152,205.29828,126.57602,205.39852,3310.99713,1679.38992,584.0818845,1.4448,0.68,97100,533,7,,"Chem. Sci., 2016,7, 1653-1673",,
106,-0.216201635,-0.093423724,15.42109838,61.18,243.21,0.0002251,1.8489,1357667.752,0.7771,0.6443,4.3942,1.738,0.9236,0.4945,5.6439,4.1267,0.8377,0.5944,5.2376,1.6535,0.651,0.6311,3.5363,2.0079,0.8191,0.5317,4.6556,3.6336,0.7094,0.601,4.1516,0.3969,1,2,2,4,1.971986055,1.974962025,2.168108853,2.388026172,126.63085,205.29262,205.39215,3311.00727,43942.19343,670.6690465,1.4448,0.25,24800,588,10.1,,"Chem. Sci., 2016,7, 1653-1673",,
107,-0.231400727,-0.089317448,9.68252066,45.69,195.67,0.0005218,2.3306,1357668.843,0.7934,0.6881,3.7931,0.8648,0.8477,0.5622,4.2536,1.9528,0.7838,0.2801,3.3736,2.0386,0.6927,0.693,3.4195,0.9102,0.7556,0.7157,3.7851,1.0047,0.7703,0.5674,3.9019,1.9331,1,2,2,4,1.912004184,2.052933511,2.094175017,2.493064981,126.62501,205.36225,205.35034,3310.95954,152311.8477,532.0518321,1.4448,0.6,83300,491,7.2,,"Chem. Sci., 2016,7, 1653-1673",,
108,-0.238247925,-0.10250809,8.20273225,11.03,228.99,0.0007813,2.2417,1357668.826,0.8126,0.6351,3.9612,1.2534,0.8789,0.5221,4.3957,2.3848,0.7842,0.3064,3.4366,2.0043,0.7154,0.6407,3.5477,1.204,0.7911,0.5553,3.9675,1.5886,0.7715,0.6632,3.8653,0.6164,1,2,2,4,1.907079967,2.049149092,2.094307045,2.479005849,126.62595,205.3753,205.36333,3310.96702,212706.3193,553.151626,1.4448,0.37,74000,518,5,,"Chem. Sci., 2016,7, 1653-1673",,
109,-0.226962657,-0.090945976,14.10932851,44.29,175.04,0.000179,2.3023,1357668.568,0.8268,0.6077,4.5324,1.6176,0.8748,0.5018,4.7921,2.0793,0.9349,0.1461,5.9502,5.4777,0.7081,0.5959,3.6801,1.4799,0.787,0.5077,4.2133,1.9996,0.7712,0.5452,4.2116,1.1487,1,2,2,2,1.910031675,2.055047688,2.094101239,2.125002353,126.62336,205.35676,205.34662,205.61802,73832.17184,538.5918429,1.4448,0.6,69800,496,8.6,,"Chem. Sci., 2016,7, 1653-1673",,
110,-0.213193498,-0.092217406,1.44474117,22.59,55.54,0.0001022,1.83227,1357677.084,0.8228,0.6562,4.4187,0.5752,0.9299,0.4522,5.9447,4.3082,0.8863,0.6483,5.0975,2.4631,0.6908,0.6497,3.6646,0.635,0.7653,0.6495,4.3515,1.7656,0.8631,0.479,5.292,3.8156,1,2,1,1,1.906919505,2.029249615,2.060413793,2.087282683,127.00996,205.31273,126.6358,126.58247,26538.77497,676.7561549,1.4448,0.26,16455.6962,589,15.8,,"Chem. Sci., 2016,7, 1653-1673",,
111,-0.215659456,-0.077061477,8.94837842,45.3,77.28,2.22E-05,2.30195,1357674.18,0.8151,0.6388,4.0928,1.1553,0.9567,0.2428,6.6026,5.8291,0.9356,0.3242,4.0624,2.7164,0.7087,0.6582,3.7684,1.0435,0.751,0.6462,3.9515,1.7946,0.8134,0.4549,3.92,1.9487,1,2,1,1,1.922102495,2.0394563,2.040499204,2.111741225,127.02919,205.35437,126.6157,126.57529,6964.872147,538.6737331,1.406,0.82,19523.80952,511,42,,"Chem. Sci., 2016,7, 1653-1673",,
112,-0.214200211,-0.098395864,14.08096613,26.66,196.49,0.0007653,2.10041,1357663.574,0.9027,0.5004,5.5097,2.9291,0.9104,0.4225,5.4447,3.47,0.9077,0.5346,5.842,3.2487,0.8285,0.5077,4.7845,2.9099,0.8231,0.4642,4.6434,3.0679,0.8798,0.5149,5.6398,2.8042,2,2,3,3,1.986606655,1.989603729,2.00237484,2.009808946,205.26059,205.24661,312.53359,312.5212,190241.2158,590.3609295,1.4448,0.6,113000,586,5.3,,"Chem. Sci., 2016,7, 1653-1673",,
113,-0.209963725,-0.099951975,15.50931492,4.35,293.73,0.0008485,2.00726,1357663.616,0.9263,0.414,5.1488,3.1442,0.9486,0.3932,5.5119,3.2747,0.8642,0.5425,4.7886,2.8499,0.8896,0.4195,4.9026,3.1073,0.8808,0.4116,5.0188,3.1361,0.7012,0.5958,3.836,1.8001,2,2,3,3,1.987800292,1.989349642,2.005288508,2.006715226,205.27314,205.27708,312.36587,312.5441,158296.716,617.7575401,1.4448,0.1,52600,595,1.9,,"Chem. Sci., 2016,7, 1653-1673",,
114,-0.202708488,-0.077738513,8.77448447,104.6,338.38,0.001032,2.00934,1357664.369,0.8399,0.5462,4.6608,2.7047,0.8213,0.5696,4.3646,2.2649,0.8748,0.6144,5.2183,2.4033,0.7063,0.5592,3.6163,2.5755,0.7081,0.5783,3.4611,2.0679,0.7072,0.6275,3.6642,2.2436,2,2,3,3,1.967640719,1.977725461,2.018331241,2.022711794,205.31717,205.30941,312.65511,312.64508,198012.6235,617.1180587,1.5011,0.27,69200,546,3.9,,"Chem. Sci., 2016,7, 1653-1673",,
115,-0.213426164,-0.098999306,6.40284075,0.03,1.99,0.001253,1.90482,1357663.844,0.887,0.5674,4.8463,0.9645,0.862,0.6589,5.0939,0.5854,0.869,0.6367,4.8981,1.5899,0.7906,0.5759,4.1928,1.0006,0.7217,0.6538,3.8036,0.9549,0.7718,0.7368,4.2483,0.5567,2,2,3,3,1.984744064,1.984744064,2.008828763,2.008828763,205.21936,205.2194,312.65606,312.65566,197382.5755,650.9801451,1.5011,0.26,83900,628,3.1,,"Chem. Sci., 2016,7, 1653-1673",,
116,-0.214564309,-0.099001461,8.39038339,11.51,113.37,0.0008715,1.91592,1357663.708,0.8702,0.5912,4.9032,0.989,0.8505,0.6395,5.1016,1.5246,0.8917,0.6266,5.379,2.0136,0.7741,0.6004,4.1703,1.009,0.7447,0.6381,4.1121,1.0386,0.7606,0.7432,4.181,0.4421,2,2,3,3,1.984818632,1.988462723,2.019131001,2.025514009,205.22017,205.21581,312.58955,312.57437,138960.7767,647.2086517,1.3441,0.27,58400,625,4.62,,"Chem. Sci., 2016,7, 1653-1673",,
117,-0.223089871,-0.114318853,11.4761361,10.06,115.42,0.001422,1.75474,1357663.899,0.8839,0.5826,5.0834,0.6083,0.8603,0.6635,5.2836,1.219,0.883,0.6498,5.3742,0.9693,0.7896,0.5962,4.3065,0.5503,0.7559,0.6563,4.0934,0.3926,0.7775,0.7367,4.4882,0.4365,2,2,3,3,1.98296949,1.983855842,2.010792132,2.01839243,205.22834,205.2371,312.59946,312.63245,190141.7551,706.6573965,1.4448,0.033,20600,661,1.6,,"Chem. Sci., 2016,7, 1653-1673",,
118,-0.209789922,-0.09309736,5.38144583,5.89,116.19,0.0009047,1.92719,1357663.713,0.8749,0.6108,5.0072,0.7968,0.8481,0.6642,5.2262,1.459,0.8882,0.6424,5.3285,1.9023,0.764,0.621,4.1922,0.8081,0.7448,0.6578,4.196,0.9045,0.787,0.6992,4.3664,0.877,2,2,3,3,1.983516322,1.985569188,2.016959345,2.026854213,205.2113,205.20221,312.64329,312.6338,145992.1456,643.4238451,1.4448,0.2,31700,624,6.3,,"Chem. Sci., 2016,7, 1653-1673",,
119,-0.191484528,-0.075303534,9.5697321,33.6,242.19,0.0003436,1.96107,1357663.767,0.866,0.512,5.6706,2.9733,0.8944,0.3839,6.4225,4.4384,0.9373,0.382,7.5562,2.2467,0.7556,0.5171,4.404,2.8783,0.7288,0.4792,3.8404,5.0882,0.7764,0.4699,5.1603,1.1722,2,2,3,3,1.97102968,1.976836614,2.042601772,2.04522346,205.29613,205.29099,312.39226,312.60017,60110.67688,632.3078727,1.4448,0.17,26800,568,6.34,,"Chem. Sci., 2016,7, 1653-1673",,
120,-0.214832467,-0.079338609,7.64147035,243.48,101.79,0.0001981,2.02463,1357669.275,0.7659,0.659,3.8518,0.5266,0.8451,0.5808,4.3403,2.3227,0.7022,0.5968,3.2589,1.0492,0.6132,0.6603,3.0255,0.5072,0.6549,0.605,3.316,1.9727,0.7109,0.6325,3.2257,1.1113,2,2,2,2,1.944343077,1.995296469,2.064362613,2.064787156,205.2567,205.24395,205.30226,205.29842,73845.08055,612.4575848,1.3441,0.097,23100,566,4.2,,"Chem. Sci., 2016,7, 1653-1673",,
121,-0.232934608,-0.089994252,22.27170253,72.55,95.75,0.0004114,2.39489,1357665.457,0.8476,0.5566,4.4622,1.0216,0.9578,0.4977,5.585,1.9902,0.8912,0.5191,4.7679,0.6521,0.6912,0.5408,3.4694,1.1629,0.7227,0.5369,3.7463,1.2144,0.6536,0.6533,3.5037,1.4024,2,2,2,2,2.009796507,2.021304777,2.024236646,2.051777035,205.36775,205.34532,205.30744,205.28688,115874.0682,517.7690833,1.4448,0.82,105000,461,7.8,,"Chem. Sci., 2016,7, 1653-1673",,
122,-0.207990269,-0.090797928,28.06062948,5.7,17.94,3.36E-06,2.47945,1357665.406,0.9898,0.164,5.8335,4.1854,0.9586,0.3218,5.3351,3.4421,0.9697,0.3305,5.4763,3.3105,0.9751,0.1741,5.7158,4.0949,0.8963,0.336,5.01,3.253,0.7091,0.5938,3.5409,0.7304,2,2,2,2,2.011238424,2.02512691,2.03091925,2.051585728,205.347,205.34573,205.31871,205.29549,2222.656156,500.1109117,1.4448,0.88,303000,520,2.9,,"Chem. Sci., 2016,7, 1653-1673",,
123,-0.230466699,-0.091656486,12.76140201,24.2,201.44,0.0004604,2.3457,1357676.692,0.828,0.639,4.0473,1.1628,0.8633,0.5788,4.3807,2.2241,0.846,0.5857,3.5437,1.5255,0.7241,0.6368,3.6354,1.1727,0.7627,0.5845,3.8944,1.8204,0.7878,0.6005,3.8558,1.3147,1,1,2,2,1.992983191,2.028991375,2.06924624,2.098054813,126.6003,126.58895,205.37771,205.36827,265658.3074,528.6268491,1.4448,0.58,1810000,492,0.32,,"Chem. Sci., 2016,7, 1653-1673",,
124,-0.198456131,-0.06768528,8.02505412,171.19,191.76,0.0002485,2.14309,1357675.751,0.8415,0.6383,4.2116,1.1788,0.867,0.3309,3.7605,1.7636,0.858,0.5194,4.3745,1.9702,0.7172,0.6252,3.6825,1.2968,0.7955,0.5458,4.0893,2.0393,0.813,0.3603,3.6863,1.6866,1,1,2,2,1.99529672,2.023609152,2.066520989,2.098211143,126.62055,126.60092,205.32847,205.32224,51266.33097,578.6037917,1.406,0.73,96100,512,7.6,,"Chem. Sci., 2016,7, 1653-1673",,
125,-0.172957902,-0.067854215,2.85699596,0.38,21.16,0.0002336,1.78561,1357675.111,0.9111,0.5316,4.776,2.4751,0.9212,0.5362,4.8554,2.2989,0.8961,0.4737,3.9384,1.391,0.8749,0.5288,4.6194,2.4988,0.8609,0.5321,4.455,2.3002,0.7579,0.626,4.1079,1.7585,1,1,2,2,1.964379037,1.964379037,2.143432061,2.143432061,126.55123,126.55126,205.44238,205.44277,49210.57906,694.4405553,1.406,0.14,18400,613,7.6,,"Chem. Sci., 2016,7, 1653-1673",,
126,-0.187291033,-0.053380132,7.00901717,203.12,105.87,0.0002257,2.45064,1357673.336,0.92,0.371,5.11,3.8349,0.8815,0.6237,4.9145,1.5454,0.9252,0.3966,5.1888,3.6407,0.7217,0.6132,3.5097,1.6589,0.895,0.4003,5.1319,3.5223,0.7536,0.5555,4.1065,2.148,1,1,2,2,1.943488101,1.989586892,2.128606352,2.137708352,126.57822,126.56004,205.56092,205.51465,111214.9412,505.9902719,1.406,0.63,111000,486,5.7,,"Chem. Sci., 2016,7, 1653-1673",,
127,-0.200249962,-0.099958568,14.46500693,40.82,260.58,0.001382,1.78603,1357677.652,0.9616,0.3622,5.4593,4.1703,0.9495,0.4971,5.7438,4.0031,0.9578,0.3688,4.7939,3.3692,0.9321,0.3687,5.2099,4.1269,0.8316,0.4937,4.8711,3.8509,0.9014,0.4474,4.9766,3.721,1,1,2,2,1.944039351,2.015360514,2.087415148,2.134912879,126.5476,126.58062,205.30163,205.42023,217458.6675,694.2772518,1.4448,0.001,1180,660,0.85,,"Chem. Sci., 2016,7, 1653-1673",,
128,-0.199728703,-0.082078244,14.73909358,77.9,123.88,0.001254,2.17922,1357677.651,0.9427,0.4397,5.3141,3.8374,0.9335,0.5634,5.4951,3.4151,0.8886,0.4299,5.8013,4.254,0.864,0.4509,4.83,3.5763,0.7534,0.5486,4.1532,2.4357,0.8259,0.5168,4.9866,2.6119,1,1,2,2,1.935930009,2.011384846,2.094812163,2.112964505,126.54803,126.5782,205.27359,205.53153,293801.0664,569.0109305,1.4448,0.17,38600,550,4.4,,"Chem. Sci., 2016,7, 1653-1673",,
129,-0.202432349,-0.079056412,16.38669078,91.39,752.96,0.000369,1.96506,1357669.68,0.8229,0.5694,4.1631,1.6076,0.8773,0.4868,4.8401,3.0173,0.6415,0.4918,3.7661,1.0353,0.7379,0.5707,3.5961,1.5893,0.7821,0.5083,4.2655,2.7403,0.6944,0.5918,3.7281,0.6057,1,1,3,3,1.953815242,1.979150323,2.113604977,2.118162647,126.60154,126.67658,312.62793,312.57425,122118.2786,631.0239891,1.4072,0.18,51400,443,3.5,,"Chem. Sci., 2016,7, 1653-1673",,
130,-0.198230593,-0.076969331,15.920355,100.59,773.67,0.0002642,1.90364,1357669.638,0.8244,0.5617,4.25,1.6406,0.8793,0.4792,4.8946,2.9359,0.5436,0.5304,3.1439,1.5706,0.7285,0.5628,3.6267,1.6304,0.7995,0.4949,4.422,2.7228,0.6824,0.6197,3.916,1.2709,1,1,3,3,1.953930654,1.979812617,2.114332282,2.118429843,126.59953,126.68317,312.46736,312.57826,85249.59147,651.383665,1.4072,0.08,44400,461,1.8,,"Chem. Sci., 2016,7, 1653-1673",,
131,-0.208833384,-0.08334096,6.58630526,0.92,28.97,2.69E-05,2.22194,1357669.349,0.9571,0.4608,5.4637,3.9152,0.9657,0.3888,6.2284,4.8065,0.8119,0.6599,4.134,1.2838,0.7513,0.5491,4.1067,2.628,0.8353,0.5607,4.4381,2.4568,0.8366,0.506,4.9149,2.8758,1,2,2,3,1.92624635,2.005841719,2.099312745,2.201183545,126.62243,205.26971,205.35076,312.61942,6392.648807,558.070875,1.4448,0.72,60000,485,12,,"Chem. Sci., 2016,7, 1653-1673",,
132,-0.209850279,-0.081128116,4.98917458,3.79,34.04,4.67E-05,2.25826,1357669.605,0.9526,0.4735,5.3411,3.803,0.9688,0.4087,6.2749,4.5834,0.7991,0.6448,4.078,1.2894,0.7432,0.5451,4.0297,2.6615,0.8232,0.5449,4.3482,2.494,0.8821,0.5066,5.376,3.0074,1,2,2,3,1.925699094,2.000727368,2.095523562,2.184918076,126.62146,205.26948,205.35077,312.61333,10883.47119,549.0953212,1.4448,0.93,70500,488,13.2,,"Chem. Sci., 2016,7, 1653-1673",,
133,-0.208957401,-0.086330135,3.04582365,27.17,174.28,0.0001223,2.19825,1357669.982,0.897,0.5006,5.3302,1.9642,0.9671,0.3931,6.2452,2.8883,0.9199,0.5172,5.4031,0.9841,0.7956,0.5107,4.4504,1.9786,0.8241,0.5164,4.6385,0.7141,0.7531,0.5807,4.0377,0.4153,1,2,2,3,1.903752873,2.026822883,2.076176775,2.135488937,126.61659,205.2668,205.36387,312.61385,52529.53053,564.0850677,1.4448,0.99,63900,515,15.5,,"Chem. Sci., 2016,7, 1653-1673",,
134,-0.210534594,-0.089402428,5.15274368,51.28,28.28,0.0003845,2.13239,1357669.743,0.9706,0.4206,6.4475,5.108,0.9359,0.5736,6.0233,3.4933,0.9101,0.4754,5.6169,3.8636,0.744,0.544,3.9392,3.8546,0.8617,0.524,5.2746,2.8671,0.7451,0.5634,4.3841,2.4638,1,2,2,3,1.91838187,2.013822981,2.084522247,2.138929639,126.61723,205.26856,205.35046,312.53363,79708.15265,581.5071352,1.4448,0.74,29200,528,25.3,,"Chem. Sci., 2016,7, 1653-1673",,
135,-0.207623141,-0.084486422,7.21915792,7.61,148.37,0.0007914,2.34434,1357669.777,0.9425,0.4509,5.3469,3.4837,0.9533,0.3457,6.0571,4.9651,0.8257,0.5471,4.5108,1.4783,0.8703,0.4557,4.8384,3.377,0.7985,0.4694,4.6999,2.6223,0.7862,0.5397,4.3314,0.9166,1,2,2,3,1.921485363,2.014350764,2.092038958,2.138318031,126.62043,205.30952,205.35245,312.59472,231459.4033,528.9335165,1.4448,0.73,155000,503,4.7,,"Chem. Sci., 2016,7, 1653-1673",,
136,-0.206657272,-0.083894677,5.71746951,5.39,158.27,0.0007246,2.32647,1357668.773,0.9405,0.4569,5.349,3.5203,0.9224,0.4077,5.6767,4.1286,0.8588,0.523,4.9932,1.9314,0.8676,0.461,4.8305,3.3919,0.7309,0.5723,4.1245,1.0825,0.8188,0.4909,4.5058,1.9446,1,2,2,3,1.924327675,2.019192165,2.111983665,2.146290754,126.61536,205.31188,205.3319,312.61771,205358.2767,532.9963421,1.4448,0.9,184000,522,4.9,,"Chem. Sci., 2016,7, 1653-1673",,
137,-0.20420262,-0.083527311,6.8055463,8.4,296,0.001525,2.23333,1357669.518,0.9297,0.4533,5.213,2.8867,0.8598,0.5229,4.6729,2.611,0.9507,0.5175,5.4935,2.3789,0.8737,0.4586,4.8216,2.7876,0.778,0.5468,4.1474,2.2578,0.7524,0.5773,4.0741,1.5424,1,2,2,3,1.944500193,2.010334549,2.066854131,2.082421907,126.54429,205.31091,205.26595,312.58313,393936.7577,555.2247093,1.4448,0.9,209000,551,4.3,,"Chem. Sci., 2016,7, 1653-1673",,
138,-0.208517118,-0.088165945,4.64392997,34.98,231.69,0.000458,2.1411,1357669.361,0.8972,0.5021,5.0821,1.977,0.8902,0.6281,5.4268,1.121,0.923,0.491,5.2112,2.1204,0.8077,0.526,4.5122,1.7771,0.8332,0.6025,5.0195,1.1498,0.7963,0.5508,4.2224,1.8093,1,2,3,2,1.918755065,2.012951564,2.077973532,2.097546662,126.56431,205.29152,312.59263,205.31166,160693.01,579.1415627,1.4448,0.86,130000,553,6.6,,"Chem. Sci., 2016,7, 1653-1673",,
139,-0.205520312,-0.082445677,4.20697576,11.16,213.72,0.002443,2.34084,1357669.396,0.9346,0.4754,5.4911,3.0352,0.8869,0.5252,5.2474,2.9013,0.9011,0.5259,5.8884,2.9647,0.8625,0.4833,4.8768,2.9535,0.7708,0.5415,4.5485,2.4341,0.7799,0.5742,4.1899,1.8939,1,2,2,3,1.951733845,2.012185379,2.079859611,2.090697013,126.56091,205.29847,205.3104,312.58896,658255.4948,529.7243724,1.4448,0.47,79700,526,5.9,,"Chem. Sci., 2016,7, 1653-1673",,
140,-0.207158818,-0.084469589,3.65206085,4.52,219.02,0.002176,2.3286,1357669.171,0.9353,0.4776,5.3569,2.8314,0.8325,0.5802,4.509,1.8944,0.9156,0.4836,6.2113,4.225,0.8713,0.4829,4.8699,2.7436,0.7339,0.56,4.3572,2.3149,0.7972,0.5574,4.2234,2.0261,1,2,2,3,1.953099076,2.013799146,2.076444317,2.085209342,126.56965,205.29763,205.31657,312.58562,598810.7909,532.5088036,1.4448,0.49,55700,527,8.8,,"Chem. Sci., 2016,7, 1653-1673",,
141,-0.202821551,-0.061981552,10.01973998,19.46,101.72,0.0007909,2.64304,1357672.7,0.9478,0.5359,5.3023,2.833,0.8868,0.5737,4.8032,1.9231,0.8815,0.673,5.1481,1.724,0.7427,0.5875,4.2404,2.2318,0.844,0.5901,4.5036,2.0958,0.8474,0.5878,4.7617,1.9712,1,1,2,2,1.974985823,1.985954682,2.157759486,2.173199715,126.5017,126.51979,205.46383,205.37107,301413.3615,469.1567286,1.4448,0.71,215000,454,3.3,,"Chem. Sci., 2016,7, 1653-1673",,
142,-0.202036235,-0.062122862,12.46759484,13.4,76.45,0.0009614,2.64024,1357674.348,0.9505,0.5286,5.227,2.7909,0.8853,0.6,4.6325,1.7217,0.9122,0.6031,4.9706,1.7023,0.7596,0.5746,4.2739,2.2395,0.8477,0.5823,4.4786,1.9964,0.8113,0.5549,4.3489,1.9525,1,1,1,2,2.000340971,2.014922579,2.084286209,2.172843759,126.52139,126.51249,126.69335,205.38306,372850.8478,469.6542739,1.4448,0.78,186000,452,4.2,,"Chem. Sci., 2016,7, 1653-1673",,
143,-0.211407754,-0.072763072,10.53803422,322.21,287.91,0.0006223,2.72939,1357673.629,0.9456,0.3661,5.1721,4.166,0.9533,0.3908,4.8501,3.8806,0.9582,0.3515,5.5092,3.7386,0.8751,0.3777,4.7966,3.9966,0.8708,0.4334,4.5405,3.3255,0.7242,0.5629,3.6092,1.5814,1,1,2,2,1.958045199,2.002422033,2.088272971,2.150208827,126.52118,126.51185,205.44773,205.45804,475788.9197,454.3139676,1.4448,0.39,130000,430,3,,"Chem. Sci., 2016,7, 1653-1673",,
144,-0.210260253,-0.063436734,12.80502413,42.5,245.53,0.00148,2.62942,1357675.896,0.8357,0.5155,4.0995,2.5043,0.9392,0.5321,5.0391,2.2944,0.8893,0.5302,4.518,2.283,0.7083,0.5219,3.4296,2.4532,0.7979,0.5261,4.1901,2.7485,0.7711,0.5464,3.8427,1.8834,1,1,1,2,1.949433251,2.045835282,2.052791758,2.16900461,126.52585,126.5272,126.71305,205.39872,575331.2321,471.5868899,1.4448,0.07,175000,442,0.4,,"Chem. Sci., 2016,7, 1653-1673","Chem. Sci., 2016,7, 1653-1673",
145,-0.197389039,-0.068287308,9.01264829,6.48,39.44,0.0008301,2.41924,1357672.497,0.906,0.6007,5.5715,2.2758,0.9285,0.5288,5.6301,2.7391,0.8817,0.6734,5.1519,1.2539,0.7892,0.6072,4.808,2.1298,0.7722,0.6331,4.4427,1.7787,0.874,0.571,5.2364,2.3581,1,1,2,2,1.973566822,1.993244842,2.158292381,2.18100917,126.52708,126.4971,205.35681,205.49391,237338.2596,512.5576627,1.4448,0.81,62800,491,12.9,,"Chem. Sci., 2016,7, 1653-1673",,
146,-0.227261653,-0.084086127,7.0755972,25.96,216.54,0.0001749,2.32437,1357669.535,0.7677,0.6923,3.5855,0.884,0.807,0.2969,3.4783,2.4349,0.986,0.0885,5.1376,4.7267,0.6835,0.6972,3.3282,0.8793,0.7358,0.6978,3.5287,1.1075,0.7565,0.2971,3.3638,2.41,1,2,2,4,1.975492344,2.034609791,2.07951653,2.500459558,126.5981,205.35437,205.35292,3310.98356,66701.80399,533.4778886,1.4448,0.002,1110,485,1.8,,"Adv. Mater. 2017, 29, 1601861",,
147,-0.231402231,-0.089306107,9.68254278,45.64,195.11,0.0004186,2.33123,1357668.838,0.7934,0.6881,3.7936,0.8647,0.8477,0.562,4.2537,1.9564,0.8098,0.6981,3.979,0.4411,0.6926,0.693,3.4196,0.9099,0.7554,0.7152,3.7831,0.9895,0.7704,0.5679,3.904,1.9198,1,2,2,4,1.912002354,2.053922345,2.09318991,2.493057962,126.62502,205.36253,205.35007,3310.95955,127119.7079,531.9080485,1.4448,0.6,83300,490,7.2,,"Adv. Mater. 2017, 29, 1601861",,
148,-0.221326394,-0.07551307,3.71047599,70.12,305.01,6.57E-05,2.40307,1357666.105,0.7714,0.665,3.595,1.0567,0.8204,0.2808,3.4699,2.4613,0.8851,0.549,4.6071,2.7653,0.6864,0.6676,3.384,1.0646,0.7972,0.5586,3.9514,2.6454,0.5363,0.5517,2.6119,1.4932,1,2,3,3,1.972103446,2.00202023,2.051478004,2.137655258,126.61833,205.36697,312.7355,312.74618,24889.18116,516.0066082,1.406,0.02,2000000,466,0.01,,"Adv. Mater. 2017, 29, 1601861",,
149,-0.237748752,-0.089882084,7.34853431,31.32,196.94,0.0004308,2.43227,1357668.9,0.7701,0.7101,3.722,0.6134,0.8635,0.5694,4.4413,0.6334,0.8106,0.6122,3.9757,0.65,0.6787,0.7078,3.3818,0.6731,0.7678,0.6303,3.9824,0.9474,0.7074,0.6562,3.4893,1.4394,1,2,2,4,1.917031559,2.047077185,2.087689872,2.48516921,126.62027,205.36042,205.34459,3310.97275,151831.0008,509.8118219,1.4448,0.46,153000,470,3,,"Adv. Mater. 2017, 29, 1601861",,
150,-0.236121179,-0.087860072,7.70217029,46.89,197.68,0.0004941,2.43699,1357668.887,0.7706,0.7159,3.769,0.662,0.8529,0.5785,4.4305,0.3693,0.7324,0.2925,3.3498,2.0781,0.6804,0.7135,3.415,0.7493,0.7697,0.6412,4.0214,1.3437,0.6953,0.6465,3.469,1.5232,1,2,2,4,1.918026329,2.045474517,2.086229613,2.488007235,126.6199,205.34735,205.33253,3310.97065,164054.9297,508.8244104,1.4448,0.87,110126.5823,465,7.9,,"Adv. Mater. 2017, 29, 1601861",,
151,-0.241793879,-0.083582567,11.86465832,324.21,0.96,0.0008757,2.68921,1357668.485,0.8513,0.543,4.1187,1.278,0.7809,0.649,4.0898,0.2501,0.7703,0.6848,3.8406,0.3319,0.6704,0.761,3.4825,0.7824,0.7274,0.5784,3.5486,0.7942,0.7398,0.6748,3.8974,0.2699,1,2,2,4,1.928,2.061728644,2.062715201,2.487,126.61945,205.31212,205.31196,3310.97016,294041.6782,461.1019593,1.4448,0.71,91025.64103,465,7.8,,"Adv. Mater. 2017, 29, 1601861",,
152,-0.22361292,-0.076725772,9.40255289,139.21,195.67,0.000976,2.60339,1357668.825,0.8531,0.5769,4.833,1.4555,0.8346,0.6377,4.2511,0.7927,0.8503,0.5941,4.9394,1.607,0.6969,0.6037,3.5712,1.2337,0.7615,0.6103,4.0947,1.0176,0.7381,0.6023,3.9873,1.3241,1,2,2,4,1.922114981,2.045819151,2.078339963,2.496016426,126.61664,205.29988,205.28412,3310.96355,318772.5571,476.3020523,1.4448,0.6,128000,453,4.7,,"Adv. Mater. 2017, 29, 1601861",,
153,-0.218264696,-0.072015822,14.71033163,48.61,174.32,0.0002801,2.36141,1357667.196,0.7642,0.7608,3.5859,0.9849,0.8205,0.6262,3.9364,0.7243,0.7994,0.2586,3.3472,2.3534,0.6867,0.7647,3.3282,0.978,0.7716,0.6543,3.8149,1.9774,0.7168,0.6252,3.5875,1.6208,1,2,2,4,1.944000257,2.034958722,2.068901641,2.493009827,126.6091,205.33921,205.31766,3310.93703,78567.03191,525.1099978,1.4448,0.56,50900,470,11,,"Adv. Mater. 2017, 29, 1601861",,
154,-0.224581771,-0.122248371,11.85678825,815.7,844.92,3.06E-05,0.46579,1357639.529,0.6025,0.6686,2.5466,0.1807,0.51,0.6098,2.1909,0.3318,0.5902,0.5698,2.3884,0.9007,0.5368,0.6645,2.2923,0.1664,0.4699,0.579,2.0335,0.9314,0.491,0.606,2.1496,0.3334,1,4,2,2,2.05797619,2.42963454,2.538896217,2.542935508,126.55743,3311.0215,205.58616,205.577,331.3013345,2662.143885,1.4448,0.01,100000,432,0.1,,"Adv. Mater. 2017, 29, 1601861",,
155,-0.205199212,-0.054960206,4.21601581,453.31,610.61,0.002562,2.54667,1357670.587,0.9189,0.3547,4.4526,3.7253,0.9029,0.2603,3.0738,2.3491,0.7497,0.5111,4.0342,1.7649,0.5708,0.4591,2.7275,2.9386,0.86,0.3999,4.2333,3.2719,0.6846,0.5137,3.5509,2.7042,1,1,3,3,1.978185279,2.008435461,2.078629597,2.120275925,126.68416,126.57559,312.71321,312.74483,745842.5451,486.9103574,1.4906,0.4,50000,454,8,,"Adv. Mater. 2017, 29, 1601861",,
156,-0.195438739,-0.047440124,4.80592797,78.11,4.19,9.69E-06,2.32233,1357670.264,0.8688,0.6535,5.2574,1.8907,0.9346,0.3755,5.8441,4.2803,0.8602,0.6262,4.863,2.327,0.6592,0.6473,3.154,2.0145,0.6037,0.5884,3.4182,1.0412,0.7705,0.582,4.6342,2.2117,1,1,3,3,1.967842727,1.99804029,2.092005975,2.144312011,126.68634,126.56624,312.61261,312.56498,2368.001461,533.9465106,1.4906,0.58,3169.398907,476,183,,"Adv. Mater. 2017, 29, 1601861",,
157,-0.218127302,-0.056633495,5.3753601,232.11,577.3,0.0006051,2.59957,1357670.221,0.8245,0.553,4.0609,1.7717,0.7155,0.5658,3.8053,1.8032,0.8226,0.341,3.0554,1.5387,0.5294,0.5672,2.5755,1.5861,0.6673,0.5646,3.5298,1.3083,0.8121,0.5498,3.8904,1.2993,1,1,3,3,1.977935793,2.011669207,2.075188907,2.120705071,126.68706,126.57493,312.67127,312.73921,241065.3138,477.0019657,1.4906,0.54,69200,461,7.8,,"Adv. Mater. 2017, 29, 1601861",,
158,-0.208591231,-0.060984669,5.48075003,107.12,244.18,5.26E-05,2.46955,1357671.166,0.6878,0.7625,4.0108,0.7279,0.9729,0.2597,6.1236,5.4068,0.8178,0.5851,4.8435,2.4047,0.6679,0.7946,3.742,0.5372,0.55,0.4334,3.0849,4.0712,0.6909,0.5923,3.8003,2.3415,1,1,3,3,1.971335842,1.973867523,2.102321098,2.145605975,126.64807,126.581,312.72154,312.71762,21127.05528,502.1157701,1.4906,0.9,39130.43478,463,23,,"Adv. Mater. 2017, 29, 1601861",,
159,-0.174750335,-0.048233313,1.9837948,0.08,0.02,0.0006167,2.30872,1357674.068,0.8938,0.5484,4.474,2.1146,0.9181,0.5648,4.5828,1.5256,0.9086,0.2321,4.8992,4.1746,0.851,0.5474,4.3291,2.1305,0.8346,0.5662,4.2833,1.5104,0.7354,0.6624,3.6769,1.0248,1,1,2,2,1.959176358,1.959176358,2.103622827,2.103622827,126.52212,126.52212,205.53412,205.53411,175780.2396,537.0941474,1.406,0.56,114285.7143,484,4.9,,"Adv. Mater. 2017, 29, 1601861",,
160,-0.171757629,-0.040691675,2.96979093,2.44,62.81,0.0005285,2.44917,1357672.546,0.8961,0.5373,4.5685,2.1833,0.9199,0.5584,4.6424,1.4745,0.9073,0.1978,4.86,4.2429,0.8508,0.5347,4.3949,2.206,0.8183,0.5615,4.2941,1.4019,0.7401,0.6643,3.6648,0.9913,1,1,2,2,1.963202231,1.963202231,2.143543561,2.143543561,126.51984,126.5198,205.54023,205.54022,237002.4314,506.293969,1.406,0.37,109000,474,3.4,,"Adv. Mater. 2017, 29, 1601861",,
161,-0.171220853,-0.043969043,3.2368525,0.02,0.24,0.0006358,2.32141,1357674.046,0.891,0.5501,4.4598,2.0957,0.9166,0.5672,4.5642,1.4305,0.9091,0.1566,4.9256,4.4031,0.8466,0.5491,4.306,2.1135,0.8343,0.5681,4.2699,1.4065,0.7307,0.6693,3.673,1.0254,1,1,2,2,1.959176358,1.959176358,2.102028782,2.102028782,126.52175,126.52176,205.5297,205.5297,182637.304,534.1581194,1.406,0.63,110526.3158,486,5.7,,"Adv. Mater. 2017, 29, 1601861",,
162,-0.208582078,-0.065050752,12.74508773,5.34,48.42,0.001777,2.52423,1357677.278,0.8739,0.6176,3.833,0.5187,0.8756,0.657,3.4882,0.3189,0.8776,0.6919,3.9464,0.5189,0.8093,0.6191,3.634,0.4932,0.7091,0.6884,3.3221,0.2202,0.7849,0.6448,4.0415,1.4971,1,1,1,1,2.00625148,2.00625148,2.069543186,2.069543186,126.53833,126.53835,126.72111,126.7208,813870.3852,491.2389125,1.4448,0.77,241000,471,3.2,,"Adv. Mater. 2017, 29, 1601861",,
163,-0.204171151,-0.079229906,16.39193211,129.3,805.57,0.0001581,1.96732,1357669.571,0.8106,0.5601,4.1186,1.689,0.8631,0.4899,4.6213,2.6703,0.5313,0.5283,3.0587,1.7455,0.7077,0.5636,3.5034,1.667,0.7718,0.5111,4.0451,2.4323,0.697,0.6204,3.9628,1.3291,1,1,3,3,1.956418667,1.977594751,2.11555241,2.118587737,126.60021,126.68469,312.62236,312.57728,66473.85556,630.2990871,1.412,0.03,60000,457,0.5,,"Adv. Mater. 2017, 29, 1601861",,
164,-0.202469635,-0.07922523,16.39340408,91.45,752.89,0.0003647,1.9609,1357669.693,0.8228,0.5699,4.1615,1.6055,0.8768,0.4867,4.838,3.0217,0.6291,0.4928,3.6948,0.9218,0.7377,0.5712,3.5948,1.5868,0.7818,0.5082,4.2636,2.7447,0.6913,0.5983,3.7635,0.6046,1,1,3,3,1.953637889,1.979084637,2.113562396,2.118938177,126.60146,126.67714,312.62916,312.57569,117990.895,632.3626906,1.412,0.18,51400,443,3.5,,"Adv. Mater. 2017, 29, 1601861",,
165,-0.198146265,-0.077092538,16.06855331,96.98,764.75,0.0002684,1.90631,1357669.581,0.8259,0.5596,4.2392,1.6587,0.8811,0.48,4.8818,2.9268,0.5455,0.528,3.1499,1.465,0.7322,0.561,3.6228,1.6471,0.8001,0.4964,4.4128,2.7125,0.6787,0.6256,3.8826,1.2468,1,1,3,3,1.954418072,1.981254401,2.116499468,2.120667348,126.60018,126.6797,312.63145,312.56247,91357.72757,650.4713294,1.412,0.07,38900,460,1.8,,"Adv. Mater. 2017, 29, 1601861",,
166,-0.198543673,-0.076512057,15.99985988,97.76,756.87,0.0002043,1.92834,1357669.565,0.8247,0.562,4.2464,1.6291,0.8771,0.4812,4.8783,2.9493,0.544,0.5275,3.146,1.6894,0.7296,0.5631,3.6252,1.6203,0.8003,0.4962,4.4369,2.743,0.677,0.624,3.8628,1.2231,1,1,3,3,1.954714046,1.978799889,2.119868864,2.120002594,126.601,126.68038,312.55402,312.55931,75887.02757,643.0401278,1.412,0.08,44400,461,1.8,,"Adv. Mater. 2017, 29, 1601861",,
167,-0.245879355,-0.103680361,26.25980102,66.93,111.15,0.0001834,2.35147,1357663.523,0.8506,0.5898,4.6216,1.268,0.9181,0.572,5.1068,1.6663,0.9218,0.4496,5.3157,2.2778,0.6913,0.5803,3.4946,1.1704,0.7645,0.5607,4.0757,1.0264,0.6151,0.6118,3.2076,2.3621,2,2,2,2,1.998330053,2.023137662,2.032018209,2.054733316,205.41782,205.38796,205.32381,205.30022,55049.04876,527.3297129,1.4448,0.6,52200,452,11.5,,"Adv. Mater. 2017, 29, 1601861",,
168,-0.239796916,-0.093639535,24.67583557,71.13,98.81,0.0004224,2.42307,1357664.635,0.8321,0.6519,4.1896,0.6923,0.915,0.4306,5.0227,2.2976,0.9352,0.5095,5.1128,1.4321,0.6871,0.6371,3.4216,0.9533,0.7173,0.4933,3.6628,1.4597,0.6339,0.6625,3.296,1.5528,2,2,2,2,2.010891345,2.019924751,2.024545875,2.05042776,205.38412,205.35544,205.32302,205.29465,130017.5109,511.7474939,1.4448,0.67,72000,460,9.3,,"Adv. Mater. 2017, 29, 1601861",,
169,-0.236990333,-0.093035564,24.4593385,76.14,95.57,0.0004241,2.41866,1357664.668,0.8551,0.5209,4.5407,1.8126,0.9532,0.5782,5.5184,1.2893,0.8871,0.5252,4.8506,1.9948,0.6878,0.5428,3.428,1.515,0.7245,0.5629,3.7573,1.1581,0.6536,0.6623,3.5646,1.2683,2,2,2,2,2.009982587,2.019352619,2.025017531,2.051172835,205.383,205.35452,205.31975,205.29442,122185.5833,512.6805752,1.4448,0.82,105000,461,7.8,,"Adv. Mater. 2017, 29, 1601861",,
170,-0.187137926,-0.071722587,7.32099543,404.83,327.96,0.0005871,2.16608,1357673.025,0.966,0.3238,5.2977,4.4298,0.9589,0.3376,4.8796,3.8351,0.9561,0.3135,4.009,3.4412,0.9297,0.3254,5.1419,4.4053,0.9336,0.3409,4.6419,3.8097,0.9273,0.3196,3.8744,3.2423,1,1,2,2,1.958050306,1.996103705,2.095923901,2.151682597,126.53383,126.51952,205.48714,205.49709,153585.9887,572.4626976,1.4906,0.83,111000,430,7.5,,"Adv. Mater. 2017, 29, 1601861",,
171,-0.184671948,-0.071083087,9.19418574,330.81,260.93,0.0006561,2.12432,1357674.906,0.9684,0.3328,5.3402,4.4525,0.9668,0.2978,4.8725,3.6339,0.9663,0.3115,4.2206,3.8102,0.9355,0.3348,5.1716,4.4586,0.938,0.3016,4.554,3.5875,0.9314,0.3204,3.8908,3.4173,1,1,1,2,1.967344911,2.034728729,2.077041646,2.1020245,126.53474,126.53021,126.72074,205.48854,150613.1218,583.7162009,1.4906,0.58,232000,442,2.5,,"Adv. Mater. 2017, 29, 1601861",,
172,-0.18053875,-0.07247965,9.01239081,81.51,218.81,0.0001692,2.0393,1357674.058,0.9754,0.3397,5.3396,3.9655,0.9507,0.382,4.9775,3.4745,0.9659,0.3176,4.3221,3.6108,0.9463,0.3412,5.1166,3.9428,0.908,0.3849,4.8809,3.4787,0.8546,0.4174,4.8061,3.0363,1,1,1,2,1.991394988,2.013663825,2.079189506,2.14669001,126.53447,126.51751,126.72202,205.4958,76771.15794,608.0517825,1.4906,0.89,217000,452,4.1,,"Adv. Mater. 2017, 29, 1601861",,
173,-0.18057512,-0.08170097,7.76066887,124.83,449.3,0.0009722,1.77223,1357670.714,0.9591,0.3267,5.1931,3.9635,0.9305,0.4079,4.912,3.3375,0.9347,0.3285,4.2979,3.5076,0.9349,0.3297,5.0067,3.9419,0.8712,0.4095,4.6743,3.3269,0.8857,0.3267,3.9588,3.1726,1,1,2,2,1.970854383,1.992658024,2.167834173,2.170732826,126.50078,126.53543,205.48039,205.51278,201655.1912,699.6834497,1.4906,0.85,189000,449,4.5,,"Adv. Mater. 2017, 29, 1601861",,
174,-0.204173118,-0.07907795,16.39730441,129.18,805.86,0.0001586,1.97183,1357669.551,0.8103,0.5602,4.1178,1.6899,0.8626,0.4901,4.6215,2.6741,0.5308,0.5288,3.055,1.7333,0.7078,0.5637,3.504,1.6672,0.7708,0.5115,4.0405,2.4336,0.6972,0.6212,3.9651,1.3184,1,1,3,3,1.956418667,1.978283347,2.114830726,2.117989141,126.60028,126.68374,312.62281,312.57612,66789.693,628.8574573,1.412,0.03,60000,457,0.5,,"Chem. Sci., 2013,4, 2630-2644",,
175,-0.202432311,-0.079111496,16.39533515,91.42,754.02,0.0003746,1.96426,1357669.673,0.823,0.5687,4.1674,1.6145,0.8775,0.4872,4.8406,3.0076,0.6369,0.492,3.7385,0.9982,0.7381,0.57,3.5981,1.5973,0.783,0.5083,4.273,2.7358,0.6946,0.5905,3.7229,0.6236,1,1,3,3,1.953637889,1.979813375,2.113498048,2.118831282,126.60141,126.6761,312.62877,312.57477,124322.3584,631.2809913,1.412,0.18,51400,443,3.5,,"Chem. Sci., 2013,4, 2630-2644",,
176,-0.198932893,-0.058624686,16.81433509,17.69,722.41,0.000675,2.47327,1357668.138,0.8071,0.551,4.3037,1.5783,0.8756,0.5575,4.4317,1.5948,0.8549,0.6157,5.1547,1.2222,0.7394,0.5579,3.877,1.5176,0.7694,0.5902,3.5798,1.3974,0.6979,0.6181,4.1831,1.1295,1,1,3,3,1.967806139,1.967806139,2.125531698,2.125531698,126.62049,126.62054,312.58238,312.58239,226488.839,501.360547,1.412,0.07,38888.88889,460,1.8,,"Chem. Sci., 2013,4, 2630-2644",,
177,-0.198504155,-0.076511429,16.00165456,97.7,756.19,0.0002009,1.92677,1357669.544,0.8245,0.5624,4.2438,1.6258,0.8766,0.4806,4.8754,2.9572,0.5437,0.5259,3.1432,1.6991,0.7294,0.5635,3.6239,1.6157,0.7998,0.4958,4.433,2.7487,0.677,0.6238,3.8615,1.224,1,1,3,3,1.954714046,1.979459017,2.119368302,2.120002594,126.60097,126.68054,312.55264,312.5588,74766.74363,643.5640995,1.412,0.08,44444.44444,461,1.8,,"Chem. Sci., 2013,4, 2630-2644","Chem. Sci., 2013,4, 2630-2644",
178,-0.201153371,-0.067640927,18.33386783,39.81,42.6,1.81E-05,2.0117,1357672.643,0.8537,0.7138,4.6054,1.1701,0.894,0.4712,6.1641,2.3848,0.9436,0.4445,7.6514,0.8901,0.7087,0.6807,3.2969,1.3834,0.7257,0.6242,3.5021,1.3592,0.758,0.5846,4.723,4.2042,1,1,3,3,1.943181155,1.948720093,2.080460045,2.081448774,126.61306,126.61319,312.59408,312.50352,4086.94549,616.3940945,1.4305,0.15,3171.247357,531,47.3,,"Chem. Sci., 2013,4, 2630-2644",,
179,-0.217741422,-0.099852075,8.04374548,0.02,0.1,0.00171,1.97286,1357664.178,0.8751,0.5652,4.7847,0.9205,0.8333,0.6655,4.8096,0.3639,0.8841,0.6431,5.1289,1.4211,0.7861,0.5751,4.1833,0.9298,0.7173,0.662,3.8506,0.6908,0.772,0.7256,4.2005,0.6605,2,2,3,3,1.984001008,1.984001008,2.012380928,2.012380928,205.22058,205.22058,312.62237,312.62236,288801.5239,628.5291404,1.4448,0.2,55600,618,3.6,,"Chem. Asian J., 2014, 9, 2984-2994",,
180,-0.206883206,-0.094504337,6.51292619,23.64,104.34,0.0006369,1.8318,1357663.335,0.8797,0.6006,5.023,1.2139,0.8688,0.6244,5.2794,1.8935,0.8974,0.6109,5.4511,2.4309,0.7782,0.6058,4.1959,1.2522,0.7504,0.6242,4.0871,1.3666,0.7569,0.744,4.2446,0.5263,2,2,3,3,1.976421261,1.986082828,2.027571454,2.036485453,205.21219,205.20888,312.46511,312.44772,92848.03951,676.9297958,1.4448,0.14,28000,643,5,,"Chem. Asian J., 2014, 9, 2984-2994",,
181,-0.206335032,-0.093927345,7.54907374,25.28,112.47,0.0005646,1.83262,1357663.165,0.8799,0.5999,5.0247,1.1691,0.8711,0.627,5.3127,1.7561,0.8915,0.613,5.4041,2.3981,0.7779,0.6058,4.2015,1.1864,0.7549,0.6269,4.2048,1.2135,0.764,0.739,4.2861,0.5937,2,2,3,3,1.976211021,1.987684834,2.026845332,2.034475854,205.21175,205.21064,312.43045,312.54302,82617.83417,676.6269057,1.4448,0.06,10900,642,5.5,,"Chem. Asian J., 2014, 9, 2984-2994",,
182,-0.212034056,-0.098027668,7.76403672,17.55,108.55,0.0008694,1.88418,1357663.676,0.8764,0.5902,4.9843,1.0457,0.8575,0.636,5.2129,1.5583,0.8915,0.6218,5.4049,2.0991,0.7794,0.5987,4.2205,1.0733,0.747,0.6339,4.1249,1.1329,0.7608,0.7452,4.2171,0.4123,2,2,3,3,1.983631014,1.989769082,2.01796556,2.023803597,205.21867,205.21716,312.5068,312.50988,134073.3233,658.1112208,1.4448,0.06,17100,632,3.5,,"Chem. Asian J., 2014, 9, 2984-2994",,
183,-0.211799163,-0.096810271,8.42384933,6.97,111.14,0.0008243,1.89227,1357663.613,0.8754,0.6008,4.9928,0.8125,0.8588,0.6493,5.268,1.5792,0.88,0.6392,5.255,1.8487,0.7696,0.6099,4.2488,0.8018,0.7531,0.6475,4.2378,0.9971,0.7754,0.7236,4.254,0.526,2,2,3,3,1.986501951,1.987868708,2.015524001,2.027042427,205.21055,205.22445,312.63381,312.63228,128184.3591,655.2976055,1.4448,0.1,16900,631,5.9,,"Chem. Asian J., 2014, 9, 2984-2994",,
184,-0.209744821,-0.093109932,5.34621005,5.17,115.79,0.0009063,1.92481,1357663.754,0.8748,0.6109,5.0049,0.7899,0.8481,0.6641,5.2271,1.4706,0.888,0.6423,5.3252,1.907,0.7639,0.6212,4.1912,0.801,0.745,0.6578,4.198,0.9036,0.7871,0.6988,4.366,0.8777,2,2,3,3,1.98287342,1.985693833,2.016045882,2.027447163,205.21147,205.20198,312.64436,312.6346,145833.9153,644.2194295,1.4448,0.2,31700,624,6.3,,"Chem. Asian J., 2014, 9, 2984-2994",,
185,-0.190024741,-0.071758716,5.76036582,36.75,115.17,0.000204,2.15101,1357669.4,0.9321,0.4628,5.6161,4.0154,0.9798,0.3283,5.7905,4.3121,0.9352,0.3826,5.7122,4.3687,0.8367,0.4651,4.8473,4.0382,0.6981,0.6446,3.539,1.5809,0.9128,0.3618,5.2411,3.4514,1,1,2,2,1.994280071,1.99797998,2.223777417,2.371513019,126.55928,126.49564,205.39482,205.49134,47142.23667,576.4733776,1.406,1,238095.2381,520,4.2,,"Chem. Mater. 2020, 32, 537 ",,
186,-0.191445879,-0.093308673,6.15291827,90.61,300.43,0.0003885,1.5797,1357673.146,0.9238,0.4407,5.6942,4.6732,0.9415,0.4397,6.2252,4.7573,0.8904,0.3333,4.6403,3.3588,0.8056,0.5374,4.4166,3.5621,0.8414,0.5533,5.0785,3.5175,0.8799,0.5224,5.4595,4.0354,1,1,2,2,1.973726931,1.999222599,2.106271113,2.192763097,126.56579,126.51054,205.42037,205.40055,54550.89093,784.9591695,1.406,0.52,288888.8889,632,1.8,,"Chem. Mater. 2020, 32, 537 ",,
187,-0.196663603,-0.082652646,4.96662555,150.68,145.73,5.05E-05,1.94778,1357669.414,0.9211,0.4374,5.4749,4.3374,0.9291,0.4466,5.8535,4.1378,0.8632,0.2082,3.7931,2.8095,0.6739,0.6816,3.3983,1.8869,0.8465,0.4753,4.9151,4.0341,0.8774,0.4583,5.2175,4.1119,1,1,2,2,1.990121604,1.994851624,2.1975996,2.344007253,126.56823,126.49076,205.37996,205.49297,14002.07008,636.6222058,1.406,0.65,118181.8182,542,5.5,,"Chem. Mater. 2020, 32, 537 ",,
188,-0.196006667,-0.07220679,5.29316386,144.03,197.69,9.75E-05,2.15363,1357669.621,0.9009,0.4837,5.0964,3.708,0.9759,0.3492,5.5031,4.0464,0.9195,0.4122,5.5645,4.1276,0.7195,0.6457,3.5768,1.5841,0.7903,0.5859,4.4166,2.5203,0.8551,0.4265,4.7759,3.1442,1,1,2,2,1.989342856,1.99406018,2.191350725,2.282200035,126.56899,126.49046,205.37473,205.47159,32829.91813,575.7720686,1.406,0.78,141818.1818,498,5.5,,"Chem. Mater. 2020, 32, 537 ",,
189,-0.192382819,-0.076452119,4.61209606,109.02,239.48,0.0002193,2.03779,1357671.494,0.9083,0.4714,5.1264,3.9894,0.9388,0.4059,5.8406,4.3933,0.8426,0.2383,3.4449,2.3427,0.8396,0.4789,4.5482,3.8925,0.8097,0.4594,4.5128,4.1225,0.7215,0.5546,4.013,2.7902,1,1,2,2,1.981591532,1.988591461,2.157694371,2.184997025,126.49729,126.56917,205.57768,205.36555,51400.32143,608.5023481,1.406,0.81,184090.9091,514,4.4,,"Chem. Mater. 2020, 32, 537 ",,
190,-0.190917989,-0.074614878,4.72504412,60.03,247.8,0.0002908,2.16243,1357671.853,0.9302,0.453,5.3711,4.2304,0.9462,0.439,5.8476,4.3472,0.9769,0.3352,5.5346,4.1177,0.8872,0.4538,5.0737,4.2126,0.828,0.476,4.3529,3.7815,0.7701,0.5517,4.2959,2.5081,1,1,2,2,1.972779004,1.988241686,2.130634647,2.188106259,126.49741,126.54362,205.74948,205.36456,79919.14181,573.4289665,1.406,1,277777.7778,468,3.6,,"Chem. Mater. 2020, 32, 537 ",,
191,-0.189041081,-0.072614679,5.49979891,76.83,278.57,0.0002752,2.14988,1357672.159,0.9262,0.4596,5.2585,4.1287,0.9517,0.4187,6.0343,4.5999,0.9022,0.2877,3.823,1.9354,0.8844,0.4601,4.9772,4.1177,0.8443,0.4559,4.5627,4.0616,0.7666,0.5496,4.2963,2.4601,1,1,2,2,1.976630213,1.982397538,2.098048855,2.194202133,126.50126,126.53954,205.7405,205.38633,84535.22112,576.7763782,1.406,1,714285.7143,476,1.4,,"Chem. Mater. 2020, 32, 537 ",,
192,-0.191494542,-0.075775834,5.09398601,62.73,252.26,0.0002548,2.14921,1357671.612,0.9301,0.4538,5.452,4.336,0.9481,0.4382,5.9452,4.3335,0.9762,0.3365,5.6263,4.5652,0.8851,0.4564,5.1073,4.2891,0.8237,0.4967,4.3859,3.6526,0.7695,0.5555,4.3959,2.8076,1,1,2,2,1.972946274,1.98845191,2.127846329,2.191277481,126.49594,126.54186,205.74384,205.36536,70896.89826,576.9561839,1.406,1,270270.2703,480,3.7,,"Chem. Mater. 2020, 32, 537 ",,
193,-0.194131954,-0.073554635,6.02056454,50.42,143.61,0.0002931,2.26594,1357670.664,0.9372,0.4698,5.4083,3.8147,0.9791,0.3391,5.6846,4.1783,0.9382,0.4604,5.5116,3.7924,0.8689,0.4667,4.9581,3.8393,0.7339,0.6225,3.4321,1.7725,0.9235,0.366,5.1939,3.7931,1,1,2,2,1.976827003,1.989092758,2.186378284,2.227202056,126.49359,126.5362,205.37275,205.64639,76917.2771,547.2342604,1.406,1,188679.2453,464,5.3,,"Chem. Mater. 2020, 32, 537 ",,
194,-0.209063996,-0.079578246,14.26000332,115.63,493.02,0.0008913,2.62649,1357671.061,0.9607,0.3308,5.5715,4.0736,0.9313,0.3939,5.2489,3.6081,0.9746,0.3435,5.9928,4.4697,0.9173,0.3388,5.2445,3.9911,0.8584,0.4037,4.7783,3.4954,0.7359,0.6458,4.5724,1.271,1,1,2,2,1.987210608,2.002616538,2.155835569,2.191700253,126.49672,126.5017,205.48102,205.38184,440604.0036,472.1129721,1.406,0.79,175555.5556,478,4.5,,"Inorg. Chem. 2019, 58, 12348",,
195,-0.177223805,-0.043881126,9.76997107,36.97,105.76,8.46E-05,2.50181,1357670.349,0.9868,0.3993,6.1863,3.469,0.9592,0.4328,5.7915,3.202,0.9721,0.3703,6.1755,3.9644,0.755,0.5041,4.5696,2.5801,0.9201,0.4191,5.8111,3.3295,0.9233,0.507,5.5539,2.8097,1,1,2,2,1.987471509,2.004688504,2.178842583,2.187365082,126.50577,126.50411,205.36267,205.37711,46209.15869,495.6411558,1.406,0.26,20000,446,13,,"Inorg. Chem. 2019, 58, 12348",,
196,-0.191461256,-0.116609677,3.40757003,92.99,334,0.0006523,1.24618,1357670.472,0.971,0.2848,5.9522,4.5482,0.9408,0.3702,5.3985,4.1218,0.9497,0.3564,5.3241,3.7538,0.9559,0.2881,5.776,4.5323,0.8972,0.3715,5.0129,4.1029,0.9205,0.3784,5.4662,3.8892,1,1,2,2,1.982253516,1.998327801,2.173168194,2.190175564,126.49959,126.51007,205.49874,205.40814,79907.17722,995.0408448,1.406,0.02,270270.2703,590,0.074,,"Inorg. Chem. 2019, 58, 12348",,
197,-0.207266507,-0.078064768,10.42466547,38.94,84.33,0.000132,2.54046,1357670.824,0.9596,0.2616,6.0562,5.4175,0.9465,0.3834,6.2787,4.4213,0.97,0.2588,6.1418,5.3171,0.7646,0.4836,4.2124,3.5297,0.7877,0.5442,4.4726,2.9553,0.9527,0.2997,6.485,4.999,1,1,2,2,1.997885382,2.015254078,2.168869291,2.175743091,126.51587,126.53296,205.35579,205.38687,61419.18421,488.1005802,1.4448,0.07,3.50E+05,510,0.2,,"Inorg. Chem. 2021, 60, 12972-12983",,
198,-0.196846785,-0.081335792,12.13977036,148.62,180.35,0.0006342,2.44869,1357671.854,0.9847,0.2253,6.8487,5.8922,0.9339,0.3906,5.5344,3.9888,0.956,0.4055,5.8093,4.1491,0.9544,0.2443,6.5737,5.6889,0.8852,0.3899,5.0413,4.0145,0.8242,0.4953,4.9403,2.8315,1,1,2,2,2.001067965,2.00439567,2.100101426,2.183435367,126.5087,126.50065,205.35587,205.37989,296917.5445,506.3932143,1.4448,0.17,1.13E+05,532,1.5,,"Inorg. Chem. 2021, 60, 12972-12983",,
199,-0.204905691,-0.081364766,8.9819285,79.81,232.73,0.001195,2.28747,1357673.878,0.9085,0.4533,5.1489,3.6927,0.9365,0.3546,6.0104,4.5555,0.9836,0.2528,6.5263,5.405,0.8301,0.4711,4.5706,3.4557,0.7399,0.579,4.0713,2.2229,0.8521,0.4089,5.2655,3.7717,1,1,2,2,1.966460272,2.012613723,2.130911777,2.197547042,126.56859,126.50902,205.40808,205.34522,354357.3197,542.083612,1.4448,0.57,1.12E+05,546,5.1,,"Inorg. Chem. 2021, 60, 12972-12983",,
200,-0.205258038,-0.07903056,11.35434347,128.27,77.57,0.0001807,2.47623,1357674.657,0.9526,0.3754,5.8805,4.6342,0.9381,0.3982,4.9047,2.9449,0.9727,0.3185,5.9388,5.1423,0.8695,0.397,5.1853,4.3685,0.7867,0.4627,4.0812,2.7629,0.8208,0.508,4.4881,2.6531,1,1,2,1,1.975629014,2.06101213,2.076812461,2.095086872,126.52175,126.51639,205.37904,126.68759,114678.9834,500.7612378,1.4448,0.18,2.57E+05,517,0.7,,"J. Mater. Chem. C, 2022,10, 210-218",,
201,-0.199600282,-0.078472826,11.25281912,134.62,52.48,0.0005862,2.48278,1357675.237,0.9756,0.2842,6.4786,5.4762,0.929,0.393,5.4835,3.8606,0.8858,0.5969,4.7654,1.4829,0.903,0.3214,5.8723,5.0985,0.8737,0.4043,4.9956,3.786,0.7352,0.5787,4.1458,2.2963,1,1,2,1,1.995519231,2.034563835,2.081284699,2.083158659,126.51481,126.51404,205.3651,126.69002,215114.4329,499.4401437,1.4448,0.18,2.57E+05,539,0.7,,"J. Mater. Chem. C, 2022,10, 210-218",,
202,-0.2006094,-0.079182753,10.86631982,94.99,51,0.001507,2.50346,1357675.924,0.9701,0.3037,6.5087,5.4157,0.9296,0.4049,5.4957,3.863,0.9109,0.5116,5.2554,2.3734,0.9018,0.3389,5.8803,5.0209,0.8686,0.418,5.0174,3.748,0.7474,0.5876,4.0757,1.9561,1,1,1,2,1.991188088,2.038973761,2.060042233,2.084146348,126.51168,126.51308,126.73008,205.36576,486901.0153,495.3144848,1.4448,0.02,1.43E+04,525,1.4,,"J. Mater. Chem. C, 2022,10, 210-218",,
203,-0.200225133,-0.078679833,13.11486823,64.7,93.25,0.00266,2.5188,1357676.043,0.965,0.3152,6.4513,5.2786,0.93,0.4202,5.5296,3.7938,0.9438,0.3893,5.8724,4.0936,0.9085,0.3397,5.924,4.9772,0.8667,0.4319,5.0351,3.6769,0.8322,0.4642,4.8051,3.1179,1,1,1,2,1.992109686,2.038019382,2.061912947,2.084263179,126.5139,126.51188,126.7344,205.35978,839032.3395,492.2979196,1.4448,0.02,1.11E+04,524,1.8,,"J. Mater. Chem. C, 2022,10, 210-218",,
