HOMO,LUMO,dipolemoment,H_T1_S1,H_T1_S0,f,emission_energy,density_Pt,CT_S1,R_EH _S1a,LAMBDA_S1,R_EH _S1b,CT_S2,R_EH _S2a,LAMBDA_S2,R_EH _S2b,CT_S3,R_EH _S3a,LAMBDA_S3,R_EH _S3b,CT_T1,R_EH _T1a,LAMBDA_T1,R_EH _T1b,CT_T2,R_EH _T2a,LAMBDA_T2,R_EH _T2b,CT_T3,R_EH _T3a,LAMBDA_T3,R_EH _T3b,coor_bond_type (1),coor_bond_type (2),coor_bond_type (3),coor_bond_type (4),coor_bond_length (1),coor_bond_length (2),coor_bond_length (3),coor_bond_length (4),density_coor (1),density_coor (2),density_coor (3),density_coor (4),refractive index,ML_pred,Exp. Quantum Yield
-0.214564,-0.099001,8.390383,11.51,113.369999,-7.045295,1.91592,14.121276,0.8702,0.5912,4.9032,0.989,0.8505,0.6395,5.1016,1.5246,0.8917,0.6266,5.379,2.0136,0.7741,0.6004,4.1703,1.009,0.7447,0.6381,4.1121,1.0386,0.7606,0.7432,4.181,0.4421,2,2,3,3,1.984819,1.988463,2.019131,2.025514,5.324083,5.324062,5.744891,5.744842,1.3441,0.115921088,0.270000011
-0.227318,-0.105531,18.222548,652.67,27.790001,-8.646164,2.03866,14.12128,0.8527,0.4984,5.0862,3.013,0.8558,0.6265,5.9814,2.0701,0.8084,0.3074,4.6749,4.0979,0.7632,0.6321,5.058,2.2331,0.815,0.4937,4.7947,3.2237,0.7712,0.5633,4.4643,1.0233,2,1,2,4,1.935925,2.016906,2.184717,2.371271,5.324548,4.84093,5.325016,8.105,1.4448,0.2714248,0.07
-0.209363,-0.09329,2.824935,22.8,61.690001,-9.024691,1.79576,14.121286,0.8258,0.6064,4.1341,0.3208,0.9003,0.6478,4.7488,1.3105,0.8891,0.3647,5.2225,4.4614,0.7308,0.6124,3.7192,0.3406,0.6593,0.725,3.4141,0.5371,0.8553,0.6937,4.5101,0.7584,1,2,1,1,1.912013,2.030063,2.047479,2.081239,4.844263,5.324505,4.841268,4.841112,1.4448,0.219767421,0.159999996
-0.207267,-0.078065,10.424665,38.94,84.329999,-8.932709,2.54046,14.121281,0.9596,0.2616,6.0562,5.4175,0.9465,0.3834,6.2787,4.4213,0.97,0.2588,6.1418,5.3171,0.7646,0.4836,4.2124,3.5297,0.7877,0.5442,4.4726,2.9553,0.9527,0.2997,6.485,4.999,1,1,2,2,1.997885,2.015254,2.168869,2.175743,4.840368,4.840503,5.324744,5.324895,1.4448,0.389183611,0.07
-0.226725,-0.104956,10.963845,119.08,174.22,-7.570761,1.79676,14.121281,0.8258,0.7733,4.251,0.7498,0.8965,0.5074,5.4038,2.1334,0.8779,0.607,5.2184,0.7244,0.7381,0.7682,3.6935,0.8309,0.745,0.6948,3.8244,1.0747,0.802,0.6181,4.436,2.4008,1,2,2,4,1.916051,2.033142,2.068741,2.51008,4.841195,5.324747,5.324604,8.104999,1.4448,0.107243665,0.07
-0.198231,-0.076969,15.920355,100.59,773.67,-8.238804,1.90364,14.12128,0.8244,0.5617,4.25,1.6406,0.8793,0.4792,4.8946,2.9359,0.5436,0.5304,3.1439,1.5706,0.7285,0.5628,3.6267,1.6304,0.7995,0.4949,4.422,2.7228,0.6824,0.6197,3.916,1.2709,1,1,3,3,1.953931,1.979813,2.114332,2.11843,4.841029,4.841689,5.7445,5.744855,1.4072,0.129050747,0.079999998
-0.21026,-0.063437,12.805024,42.5,245.53,-6.515713,2.62942,14.121285,0.8357,0.5155,4.0995,2.5043,0.9392,0.5321,5.0391,2.2944,0.8893,0.5302,4.518,2.283,0.7083,0.5219,3.4296,2.4532,0.7979,0.5261,4.1901,2.7485,0.7711,0.5464,3.8427,1.8834,1,1,1,2,1.949433,2.045835,2.052792,2.169005,4.840447,4.840457,4.841925,5.324953,1.4448,0.614143133,0.07
-0.208715,-0.083882,5.957367,6.94,7.619999,-10.629158,2.22848,14.12128,0.9489,0.5092,5.2815,3.6235,0.9736,0.3426,6.4109,5.2569,0.8051,0.682,4.1221,1.2335,0.7808,0.5579,4.2511,2.8412,0.7893,0.6075,4.1751,1.9764,0.8304,0.5264,4.8664,2.5432,1,2,2,3,1.926189,2.002417,2.096454,2.204114,4.841206,5.324326,5.324698,5.744952,1.4448,0.787980914,0.800000012
-0.219773,-0.086891,16.647187,93.66,29.91,-11.100816,2.1457,14.121279,0.8906,0.5714,5.4787,3.5019,0.9542,0.5297,6.6165,4.9283,0.8174,0.6301,4.8512,1.6495,0.7141,0.56,3.7219,4.1671,0.7451,0.5755,4.6408,2.1416,0.8093,0.5978,4.9456,2.7697,2,1,2,4,1.975276,2.005132,2.181084,2.38906,5.324472,4.840841,5.324964,8.105004,1.4448,0.609624982,0.289999992
-0.2114,-0.093982,15.241872,64.44,326.75,-6.959154,2.05808,14.12128,0.8581,0.4514,5.2332,3.8227,0.9411,0.4152,6.2504,5.1783,0.8893,0.5424,5.9762,3.3479,0.7771,0.4542,4.5133,3.9231,0.8615,0.467,5.2558,4.3332,0.7277,0.6311,4.2584,1.3233,1,2,2,4,1.956136,1.966382,2.168676,2.408163,4.840792,5.324545,5.324992,8.105007,1.4448,0.345829904,0.230000004
-0.180575,-0.081701,7.760669,124.83,449.3,-6.935949,1.77223,14.121281,0.9591,0.3267,5.1931,3.9635,0.9305,0.4079,4.912,3.3375,0.9347,0.3285,4.2979,3.5076,0.9349,0.3297,5.0067,3.9419,0.8712,0.4095,4.6743,3.3269,0.8857,0.3267,3.9588,3.1726,1,1,2,2,1.970854,1.992658,2.167834,2.170733,4.840248,4.840522,5.325351,5.325508,1.4906,0.340135783,0.850000024
-0.221537,-0.094715,16.993525,112.28,42.139999,-11.713818,2.12956,14.121279,0.9115,0.4676,5.7442,4.2506,0.9207,0.618,5.4856,2.8877,0.8348,0.604,4.7631,2.2855,0.7243,0.5733,3.8326,3.4052,0.8748,0.5162,5.6628,3.801,0.7815,0.5933,4.414,2.0603,2,1,2,4,1.97387,2.006122,2.189068,2.385948,5.324483,4.840839,5.325009,8.105005,1.4448,0.465673089,0.100000001
-0.204345,-0.092467,9.51301,54.08,463.64,-6.426564,2.13139,14.121282,0.9538,0.3274,5.2451,3.9316,0.9213,0.4327,5.0106,3.2253,0.8906,0.3149,5.236,1.0447,0.9217,0.3359,5.0015,3.8111,0.853,0.4321,4.7259,3.199,0.8572,0.3588,4.8944,1.0944,1,1,2,2,1.971336,1.992325,2.171084,2.171572,4.840183,4.840431,5.325176,5.325317,1.4448,0.625347733,0.529999971
-0.209033,-0.087001,1.201561,97.66,131.62,-8.081522,1.86197,14.12128,0.8551,0.7065,4.2763,0.1787,0.8594,0.6736,4.3711,1.5327,0.9058,0.6647,4.745,1.8282,0.7006,0.7068,3.5165,0.2455,0.702,0.6923,3.5462,0.4063,0.7705,0.6601,3.8982,0.8409,1,2,2,1,2.05041,2.058645,2.07955,2.090433,4.841349,5.324684,5.324657,4.841174,1.4072,0.206701711,0.239999995
-0.206883,-0.094504,6.512926,23.64,104.340001,-7.358898,1.8318,14.121276,0.8797,0.6006,5.023,1.2139,0.8688,0.6244,5.2794,1.8935,0.8974,0.6109,5.4511,2.4309,0.7782,0.6058,4.1959,1.2522,0.7504,0.6242,4.0871,1.3666,0.7569,0.744,4.2446,0.5263,2,2,3,3,1.976421,1.986083,2.027571,2.036485,5.324045,5.324028,5.744493,5.744437,1.4448,0.128794327,0.140000001
-0.195439,-0.04744,4.805928,78.11,4.19,-11.544416,2.32233,14.121281,0.8688,0.6535,5.2574,1.8907,0.9346,0.3755,5.8441,4.2803,0.8602,0.6262,4.863,2.327,0.6592,0.6473,3.154,2.0145,0.6037,0.5884,3.4182,1.0412,0.7705,0.582,4.6342,2.2117,1,1,3,3,1.967843,1.99804,2.092006,2.144312,4.841714,4.840766,5.744965,5.744812,1.4906,0.654916048,0.579999983
-0.214567,-0.102787,13.705848,58.17,87.06,-7.996318,2.04779,14.121286,0.9421,0.4236,5.8962,4.637,0.914,0.4999,4.4952,2.9189,0.9501,0.379,6.1959,4.8981,0.8987,0.4347,5.5057,4.5094,0.8461,0.5064,4.2312,2.8721,0.6944,0.6234,3.638,1.7246,1,2,1,2,1.917046,2.00242,2.028084,2.166458,4.842709,5.32475,4.840883,5.325087,1.4448,0.174241632,0.039999999
-0.208645,-0.09821,15.184807,10.7,6.740001,-8.39719,2.07626,14.121286,0.918,0.4354,6.7111,5.1958,0.8877,0.2271,5.4182,4.2394,0.9571,0.3402,6.3903,4.5945,0.854,0.4451,6.133,4.8481,0.7853,0.5101,4.623,2.6359,0.8676,0.4161,5.5423,3.729,1,2,1,2,1.924149,1.991097,2.026369,2.178057,4.842699,5.324697,4.840887,5.324992,1.4448,0.151673093,0.270000011
-0.230681,-0.106746,15.328974,25.49,344.489999,-7.365988,2.12714,14.12128,0.8541,0.5233,4.4607,3.0528,0.8481,0.4857,4.0547,2.5565,0.8237,0.6504,4.1422,1.4945,0.8055,0.5306,4.1815,3.0087,0.7212,0.5374,3.5057,2.3235,0.7302,0.6124,3.6761,1.7383,1,2,2,4,1.973681,1.978275,2.119767,2.400241,4.840987,5.324571,5.325129,8.105009,1.4448,0.156566799,0.025
-0.208833,-0.083341,6.586305,0.92,28.969999,-10.523384,2.22194,14.12128,0.9571,0.4608,5.4637,3.9152,0.9657,0.3888,6.2284,4.8065,0.8119,0.6599,4.134,1.2838,0.7513,0.5491,4.1067,2.628,0.8353,0.5607,4.4381,2.4568,0.8366,0.506,4.9149,2.8758,1,2,2,3,1.926246,2.005842,2.099313,2.201184,4.84121,5.324325,5.32472,5.744987,1.4448,0.779504955,0.720000029
-0.231286,-0.10467,15.761356,728.78,58.59,-8.315886,2.08069,14.12128,0.8468,0.5365,4.7066,2.2624,0.8527,0.5936,5.1839,1.3435,0.8006,0.3201,4.2588,3.4362,0.7512,0.606,4.493,1.5846,0.8071,0.5247,4.4725,2.6045,0.7826,0.5673,4.4264,1.8321,2,1,2,4,1.929212,2.018919,2.185746,2.373537,5.324587,4.840932,5.325028,8.105001,1.4448,0.157495841,0.059999999
-0.235617,-0.105837,16.399235,797.03,119.289999,-8.09947,2.10281,14.12128,0.8427,0.6038,4.6375,2.2363,0.8302,0.6363,4.6262,1.9304,0.8817,0.5517,4.8647,2.6047,0.7394,0.6114,4.1897,2.1397,0.8001,0.6295,4.4016,2.0319,0.7523,0.5782,3.898,2.1381,2,1,2,4,1.92159,2.018834,2.195051,2.366087,5.324636,4.840926,5.32503,8.105001,1.4448,0.170073152,0.050000001
-0.202822,-0.061982,10.01974,19.46,101.720001,-7.142339,2.64304,14.121283,0.9478,0.5359,5.3023,2.833,0.8868,0.5737,4.8032,1.9231,0.8815,0.673,5.1481,1.724,0.7427,0.5875,4.2404,2.2318,0.844,0.5901,4.5036,2.0958,0.8474,0.5878,4.7617,1.9712,1,1,2,2,1.974986,1.985955,2.157759,2.1732,4.840256,4.840399,5.32527,5.324818,1.4448,0.650922239,0.709999979
-0.213997,-0.104757,14.757854,52.95,55.92,-8.48812,1.98368,14.121286,0.9098,0.4681,6.3509,4.8644,0.8622,0.4796,4.7388,2.7923,0.9533,0.3577,6.6958,5.4134,0.8523,0.4767,5.8972,4.6069,0.8193,0.4857,4.4792,2.7297,0.7023,0.5779,4.2711,1.7631,1,2,1,2,1.92319,1.989344,2.027656,2.176342,4.842734,5.324724,4.84089,5.325054,1.4448,0.123622842,0.07
-0.22612,-0.102299,18.696841,512.74,59.42,-8.96036,2.08138,14.12128,0.8505,0.5244,5.5121,2.5173,0.8498,0.6237,5.9675,0.9787,0.8065,0.2799,5.1208,4.6185,0.7551,0.6672,5.076,1.7153,0.8096,0.4876,5.0498,3.5687,0.7318,0.6032,4.3791,0.5179,2,1,2,4,1.9422,2.014612,2.183043,2.375745,5.32451,4.840923,5.324966,8.105001,1.4448,0.187850654,0.469999999
-0.20979,-0.093097,5.381446,5.89,116.19,-7.007907,1.92719,14.121276,0.8749,0.6108,5.0072,0.7968,0.8481,0.6642,5.2262,1.459,0.8882,0.6424,5.3285,1.9023,0.764,0.621,4.1922,0.8081,0.7448,0.6578,4.196,0.9045,0.787,0.6992,4.3664,0.877,2,2,3,3,1.983516,1.985569,2.016959,2.026854,5.32404,5.323996,5.745063,5.745033,1.4448,0.173392609,0.200000003
-0.2319,-0.0889,8.610295,28.18,182.930001,-8.068349,2.3035,14.12128,0.7693,0.7143,3.7125,0.4955,0.8705,0.5266,4.4835,2.2157,0.7987,0.6598,3.9262,0.3051,0.6848,0.718,3.4223,0.5959,0.7858,0.5276,4.1242,2.1932,0.7534,0.6648,3.7409,0.5326,1,2,2,4,1.912659,2.054806,2.083791,2.49059,4.841244,5.32476,5.324693,8.104995,1.4448,0.571223378,0.519999981
-0.220911,-0.094455,16.544163,119.08,40.52,-11.771696,2.12161,14.121279,0.9079,0.5293,5.8348,3.8666,0.9498,0.5312,6.4755,4.6344,0.8251,0.6283,5.0297,2.0961,0.7285,0.5342,3.9502,4.1928,0.7522,0.6204,4.3266,1.8125,0.8594,0.5441,5.796,3.6979,2,1,2,4,1.971037,2.005502,2.180313,2.387242,5.32448,4.840851,5.32495,8.105004,1.4448,0.37361598,0.419999987
-0.196664,-0.082653,4.966626,150.68,145.73,-9.893537,1.94778,14.12128,0.9211,0.4374,5.4749,4.3374,0.9291,0.4466,5.8535,4.1378,0.8632,0.2082,3.7931,2.8095,0.6739,0.6816,3.3983,1.8869,0.8465,0.4753,4.9151,4.0341,0.8774,0.4583,5.2175,4.1119,1,1,2,2,1.990122,1.994852,2.1976,2.344007,4.840782,4.840169,5.324862,5.325412,1.406,0.421271741,0.649999976
-0.228907,-0.09225,7.26102,12.75,196.23,-7.981285,2.24153,14.12128,0.8102,0.6826,3.8704,0.9626,0.8451,0.5757,4.2094,1.9595,0.8096,0.7211,3.9348,0.5523,0.7163,0.6875,3.5121,0.9648,0.7585,0.5947,3.7647,1.6134,0.7597,0.732,3.8761,0.812,1,2,2,4,1.905051,2.057412,2.097239,2.484024,4.841126,5.324759,5.324721,8.104993,1.4448,0.589357734,0.389999986
-0.202036,-0.062123,12.467595,13.4,76.449999,-6.94712,2.64024,14.121284,0.9505,0.5286,5.227,2.7909,0.8853,0.6,4.6325,1.7217,0.9122,0.6031,4.9706,1.7023,0.7596,0.5746,4.2739,2.2395,0.8477,0.5823,4.4786,1.9964,0.8113,0.5549,4.3489,1.9525,1,1,1,2,2.000341,2.014923,2.084286,2.172844,4.840411,4.840341,4.84177,5.324877,1.4448,0.62287426,0.779999971
-0.184672,-0.071083,9.194186,330.81,260.929999,-7.329197,2.12432,14.121284,0.9684,0.3328,5.3402,4.4525,0.9668,0.2978,4.8725,3.6339,0.9663,0.3115,4.2206,3.8102,0.9355,0.3348,5.1716,4.4586,0.938,0.3016,4.554,3.5875,0.9314,0.3204,3.8908,3.4173,1,1,1,2,1.967345,2.034729,2.077042,2.102025,4.840517,4.840481,4.841986,5.32539,1.4906,0.42194289,0.579999983
-0.242573,-0.107231,21.696331,253.12,10.610001,-8.634289,2.20752,14.121279,0.8337,0.6147,4.976,0.55,0.8445,0.6762,5.2071,0.7383,0.8013,0.2674,4.5286,2.5587,0.7076,0.7031,3.9277,1.8439,0.7355,0.5569,4.3157,0.3577,0.7676,0.6246,4.4893,0.8107,2,1,2,4,1.967149,1.998984,2.182437,2.377968,5.324479,4.841152,5.324939,8.105007,1.4448,0.599715471,0.790000021
-0.180539,-0.07248,9.012391,81.51,218.81,-8.684429,2.0393,14.121284,0.9754,0.3397,5.3396,3.9655,0.9507,0.382,4.9775,3.4745,0.9659,0.3176,4.3221,3.6108,0.9463,0.3412,5.1166,3.9428,0.908,0.3849,4.8809,3.4787,0.8546,0.4174,4.8061,3.0363,1,1,1,2,1.991395,2.013664,2.07919,2.14669,4.840515,4.840381,4.841996,5.325426,1.4906,0.416625112,0.889999986
-0.214832,-0.079339,7.64147,243.48,101.79,-8.526739,2.02463,14.12128,0.7659,0.659,3.8518,0.5266,0.8451,0.5808,4.3403,2.3227,0.7022,0.5968,3.2589,1.0492,0.6132,0.6603,3.0255,0.5072,0.6549,0.605,3.316,1.9727,0.7109,0.6325,3.2257,1.1113,2,2,2,2,1.944343,1.995296,2.064363,2.064787,5.324261,5.324199,5.324483,5.324465,1.3441,0.23223567,0.097000003
-0.172958,-0.067854,2.856996,0.38,21.16,-8.3619,1.78561,14.121284,0.9111,0.5316,4.776,2.4751,0.9212,0.5362,4.8554,2.2989,0.8961,0.4737,3.9384,1.391,0.8749,0.5288,4.6194,2.4988,0.8609,0.5321,4.455,2.3002,0.7579,0.626,4.1079,1.7585,1,1,2,2,1.964379,1.964379,2.143432,2.143432,4.840647,4.840647,5.325166,5.325168,1.406,0.503030479,0.140000001
-0.237902,-0.104587,19.954956,296.01,33.92,-8.976059,2.19814,14.121278,0.8854,0.5499,5.2312,3.146,0.8645,0.6553,4.8288,1.7275,0.8915,0.6118,5.3146,1.9821,0.7113,0.6124,3.9537,2.1703,0.822,0.6085,4.7407,2.2495,0.7806,0.6145,4.3929,1.7488,2,1,2,4,1.966891,2.022372,2.168895,2.379757,5.324491,4.84064,5.324928,8.105008,1.4448,0.639203131,0.140000001
-0.230467,-0.091656,12.761402,24.2,201.44,-7.683415,2.3457,14.121285,0.828,0.639,4.0473,1.1628,0.8633,0.5788,4.3807,2.2241,0.846,0.5857,3.5437,1.5255,0.7241,0.6368,3.6354,1.1727,0.7627,0.5845,3.8944,1.8204,0.7878,0.6005,3.8558,1.3147,1,1,2,2,1.992983,2.028991,2.069246,2.098055,4.841035,4.840945,5.324851,5.324805,1.4448,0.591588497,0.579999983
-0.20724,-0.084142,7.68138,6.58,161.140001,-7.115272,2.34264,14.12128,0.943,0.4476,5.3547,3.5238,0.937,0.3819,5.8845,4.6066,0.8388,0.5416,4.7196,1.5154,0.8712,0.4515,4.8445,3.4066,0.732,0.5757,4.1233,0.9247,0.8335,0.4644,4.6627,2.6297,1,2,2,3,1.923239,2.014567,2.092735,2.135042,4.841198,5.324522,5.324685,5.744794,1.4448,0.749732673,0.769999981
-0.213517,-0.08138,6.534642,0.13,0.209974,-9.126919,2.47012,14.121281,0.8817,0.5209,5.2036,2.5953,0.9236,0.3407,5.6815,4.0746,0.8106,0.5856,4.1912,1.2162,0.7807,0.5428,4.6316,2.315,0.8333,0.3799,4.7887,3.5589,0.648,0.7374,3.5107,0.333,1,1,2,2,1.949,2.013,2.077397,2.077576,4.841278,4.843083,5.324778,5.324777,1.4448,0.606775701,0.519999981
-0.221571,-0.105977,9.869795,95.81,244.91,-7.088438,1.86308,14.121281,0.8404,0.5184,4.2222,2.1525,0.8251,0.5524,3.9187,1.874,0.9581,0.2594,4.5215,3.3697,0.7804,0.5257,3.9553,2.1342,0.7629,0.7394,3.8212,0.7205,0.7883,0.4584,3.8029,2.4406,1,2,3,2,1.973968,2.02709,2.06574,2.088703,4.841095,5.32466,5.745185,5.324764,1.4448,0.166556075,0.469999999
-0.207142,-0.084026,7.945313,9.54,168.590001,-7.073338,2.33562,14.12128,0.942,0.4634,5.3672,3.3538,0.94,0.3733,5.8481,4.6506,0.8378,0.5473,4.6772,1.758,0.8696,0.468,4.8538,3.2254,0.7491,0.5716,4.0585,1.463,0.8363,0.4367,4.8182,3.6264,1,2,2,3,1.918267,2.015611,2.097381,2.124511,4.841193,5.324504,5.324735,5.744829,1.4448,0.728931308,0.819999993
-0.239797,-0.09364,24.675836,71.13,98.809999,-7.769558,2.42307,14.121277,0.8321,0.6519,4.1896,0.6923,0.915,0.4306,5.0227,2.2976,0.9352,0.5095,5.1128,1.4321,0.6871,0.6371,3.4216,0.9533,0.7173,0.4933,3.6628,1.4597,0.6339,0.6625,3.296,1.5528,2,2,2,2,2.010891,2.019925,2.024546,2.050428,5.324882,5.324742,5.324584,5.324446,1.4448,0.518247604,0.670000017
-0.20985,-0.081128,4.989175,3.79,34.039999,-9.971766,2.25826,14.12128,0.9526,0.4735,5.3411,3.803,0.9688,0.4087,6.2749,4.5834,0.7991,0.6448,4.078,1.2894,0.7432,0.5451,4.0297,2.6615,0.8232,0.5449,4.3482,2.494,0.8821,0.5066,5.376,3.0074,1,2,2,3,1.925699,2.000727,2.095524,2.184918,4.841202,5.324324,5.32472,5.744967,1.4448,0.706414521,0.930000007
-0.210535,-0.089402,5.152744,51.28,28.280001,-7.863567,2.13239,14.12128,0.9706,0.4206,6.4475,5.108,0.9359,0.5736,6.0233,3.4933,0.9101,0.4754,5.6169,3.8636,0.744,0.544,3.9392,3.8546,0.8617,0.524,5.2746,2.8671,0.7451,0.5634,4.3841,2.4638,1,2,2,3,1.918382,2.013823,2.084522,2.13893,4.841169,5.324319,5.324718,5.744712,1.4448,0.27654317,0.74000001
-0.213155,-0.09221,1.448202,22.44,55.43,-9.206348,1.8309,14.121286,0.8229,0.6565,4.4213,0.577,0.93,0.4522,5.9491,4.3119,0.8864,0.6476,5.0996,2.4682,0.6905,0.65,3.6647,0.6389,0.7656,0.6493,4.3532,1.777,0.8643,0.4763,5.3135,3.8407,1,2,1,1,1.906993,2.030272,2.06066,2.086257,4.844263,5.324532,4.841318,4.840894,1.4448,0.273017257,0.25999999
-0.230846,-0.116533,13.105077,19.82,7.44,-9.852794,1.85311,14.121281,0.8338,0.5889,6.3302,4.0985,0.7987,0.2742,5.4461,4.5933,0.919,0.341,5.934,4.3204,0.7495,0.5853,5.0164,4.5387,0.7733,0.2778,5.2948,4.3975,0.7288,0.5867,4.5786,0.2107,1,1,2,2,1.962949,2.029414,2.087891,2.08806,4.841324,4.843378,5.3247,5.324703,1.4448,0.168827385,0.07
-0.215659,-0.077061,8.948378,45.3,77.28,-10.715418,2.30195,14.121284,0.8151,0.6388,4.0928,1.1553,0.9567,0.2428,6.6026,5.8291,0.9356,0.3242,4.0624,2.7164,0.7087,0.6582,3.7684,1.0435,0.751,0.6462,3.9515,1.7946,0.8134,0.4549,3.92,1.9487,1,2,1,1,1.922102,2.039456,2.040499,2.111741,4.844417,5.324737,4.841157,4.840837,1.406,0.547024965,0.819999993
-0.201153,-0.067641,18.333868,39.81,42.600001,-10.919599,2.0117,14.121283,0.8537,0.7138,4.6054,1.1701,0.894,0.4712,6.1641,2.3848,0.9436,0.4445,7.6514,0.8901,0.7087,0.6807,3.2969,1.3834,0.7257,0.6242,3.5021,1.3592,0.758,0.5846,4.723,4.2042,1,1,3,3,1.943181,1.94872,2.08046,2.081449,4.841136,4.841137,5.744905,5.744616,1.4305,0.350940049,0.150000006
-0.211408,-0.072763,10.538034,322.21,287.91,-7.382088,2.72939,14.121283,0.9456,0.3661,5.1721,4.166,0.9533,0.3908,4.8501,3.8806,0.9582,0.3515,5.5092,3.7386,0.8751,0.3777,4.7966,3.9966,0.8708,0.4334,4.5405,3.3255,0.7242,0.5629,3.6092,1.5814,1,1,2,2,1.958045,2.002422,2.088273,2.150209,4.84041,4.840336,5.325192,5.325242,1.4448,0.728191614,0.389999986
-0.224888,-0.089939,7.783691,122.54,35.780001,-9.099694,2.1585,14.121279,0.9211,0.6633,5.1389,1.9691,0.8852,0.5481,5.2376,3.206,0.8708,0.6516,5.2034,1.8415,0.7134,0.6612,3.5798,2.3311,0.7205,0.7087,3.9742,0.6655,0.7507,0.5833,4.2278,2.562,1,2,2,4,1.922481,2.077655,2.078617,2.491321,4.841153,5.324678,5.324694,8.104992,1.4448,0.547402263,0.200000003
-0.236121,-0.08786,7.70217,46.89,197.68,-7.612773,2.43699,14.12128,0.7706,0.7159,3.769,0.662,0.8529,0.5785,4.4305,0.3693,0.7324,0.2925,3.3498,2.0781,0.6804,0.7135,3.415,0.7493,0.7697,0.6412,4.0214,1.3437,0.6953,0.6465,3.469,1.5232,1,2,2,4,1.918026,2.045475,2.08623,2.488007,4.84119,5.324703,5.324631,8.104997,1.4448,0.52973032,0.870000005
-0.21508,-0.095047,11.085985,40.14,214.950001,-8.232766,1.82223,14.121285,0.8316,0.6053,4.2029,2.0003,0.9202,0.4001,6.0021,4.5278,0.8654,0.4991,4.474,2.5274,0.6776,0.6154,3.4729,1.8871,0.8169,0.6673,4.167,1.6584,0.8819,0.4094,5.6685,4.3444,1,1,2,2,1.96971,1.978068,2.01973,2.173254,4.841237,4.842612,5.324663,5.325012,1.4448,0.2877298,0.039999999
-0.196847,-0.081336,12.13977,148.62,180.349999,-7.363146,2.44869,14.121282,0.9847,0.2253,6.8487,5.8922,0.9339,0.3906,5.5344,3.9888,0.956,0.4055,5.8093,4.1491,0.9544,0.2443,6.5737,5.6889,0.8852,0.3899,5.0413,4.0145,0.8242,0.4953,4.9403,2.8315,1,1,2,2,2.001068,2.004396,2.100101,2.183435,4.840311,4.840248,5.324744,5.324861,1.4448,0.338991255,0.170000002
-0.191485,-0.075304,9.569732,33.6,242.190001,-7.976032,1.96107,14.121276,0.866,0.512,5.6706,2.9733,0.8944,0.3839,6.4225,4.4384,0.9373,0.382,7.5562,2.2467,0.7556,0.5171,4.404,2.8783,0.7288,0.4792,3.8404,5.0882,0.7764,0.4699,5.1603,1.1722,2,2,3,3,1.97103,1.976837,2.042602,2.045223,5.324453,5.324428,5.74426,5.744925,1.4448,0.28044036,0.170000002
-0.195905,-0.098052,13.424285,7.85,342.26,-7.944802,1.68906,14.121275,0.9317,0.421,5.2926,3.1553,0.9522,0.4122,5.6493,3.2234,0.8858,0.549,5.1611,2.1992,0.8967,0.4244,5.0422,3.1272,0.9057,0.4182,5.2484,3.1832,0.7029,0.581,3.8037,2.0515,2,2,3,3,1.995668,1.996406,2.00918,2.009547,5.324451,5.324428,5.745047,5.745034,1.4969,0.230442658,0.119999997
-0.201427,-0.099564,14.042354,8.96,355.610001,-7.686025,1.76897,14.121275,0.9222,0.4293,5.1123,3.1303,0.9454,0.4202,5.4723,3.221,0.7692,0.3207,3.7621,2.7657,0.8854,0.4327,4.8692,3.1007,0.8911,0.427,5.0396,3.1742,0.6938,0.5839,3.751,1.9593,2,2,3,3,1.995022,1.995992,2.008949,2.009533,5.324467,5.324442,5.745058,5.745046,1.4969,0.211632818,0.239999995
-0.192383,-0.076452,4.612096,109.02,239.48,-8.42507,2.03779,14.121282,0.9083,0.4714,5.1264,3.9894,0.9388,0.4059,5.8406,4.3933,0.8426,0.2383,3.4449,2.3427,0.8396,0.4789,4.5482,3.8925,0.8097,0.4594,4.5128,4.1225,0.7215,0.5546,4.013,2.7902,1,1,2,2,1.981592,1.988591,2.157694,2.184997,4.840221,4.840789,5.325824,5.324792,1.406,0.35144645,0.810000002
-0.200225,-0.07868,13.114868,64.7,93.249999,-5.929429,2.5188,14.121285,0.965,0.3152,6.4513,5.2786,0.93,0.4202,5.5296,3.7938,0.9438,0.3893,5.8724,4.0936,0.9085,0.3397,5.924,4.9772,0.8667,0.4319,5.0351,3.6769,0.8322,0.4642,4.8051,3.1179,1,1,1,2,1.99211,2.038019,2.061913,2.084263,4.840352,4.840336,4.842094,5.324763,1.4448,0.255933583,0.02
-0.215334,-0.091371,14.626654,58.2,184.89,-9.743071,2.0405,14.12128,0.8057,0.6611,5.0643,2.3595,0.9302,0.4635,6.5891,5.3774,0.9289,0.5032,6.9665,4.3304,0.7359,0.6461,4.4036,2.6259,0.8243,0.4937,5.5011,4.7893,0.7135,0.5655,3.9838,1.6622,2,1,2,4,1.966445,1.988355,2.17589,2.395508,5.324508,4.840963,5.324947,8.105006,1.4448,0.388041407,0.349999994
-0.209964,-0.099952,15.509315,4.35,293.730001,-7.07204,2.00726,14.121276,0.9263,0.414,5.1488,3.1442,0.9486,0.3932,5.5119,3.2747,0.8642,0.5425,4.7886,2.8499,0.8896,0.4195,4.9026,3.1073,0.8808,0.4116,5.0188,3.1361,0.7012,0.5958,3.836,1.8001,2,2,3,3,1.9878,1.98935,2.005289,2.006715,5.324341,5.324361,5.744175,5.744746,1.4448,0.167494491,0.100000001
-0.197389,-0.068287,9.012648,6.48,39.439999,-7.093964,2.41924,14.121282,0.906,0.6007,5.5715,2.2758,0.9285,0.5288,5.6301,2.7391,0.8817,0.6734,5.1519,1.2539,0.7892,0.6072,4.808,2.1298,0.7722,0.6331,4.4427,1.7787,0.874,0.571,5.2364,2.3581,1,1,2,2,1.973567,1.993245,2.158292,2.181009,4.840456,4.840219,5.324749,5.325416,1.4448,0.643937588,0.810000002
-0.203245,-0.062109,10.224734,24.2,93.67,-7.121196,2.62876,14.121282,0.9236,0.6015,5.5455,2.0819,0.9292,0.4999,5.8995,3.2389,0.859,0.6217,5.1932,1.9929,0.7401,0.6091,4.3831,1.9737,0.7538,0.6052,4.3781,1.2647,0.792,0.5971,4.7886,2.1492,1,1,2,2,1.97754,1.994009,2.16162,2.250841,4.840206,4.840582,5.324805,5.32482,1.4448,0.664280355,0.360000014
-0.221326,-0.075513,3.710476,70.12,305.01,-9.630412,2.40307,14.121278,0.7714,0.665,3.595,1.0567,0.8204,0.2808,3.4699,2.4613,0.8851,0.549,4.6071,2.7653,0.6864,0.6676,3.384,1.0646,0.7972,0.5586,3.9514,2.6454,0.5363,0.5517,2.6119,1.4932,1,2,3,3,1.972103,2.00202,2.051478,2.137655,4.841177,5.324798,5.745358,5.745392,1.406,0.381629884,0.02
-0.22309,-0.114319,11.476136,10.06,115.419999,-6.555691,1.75474,14.121276,0.8839,0.5826,5.0834,0.6083,0.8603,0.6635,5.2836,1.219,0.883,0.6498,5.3742,0.9693,0.7896,0.5962,4.3065,0.5503,0.7559,0.6563,4.0934,0.3926,0.7775,0.7367,4.4882,0.4365,2,2,3,3,1.982969,1.983856,2.010792,2.018392,5.324123,5.324166,5.744923,5.745028,1.4448,0.179291338,0.033
-0.209412,-0.0814,4.043472,12.54,2.489999,-10.248799,2.28075,14.12128,0.9367,0.5306,5.1208,3.3514,0.9787,0.3259,6.5025,5.3774,0.7716,0.6891,4.0764,1.0429,0.7738,0.5744,4.1671,2.6339,0.7667,0.601,4.1883,1.9119,0.8739,0.4825,5.3978,3.2573,1,2,2,3,1.926457,1.998721,2.093995,2.19168,4.841149,5.324319,5.324704,5.744932,1.4448,0.766079187,0.75
-0.191461,-0.11661,3.40757,92.99,334,-7.335006,1.24618,14.121281,0.971,0.2848,5.9522,4.5482,0.9408,0.3702,5.3985,4.1218,0.9497,0.3564,5.3241,3.7538,0.9559,0.2881,5.776,4.5323,0.8972,0.3715,5.0129,4.1029,0.9205,0.3784,5.4662,3.8892,1,1,2,2,1.982254,1.998328,2.173168,2.190176,4.840239,4.840322,5.32544,5.324999,1.406,0.398715824,0.02
-0.226963,-0.090946,14.109329,44.29,175.04,-8.628125,2.3023,14.12128,0.8268,0.6077,4.5324,1.6176,0.8748,0.5018,4.7921,2.0793,0.9349,0.1461,5.9502,5.4777,0.7081,0.5959,3.6801,1.4799,0.787,0.5077,4.2133,1.9996,0.7712,0.5452,4.2116,1.1487,1,2,2,2,1.910032,2.055048,2.094101,2.125002,4.841217,5.324749,5.324699,5.32602,1.4448,0.409716904,0.600000024
-0.171758,-0.040692,2.969791,2.44,62.809999,-7.545468,2.44917,14.121282,0.8961,0.5373,4.5685,2.1833,0.9199,0.5584,4.6424,1.4745,0.9073,0.1978,4.86,4.2429,0.8508,0.5347,4.3949,2.206,0.8183,0.5615,4.2941,1.4019,0.7401,0.6643,3.6648,0.9913,1,1,2,2,1.963202,1.963202,2.143544,2.143544,4.840399,4.840399,5.325642,5.325642,1.406,0.619935274,0.370000005
-0.221893,-0.087021,7.040126,5.4,16.809999,-8.074111,2.4522,14.121281,0.8667,0.5758,5.3161,2.5145,0.9361,0.3024,5.9663,4.5035,0.8041,0.2916,4.3382,2.0148,0.7191,0.6021,4.4743,1.6317,0.8509,0.3505,5.0896,3.887,0.6561,0.7158,3.4995,0.1256,1,1,2,2,1.952922,2.009341,2.08219,2.08219,4.841356,4.843174,5.32474,5.324741,1.4448,0.577129185,0.300000012
-0.218127,-0.056633,5.37536,232.11,577.3,-7.410117,2.59957,14.121281,0.8245,0.553,4.0609,1.7717,0.7155,0.5658,3.8053,1.8032,0.8226,0.341,3.0554,1.5387,0.5294,0.5672,2.5755,1.5861,0.6673,0.5646,3.5298,1.3083,0.8121,0.5498,3.8904,1.2993,1,1,3,3,1.977936,2.011669,2.075189,2.120705,4.84172,4.840834,5.745152,5.74537,1.4906,0.476909667,0.540000021
-0.213426,-0.098999,6.402841,0.030033,1.99,-6.682215,1.90482,14.121276,0.887,0.5674,4.8463,0.9645,0.862,0.6589,5.0939,0.5854,0.869,0.6367,4.8981,1.5899,0.7906,0.5759,4.1928,1.0006,0.7217,0.6538,3.8036,0.9549,0.7718,0.7368,4.2483,0.5567,2,2,3,3,1.984744,1.984744,2.008829,2.008829,5.324079,5.32408,5.745104,5.745102,1.5011,0.188029721,0.25999999
-0.191755,-0.057956,1.55173,133.8,123.72,-8.29525,2.27177,14.121283,0.8227,0.6121,4.0034,1.074,0.8956,0.5656,4.3873,1.355,0.796,0.3718,3.4443,1.1812,0.7478,0.6115,3.6242,1.0294,0.7442,0.5921,3.4877,0.6477,0.7195,0.6788,3.7021,0.6749,1,1,2,2,1.951062,1.979448,2.099233,2.136987,4.840807,4.840764,5.325112,5.325087,1.406,0.762075961,0.899999976
-0.191446,-0.093309,6.152918,90.61,300.43,-7.853217,1.5797,14.121283,0.9238,0.4407,5.6942,4.6732,0.9415,0.4397,6.2252,4.7573,0.8904,0.3333,4.6403,3.3588,0.8056,0.5374,4.4166,3.5621,0.8414,0.5533,5.0785,3.5175,0.8799,0.5224,5.4595,4.0354,1,1,2,2,1.973727,1.999223,2.106271,2.192763,4.840762,4.840326,5.325058,5.324962,1.406,0.483194828,0.519999981
-0.187216,-0.08546,3.403775,6.48,73.95,-8.514696,2.05132,14.121281,0.9577,0.3067,7.4558,6.646,0.9733,0.2873,7.8488,6.7605,0.89,0.2161,4.6893,3.684,0.9096,0.319,6.8634,6.4298,0.9565,0.3001,7.6755,6.539,0.6782,0.6318,3.8866,1.8451,1,1,2,2,1.962262,2.029073,2.060416,2.088384,4.841347,4.842786,5.32482,5.324778,1.4448,0.449522018,0.079999998
-0.20799,-0.090798,28.060629,5.7,17.94,-12.60357,2.47945,14.121277,0.9898,0.164,5.8335,4.1854,0.9586,0.3218,5.3351,3.4421,0.9697,0.3305,5.4763,3.3105,0.9751,0.1741,5.7158,4.0949,0.8963,0.336,5.01,3.253,0.7091,0.5938,3.5409,0.7304,2,2,2,2,2.011238,2.025127,2.030919,2.051586,5.324701,5.324695,5.324563,5.32445,1.4448,0.486443788,0.879999995
-0.20849,-0.096803,15.737329,36.72,230.95,-9.487412,1.66192,14.121279,0.8068,0.6601,4.8006,2.2242,0.9352,0.4569,6.1086,4.748,0.8985,0.5569,6.0922,3.7021,0.6968,0.6471,3.955,2.4181,0.8594,0.4922,5.2153,4.4271,0.7112,0.61,4.2595,0.3118,2,1,2,4,1.979341,1.981894,2.163957,2.39557,5.324445,4.841131,5.324915,8.105014,1.4448,0.307218701,0.029999999
-0.200609,-0.079183,10.86632,94.99,51.000001,-6.497634,2.50346,14.121285,0.9701,0.3037,6.5087,5.4157,0.9296,0.4049,5.4957,3.863,0.9109,0.5116,5.2554,2.3734,0.9018,0.3389,5.8803,5.0209,0.8686,0.418,5.0174,3.748,0.7474,0.5876,4.0757,1.9561,1,1,1,2,1.991188,2.038974,2.060042,2.084146,4.840335,4.840346,4.842059,5.324793,1.4448,0.400948882,0.02
-0.192489,-0.083514,8.453132,4.94,113.120001,-7.27766,2.03732,14.12128,0.9564,0.4157,5.6071,3.8757,0.9722,0.3037,6.682,5.5754,0.8617,0.4828,5.0496,1.9464,0.9036,0.4168,5.2043,3.838,0.8851,0.3504,5.629,4.7609,0.7471,0.5697,4.1088,1.8636,1,2,2,3,1.920075,2.011902,2.098581,2.162663,4.841179,5.32452,5.32471,5.744104,1.4448,0.336828202,0.230000004
-0.201998,-0.094836,13.062214,4.66,228.779999,-6.757613,1.90282,14.121275,0.9635,0.4066,5.0023,3.075,0.9658,0.4061,5.4121,3.1328,0.9001,0.557,4.9123,2.2838,0.9311,0.4084,4.7703,3.0552,0.9258,0.417,4.9558,3.0738,0.7476,0.6228,3.9136,1.746,2,2,3,3,2.000617,2.000617,2.007934,2.007934,5.32452,5.32452,5.745057,5.745057,1.4969,0.213208899,0.340000004
-0.202708,-0.077739,8.774484,104.6,338.379999,-6.876257,2.00934,14.121276,0.8399,0.5462,4.6608,2.7047,0.8213,0.5696,4.3646,2.2649,0.8748,0.6144,5.2183,2.4033,0.7063,0.5592,3.6163,2.5755,0.7081,0.5783,3.4611,2.0679,0.7072,0.6275,3.6642,2.2436,2,2,3,3,1.967641,1.977725,2.018331,2.022712,5.324556,5.324518,5.745101,5.745069,1.5011,0.184797063,0.270000011
-0.227644,-0.115388,16.54479,158.97,282.24,-7.198642,1.75855,14.121279,0.8793,0.5803,4.6794,2.6634,0.8748,0.4888,4.1812,2.3164,0.8937,0.4839,4.6336,2.0408,0.8109,0.5788,4.2241,2.5811,0.8184,0.4873,4.2864,2.028,0.8026,0.5082,4.16,2.1886,2,1,2,4,1.989381,2.002195,2.132965,2.387051,5.324515,4.840967,5.32509,8.105016,1.4448,0.132084683,0.001
-0.202349,-0.06146,10.738882,20.86,101.74,-7.36504,2.64212,14.121282,0.9474,0.5381,5.3229,2.8452,0.8865,0.5883,4.8369,1.8507,0.8839,0.6806,5.1662,1.6245,0.7406,0.5954,4.2331,2.148,0.8258,0.5976,4.3725,1.9421,0.8601,0.5968,4.8916,1.9344,1,1,2,2,1.975727,1.986762,2.158305,2.173626,4.840266,4.840405,5.32527,5.324812,1.4448,0.674703419,0.819999993
-0.234076,-0.102499,17.443395,284.39,50.99,-8.392766,2.18529,14.121279,0.8834,0.5531,5.1674,3.2114,0.8728,0.65,4.8465,1.7735,0.8564,0.2308,4.5312,3.5401,0.7163,0.6006,4.007,2.3623,0.8313,0.6053,4.7566,2.3675,0.7786,0.6111,4.3475,1.8548,2,1,2,4,1.968448,2.008023,2.185808,2.380908,5.324477,4.840961,5.324984,8.105004,1.4448,0.513729393,0.779999971
-0.211799,-0.09681,8.423849,6.97,111.14,-7.100976,1.89227,14.121276,0.8754,0.6008,4.9928,0.8125,0.8588,0.6493,5.268,1.5792,0.88,0.6392,5.255,1.8487,0.7696,0.6099,4.2488,0.8018,0.7531,0.6475,4.2378,0.9971,0.7754,0.7236,4.254,0.526,2,2,3,3,1.986502,1.987869,2.015524,2.027042,5.324037,5.324104,5.745033,5.745028,1.4448,0.223155096,0.100000001
-0.206186,-0.098691,9.017415,43.26,245.1,-7.52006,2.05075,14.121283,0.9694,0.3158,5.4237,4.1378,0.9531,0.3754,5.2623,3.6634,0.9658,0.3402,5.8127,4.6313,0.9402,0.3214,5.1798,4.0918,0.9162,0.3771,5.1341,3.6487,0.8866,0.3667,5.2652,4.1951,1,1,2,2,1.967515,1.982949,2.146893,2.156862,4.840217,4.84041,5.325253,5.325316,1.4448,0.452973962,0.011
-0.205199,-0.05496,4.216016,453.31,610.610001,-5.966967,2.54667,14.121281,0.9189,0.3547,4.4526,3.7253,0.9029,0.2603,3.0738,2.3491,0.7497,0.5111,4.0342,1.7649,0.5708,0.4591,2.7275,2.9386,0.86,0.3999,4.2333,3.2719,0.6846,0.5137,3.5509,2.7042,1,1,3,3,1.978185,2.008435,2.07863,2.120276,4.841697,4.84084,5.745287,5.745388,1.4906,0.473514318,0.400000006
-0.204906,-0.081365,8.981928,79.81,232.730001,-6.729609,2.28747,14.121283,0.9085,0.4533,5.1489,3.6927,0.9365,0.3546,6.0104,4.5555,0.9836,0.2528,6.5263,5.405,0.8301,0.4711,4.5706,3.4557,0.7399,0.579,4.0713,2.2229,0.8521,0.4089,5.2655,3.7717,1,1,2,2,1.96646,2.012614,2.130912,2.197547,4.840784,4.840313,5.324999,5.324693,1.4448,0.505867183,0.569999993
-0.208957,-0.08633,3.045824,27.17,174.28,-9.009034,2.19825,14.121281,0.897,0.5006,5.3302,1.9642,0.9671,0.3931,6.2452,2.8883,0.9199,0.5172,5.4031,0.9841,0.7956,0.5107,4.4504,1.9786,0.8241,0.5164,4.6385,0.7141,0.7531,0.5807,4.0377,0.4153,1,2,2,3,1.903753,2.026823,2.076177,2.135489,4.841164,5.324311,5.324783,5.744969,1.4448,0.684773147,0.99000001
-0.198933,-0.058625,16.814335,17.69,722.41,-7.300798,2.47327,14.121279,0.8071,0.551,4.3037,1.5783,0.8756,0.5575,4.4317,1.5948,0.8549,0.6157,5.1547,1.2222,0.7394,0.5579,3.877,1.5176,0.7694,0.5902,3.5798,1.3974,0.6979,0.6181,4.1831,1.1295,1,1,3,3,1.967806,1.967806,2.125532,2.125532,4.841194,4.841195,5.744868,5.744868,1.412,0.653784215,0.07
-0.194132,-0.073555,6.020565,50.42,143.610001,-8.134997,2.26594,14.121281,0.9372,0.4698,5.4083,3.8147,0.9791,0.3391,5.6846,4.1783,0.9382,0.4604,5.5116,3.7924,0.8689,0.4667,4.9581,3.8393,0.7339,0.6225,3.4321,1.7725,0.9235,0.366,5.1939,3.7931,1,1,2,2,1.976827,1.989093,2.186378,2.227202,4.840192,4.840528,5.324827,5.326158,1.406,0.71614933,1
-0.215555,-0.093328,16.412617,72.25,193.78,-8.515694,2.04201,14.12128,0.8197,0.633,5.3027,2.722,0.9258,0.4908,6.4873,5.1571,0.9031,0.5286,6.6423,3.4942,0.7436,0.6145,4.5532,3.0077,0.8296,0.521,5.5344,4.5028,0.732,0.5986,4.3859,0.6032,2,1,2,4,1.963587,1.98753,2.17851,2.396812,5.324465,4.840961,5.324972,8.105005,1.4448,0.233561441,0.730000019
-0.215977,-0.094839,15.838322,27.84,159.36,-7.836625,1.82999,14.121285,0.8186,0.6288,4.595,1.743,0.9065,0.4854,5.6801,2.881,0.9224,0.4906,5.982,2.8107,0.6665,0.6182,3.6358,2.0215,0.8304,0.5216,4.6909,3.6801,0.8143,0.5056,5.3265,3.321,1,1,2,2,1.966425,1.975965,2.020106,2.163569,4.842886,4.841216,5.324566,5.324887,1.4448,0.168298766,0.660000026
-0.199729,-0.082078,14.739094,77.9,123.88,-6.681417,2.17922,14.121286,0.9427,0.4397,5.3141,3.8374,0.9335,0.5634,5.4951,3.4151,0.8886,0.4299,5.8013,4.254,0.864,0.4509,4.83,3.5763,0.7534,0.5486,4.1532,2.4357,0.8259,0.5168,4.9866,2.6119,1,1,2,2,1.93593,2.011385,2.094812,2.112965,4.840622,4.84086,5.324344,5.325599,1.4448,0.609720945,0.170000002
-0.209064,-0.079578,14.260003,115.63,493.020001,-7.022829,2.62649,14.121281,0.9607,0.3308,5.5715,4.0736,0.9313,0.3939,5.2489,3.6081,0.9746,0.3435,5.9928,4.4697,0.9173,0.3388,5.2445,3.9911,0.8584,0.4037,4.7783,3.4954,0.7359,0.6458,4.5724,1.271,1,1,2,2,1.987211,2.002617,2.155836,2.1917,4.840216,4.840256,5.325354,5.324871,1.406,0.446002305,0.790000021
-0.240136,-0.104252,19.461924,277.9,24.86,-9.11594,2.19685,14.121279,0.8611,0.6297,4.9682,1.955,0.8643,0.5947,4.7946,2.1695,0.8473,0.2307,4.4564,3.2014,0.7092,0.7096,3.9276,1.4107,0.8034,0.5178,4.5625,2.6453,0.7753,0.6626,4.2251,1.071,2,1,2,4,1.96758,2.004434,2.185424,2.378519,5.324482,4.841046,5.324961,8.105006,1.4448,0.489487797,0.629999995
-0.206335,-0.093927,7.549074,25.28,112.469999,-7.479393,1.83262,14.121276,0.8799,0.5999,5.0247,1.1691,0.8711,0.627,5.3127,1.7561,0.8915,0.613,5.4041,2.3981,0.7779,0.6058,4.2015,1.1864,0.7549,0.6269,4.2048,1.2135,0.764,0.739,4.2861,0.5937,2,2,3,3,1.976211,1.987685,2.026845,2.034476,5.324042,5.324037,5.744382,5.744742,1.4448,0.194578931,0.059999999
-0.207627,-0.084494,7.220943,7.6,148.23,-7.142213,2.34427,14.12128,0.9425,0.451,5.347,3.483,0.9535,0.3454,6.0587,4.9675,0.8257,0.5471,4.5099,1.476,0.8703,0.4557,4.8386,3.3765,0.799,0.4686,4.7043,2.6376,0.7858,0.5402,4.329,0.9093,1,2,2,3,1.921485,2.014351,2.092039,2.138318,4.841194,5.324519,5.324728,5.744908,1.4448,0.75074476,0.730000019
-0.204614,-0.065691,1.485866,11.02,295.85,-10.234773,2.25841,14.121278,0.7755,0.6571,3.6381,1.0934,0.8228,0.2852,3.5017,2.4286,0.8772,0.5616,4.5038,2.3213,0.6969,0.6635,3.4574,1.0592,0.7851,0.5708,3.8679,2.5441,0.5561,0.5438,2.733,1.3775,1,2,3,3,1.97019,2.009156,2.05714,2.145575,4.841204,5.3248,5.745206,5.745408,1.406,0.30331099,0.219999999
-0.208591,-0.060985,5.48075,107.12,244.180001,-9.852794,2.46955,14.121281,0.6878,0.7625,4.0108,0.7279,0.9729,0.2597,6.1236,5.4068,0.8178,0.5851,4.8435,2.4047,0.6679,0.7946,3.742,0.5372,0.55,0.4334,3.0849,4.0712,0.6909,0.5923,3.8003,2.3415,1,1,3,3,1.971336,1.973868,2.102321,2.145606,4.841412,4.840882,5.745313,5.745301,1.4906,0.47205916,0.899999976
-0.220548,-0.091186,17.179577,111.94,37.179999,-12.005584,2.12342,14.121279,0.8956,0.584,5.5503,3.2643,0.9574,0.4822,6.64,5.2717,0.8155,0.6435,4.8752,1.4634,0.7238,0.5565,3.8537,3.8992,0.7546,0.6061,4.4347,1.7353,0.8295,0.5713,5.3613,3.0394,2,1,2,4,1.974022,2.004819,2.180491,2.388644,5.324461,4.840842,5.324951,8.105005,1.4448,0.358531684,0.680000007
-0.227262,-0.084086,7.075597,25.96,216.54,-8.651296,2.32437,14.12128,0.7677,0.6923,3.5855,0.884,0.807,0.2969,3.4783,2.4349,0.986,0.0885,5.1376,4.7267,0.6835,0.6972,3.3282,0.8793,0.7358,0.6978,3.5287,1.1075,0.7565,0.2971,3.3638,2.41,1,2,2,4,1.975492,2.03461,2.079517,2.50046,4.841018,5.324737,5.32473,8.105001,1.4448,0.52980125,0.002
-0.192785,-0.057873,1.697693,127.1,106.520001,-8.29405,2.30144,14.121283,0.8226,0.6125,4.0038,0.993,0.8944,0.5668,4.3664,1.2063,0.7947,0.3078,3.4461,1.1591,0.7482,0.6122,3.6256,0.9519,0.74,0.5971,3.4498,0.6077,0.7184,0.6851,3.6948,0.6588,1,1,2,2,1.953763,1.978912,2.108718,2.139896,4.840804,4.840751,5.325103,5.325094,1.406,0.746091008,0.879999995
-0.202399,-0.058866,10.582897,20.54,91.29,-7.782185,2.63634,14.121282,0.9321,0.6085,5.322,2.2959,0.872,0.6024,4.8327,1.4562,0.8792,0.641,5.135,2.1361,0.7307,0.6137,4.1766,2.0882,0.8334,0.6097,4.5196,1.791,0.8367,0.6185,4.7489,1.7174,1,1,2,2,1.975265,1.987008,2.160146,2.170831,4.840265,4.840411,5.325272,5.324752,1.4448,0.630918443,0.889999986
-0.228991,-0.105561,8.164709,50.43,165.750001,-8.115067,1.80466,14.121282,0.8111,0.7928,4.1959,0.1094,0.8995,0.4781,5.5197,2.0644,0.8887,0.5305,5.4369,2.3245,0.7321,0.7953,3.6498,0.1992,0.7232,0.6765,3.741,0.6135,0.8091,0.5437,4.589,1.915,1,2,2,4,1.920115,2.019486,2.0517,2.507097,4.841089,5.324698,5.324536,8.105005,1.4448,0.111008652,0.100000001
-0.177224,-0.043881,9.769971,36.97,105.760001,-9.377576,2.50181,14.121281,0.9868,0.3993,6.1863,3.469,0.9592,0.4328,5.7915,3.202,0.9721,0.3703,6.1755,3.9644,0.755,0.5041,4.5696,2.5801,0.9201,0.4191,5.8111,3.3295,0.9233,0.507,5.5539,2.8097,1,1,2,2,1.987472,2.004689,2.178843,2.187365,4.840288,4.840275,5.324778,5.324848,1.406,0.657300174,0.25999999
-0.215401,-0.086851,10.615227,14.74,179.149999,-7.741775,2.12797,14.12128,0.8398,0.6504,4.0836,1.6102,0.859,0.5844,4.2777,2.0048,0.8095,0.2703,3.4063,2.0537,0.7651,0.6541,3.7505,1.6011,0.7631,0.5896,3.8357,1.8667,0.735,0.7427,3.7192,1.0344,1,2,2,4,1.90149,2.059115,2.101314,2.482193,4.841071,5.324749,5.324715,8.104992,1.4448,0.338748008,0.300000012
-0.216136,-0.093358,15.494562,61.95,241.649999,-8.445338,1.85208,14.121279,0.7787,0.6423,4.4101,1.7555,0.9235,0.4963,5.6465,4.1231,0.8371,0.5952,5.2402,1.6559,0.6511,0.6289,3.5411,2.0318,0.8191,0.5344,4.6569,3.6083,0.7115,0.6009,4.1901,0.3028,1,2,2,4,1.972809,1.975394,2.167039,2.388778,4.841275,5.324433,5.324922,8.105008,1.4448,0.269698322,0.25
-0.204203,-0.083527,6.805546,8.4,295.999999,-6.485761,2.23333,14.12128,0.9297,0.4533,5.213,2.8867,0.8598,0.5229,4.6729,2.611,0.9507,0.5175,5.4935,2.3789,0.8737,0.4586,4.8216,2.7876,0.778,0.5468,4.1474,2.2578,0.7524,0.5773,4.0741,1.5424,1,2,2,3,1.9445,2.010335,2.066854,2.082422,4.840592,5.324525,5.324306,5.74487,1.4448,0.538954258,0.899999976
-0.206302,-0.079699,9.254115,147.21,2008.2,-10.207299,1.83581,14.12128,0.5089,0.5483,1.9909,0.0987,0.503,0.6227,2.0219,0.2739,0.9101,0.4656,6.1448,3.75,0.4907,0.5484,1.939,0.1016,0.5021,0.6207,2.0126,0.2662,0.7315,0.5249,4.7475,2.5662,1,1,2,1,2.073004,2.08124,2.614908,2.893266,4.839984,4.84009,5.325093,4.840509,1.4448,0.384775519,0.310000002
-0.208517,-0.088166,4.64393,34.98,231.690001,-7.688641,2.1411,14.12128,0.8972,0.5021,5.0821,1.977,0.8902,0.6281,5.4268,1.121,0.923,0.491,5.2112,2.1204,0.8077,0.526,4.5122,1.7771,0.8332,0.6025,5.0195,1.1498,0.7963,0.5508,4.2224,1.8093,1,2,3,2,1.918755,2.012952,2.077974,2.097547,4.840751,5.324431,5.744901,5.324529,1.4448,0.548714817,0.860000014
-0.207466,-0.090142,11.503531,158.01,817.730001,-8.814926,1.77325,14.121279,0.8172,0.5418,4.3235,1.9022,0.8349,0.4949,4.4535,2.4806,0.5057,0.5273,2.8966,2.0622,0.7141,0.5457,3.5645,1.8755,0.7882,0.5037,4.2506,2.3872,0.6186,0.6125,3.6255,1.3904,1,1,3,3,1.959596,1.971805,2.118044,2.118065,4.841167,4.841972,5.745339,5.745196,1.4305,0.155074462,0.01
-0.22751,-0.102201,14.809027,161.25,76.78,-8.466975,2.16479,14.121279,0.8926,0.5273,5.5163,4.0201,0.8719,0.663,4.8934,1.6071,0.9085,0.4972,5.6361,3.4819,0.7435,0.5633,4.3567,3.0911,0.8128,0.5976,4.7851,2.6813,0.7946,0.5777,4.5806,2.6616,2,1,2,4,1.97046,2.002317,2.173275,2.390103,5.324406,4.840938,5.324974,8.105006,1.4448,0.582371473,0.730000019
-0.200128,-0.083518,7.904948,6.39,143.7,-7.384985,2.20086,14.12128,0.949,0.4383,5.5172,3.6721,0.9514,0.3536,6.2993,5.0985,0.8484,0.529,4.8565,1.5754,0.8833,0.4411,5.0278,3.5811,0.8334,0.4308,5.0037,3.6809,0.7586,0.5578,4.1425,1.6635,1,2,2,3,1.920211,2.017481,2.096219,2.143952,4.8412,5.324523,5.3247,5.74488,1.4448,0.71074748,0.949999988
-0.196007,-0.072207,5.293164,144.03,197.689999,-9.235658,2.15363,14.12128,0.9009,0.4837,5.0964,3.708,0.9759,0.3492,5.5031,4.0464,0.9195,0.4122,5.5645,4.1276,0.7195,0.6457,3.5768,1.5841,0.7903,0.5859,4.4166,2.5203,0.8551,0.4265,4.7759,3.1442,1,1,2,2,1.989343,1.99406,2.191351,2.2822,4.840788,4.840167,5.324836,5.325308,1.406,0.609875202,0.779999971
-0.187291,-0.05338,7.009017,203.12,105.869999,-8.396304,2.45064,14.121283,0.92,0.371,5.11,3.8349,0.8815,0.6237,4.9145,1.5454,0.9252,0.3966,5.1888,3.6407,0.7217,0.6132,3.5097,1.6589,0.895,0.4003,5.1319,3.5223,0.7536,0.5555,4.1065,2.148,1,1,2,2,1.943488,1.989587,2.128606,2.137708,4.84086,4.840717,5.325742,5.325517,1.406,0.601974249,0.629999995
-0.204173,-0.079078,16.397304,129.18,805.86,-8.749125,1.97183,14.12128,0.8103,0.5602,4.1178,1.6899,0.8626,0.4901,4.6215,2.6741,0.5308,0.5288,3.055,1.7333,0.7078,0.5637,3.504,1.6672,0.7708,0.5115,4.0405,2.4336,0.6972,0.6212,3.9651,1.3184,1,1,3,3,1.956419,1.978283,2.114831,2.117989,4.841035,4.841694,5.744997,5.744848,1.412,0.135892183,0.029999999
-0.210032,-0.067738,11.156658,59.49,135.260001,-8.570594,2.28558,14.121283,0.8039,0.7064,3.9379,0.5151,0.9061,0.5634,4.9617,1.6608,0.9124,0.4744,4.8819,2.602,0.6854,0.6874,3.3267,0.455,0.788,0.6607,3.9846,1.3937,0.802,0.5028,4.1613,2.6218,1,1,2,2,1.970098,2.00466,2.122764,2.172407,4.840616,4.840339,5.324919,5.324824,1.4448,0.64942795,0.639999986
-0.198456,-0.067685,8.025054,171.19,191.76,-8.300068,2.14309,14.121285,0.8415,0.6383,4.2116,1.1788,0.867,0.3309,3.7605,1.7636,0.858,0.5194,4.3745,1.9702,0.7172,0.6252,3.6825,1.2968,0.7955,0.5458,4.0893,2.0393,0.813,0.3603,3.6863,1.6866,1,1,2,2,1.995297,2.023609,2.066521,2.098211,4.841195,4.84104,5.324611,5.324581,1.406,0.546210289,0.730000019
-0.205258,-0.079031,11.354343,128.27,77.57,-8.618672,2.47623,14.121284,0.9526,0.3754,5.8805,4.6342,0.9381,0.3982,4.9047,2.9449,0.9727,0.3185,5.9388,5.1423,0.8695,0.397,5.1853,4.3685,0.7867,0.4627,4.0812,2.7629,0.8208,0.508,4.4881,2.6531,1,1,2,1,1.975629,2.061012,2.076812,2.095087,4.840414,4.840372,5.324857,4.841724,1.4448,0.377432704,0.180000007
-0.20552,-0.082446,4.206976,11.16,213.720001,-6.014528,2.34084,14.12128,0.9346,0.4754,5.4911,3.0352,0.8869,0.5252,5.2474,2.9013,0.9011,0.5259,5.8884,2.9647,0.8625,0.4833,4.8768,2.9535,0.7708,0.5415,4.5485,2.4341,0.7799,0.5742,4.1899,1.8939,1,2,2,3,1.951734,2.012185,2.07986,2.090697,4.840724,5.324465,5.324523,5.744889,1.4448,0.676787794,0.469999999
-0.204273,-0.084041,1.721831,4.15,21.18,-8.169357,2.32982,14.121281,0.9203,0.4235,6.0894,4.5149,0.9664,0.276,6.8802,5.7042,0.8671,0.2545,4.5309,2.9936,0.84,0.439,5.5312,4.3186,0.9256,0.305,6.3427,5.34,0.6442,0.7035,3.4427,0.932,1,1,2,2,1.957687,2.01058,2.07261,2.077735,4.84136,4.842915,5.324793,5.324786,1.4448,0.484593272,0.469999999
-0.171221,-0.043969,3.236853,0.02,0.24,-7.360627,2.32141,14.121284,0.891,0.5501,4.4598,2.0957,0.9166,0.5672,4.5642,1.4305,0.9091,0.1566,4.9256,4.4031,0.8466,0.5491,4.306,2.1135,0.8343,0.5681,4.2699,1.4065,0.7307,0.6693,3.673,1.0254,1,1,2,2,1.959176,1.959176,2.102029,2.102029,4.840414,4.840414,5.325591,5.325591,1.406,0.576939166,0.629999995
-0.206382,-0.091386,1.653632,28.42,60.279999,-9.223426,1.82598,14.121286,0.8536,0.5831,4.8803,1.9622,0.934,0.536,6.5426,3.7583,0.9105,0.7199,5.6093,0.7331,0.7177,0.5807,3.8757,2.2243,0.7933,0.6576,4.7446,1.4035,0.8738,0.5965,5.7981,2.7804,1,2,1,1,1.908799,2.025963,2.058296,2.086789,4.84427,5.324519,4.84132,4.840695,1.4448,0.279776186,0.200000003
-0.217741,-0.099852,8.043745,0.02,0.099926,-6.371262,1.97286,14.121276,0.8751,0.5652,4.7847,0.9205,0.8333,0.6655,4.8096,0.3639,0.8841,0.6431,5.1289,1.4211,0.7861,0.5751,4.1833,0.9298,0.7173,0.662,3.8506,0.6908,0.772,0.7256,4.2005,0.6605,2,2,3,3,1.984001,1.984001,2.012381,2.012381,5.324085,5.324085,5.744996,5.744996,1.4448,0.180550069,0.200000003
-0.208366,-0.082689,4.443754,12.63,206.24,-7.089637,2.35513,14.121279,0.931,0.462,5.2186,3.0837,0.8197,0.5444,4.3337,1.4947,0.9182,0.5399,5.0516,1.6496,0.8485,0.4695,4.6397,2.9758,0.7378,0.5526,3.9706,1.6142,0.7978,0.5143,4.3098,2.2077,1,2,2,3,1.967594,2.014987,2.085215,2.113102,4.840803,5.324508,5.324646,5.744789,1.4448,0.645964622,0.800000012
-0.245879,-0.10368,26.259801,66.93,111.15,-8.603841,2.35147,14.121276,0.8506,0.5898,4.6216,1.268,0.9181,0.572,5.1068,1.6663,0.9218,0.4496,5.3157,2.2778,0.6913,0.5803,3.4946,1.1704,0.7645,0.5607,4.0757,1.0264,0.6151,0.6118,3.2076,2.3621,2,2,2,2,1.99833,2.023138,2.032018,2.054733,5.325046,5.324901,5.324588,5.324473,1.4448,0.56876725,0.600000024
-0.241794,-0.083583,11.864658,324.21,0.960001,-7.040487,2.68921,14.121279,0.8513,0.543,4.1187,1.278,0.7809,0.649,4.0898,0.2501,0.7703,0.6848,3.8406,0.3319,0.6704,0.761,3.4825,0.7824,0.7274,0.5784,3.5486,0.7942,0.7398,0.6748,3.8974,0.2699,1,2,2,4,1.928,2.061729,2.062715,2.487,4.841186,5.324531,5.324531,8.104997,1.4448,0.572003007,0.709999979
-0.224582,-0.122248,11.856788,815.7,844.920001,-10.394511,0.46579,14.121258,0.6025,0.6686,2.5466,0.1807,0.51,0.6098,2.1909,0.3318,0.5902,0.5698,2.3884,0.9007,0.5368,0.6645,2.2923,0.1664,0.4699,0.579,2.0335,0.9314,0.491,0.606,2.1496,0.3334,1,4,2,2,2.057976,2.429635,2.538896,2.542936,4.840696,8.105012,5.325865,5.325821,1.4448,0.176886588,0.01
-0.238248,-0.102508,8.202732,11.03,228.990001,-7.154551,2.2417,14.12128,0.8126,0.6351,3.9612,1.2534,0.8789,0.5221,4.3957,2.3848,0.7842,0.3064,3.4366,2.0043,0.7154,0.6407,3.5477,1.204,0.7911,0.5553,3.9675,1.5886,0.7715,0.6632,3.8653,0.6164,1,2,2,4,1.90708,2.049149,2.094307,2.479006,4.841237,5.324839,5.324781,8.104996,1.4448,0.518776596,0.370000005
-0.234897,-0.104166,20.319245,261.57,53.480001,-8.399855,2.18833,14.121279,0.8852,0.5443,5.2715,3.4168,0.8672,0.6635,4.8102,1.6304,0.8919,0.5717,5.295,2.236,0.7182,0.6038,4.0385,2.3346,0.8294,0.6018,4.8102,2.4609,0.7747,0.6226,4.2918,1.5285,2,1,2,4,1.967807,2.004895,2.178446,2.379865,5.324468,4.840867,5.324964,8.105007,1.4448,0.538501143,0.649999976
-0.17475,-0.048233,1.983795,0.080034,0.02,-7.391128,2.30872,14.121284,0.8938,0.5484,4.474,2.1146,0.9181,0.5648,4.5828,1.5256,0.9086,0.2321,4.8992,4.1746,0.851,0.5474,4.3291,2.1305,0.8346,0.5662,4.2833,1.5104,0.7354,0.6624,3.6769,1.0248,1,1,2,2,1.959176,1.959176,2.103623,2.103623,4.840417,4.840417,5.325612,5.325612,1.406,0.584439754,0.560000002
-0.201967,-0.062764,9.231754,15.4,66.09,-7.769795,2.53544,14.121282,0.9379,0.6108,5.5525,2.172,0.9068,0.583,5.5038,2.1472,0.8769,0.604,5.1273,1.5772,0.7418,0.6003,4.4402,2.0643,0.8507,0.5965,4.703,1.6997,0.833,0.5914,4.8817,2.0603,1,1,2,2,1.979842,1.988015,2.164047,2.169133,4.840216,4.840425,5.32536,5.324797,1.4448,0.666262507,0.479999989
-0.23041,-0.106917,17.012755,30.44,351.07,-6.958628,2.12858,14.12128,0.8579,0.5101,4.6027,3.0362,0.8462,0.4725,4.3231,1.6551,0.831,0.3732,4.0914,2.3538,0.8124,0.5147,4.3103,2.986,0.7564,0.5517,4.0498,1.3968,0.7121,0.61,3.7703,1.8721,1,2,2,4,1.973639,1.976073,2.121343,2.399301,4.840991,5.32452,5.325126,8.105009,1.4448,0.204558358,0.059999999
-0.20025,-0.099959,14.465007,40.82,260.58,-6.584224,1.78603,14.121286,0.9616,0.3622,5.4593,4.1703,0.9495,0.4971,5.7438,4.0031,0.9578,0.3688,4.7939,3.3692,0.9321,0.3687,5.2099,4.1269,0.8316,0.4937,4.8711,3.8509,0.9014,0.4474,4.9766,3.721,1,1,2,2,1.944039,2.015361,2.087415,2.134913,4.840619,4.840879,5.32448,5.325058,1.4448,0.212364525,0.001
-0.187138,-0.071723,7.320995,404.83,327.959999,-7.440315,2.16608,14.121283,0.966,0.3238,5.2977,4.4298,0.9589,0.3376,4.8796,3.8351,0.9561,0.3135,4.009,3.4412,0.9297,0.3254,5.1419,4.4053,0.9336,0.3409,4.6419,3.8097,0.9273,0.3196,3.8744,3.2423,1,1,2,2,1.95805,1.996104,2.095924,2.151683,4.84051,4.840397,5.325383,5.325432,1.4906,0.543448329,0.829999983
-0.195449,-0.093788,12.509267,1.11,250.74,-6.704814,1.80311,14.121275,0.9274,0.4029,5.259,3.1346,0.9539,0.4041,5.6431,3.1686,0.8871,0.5716,5.0781,2.2587,0.897,0.4034,5.0441,3.1259,0.9067,0.4112,5.2448,3.1297,0.7178,0.6195,3.9461,1.841,2,2,3,3,1.998695,1.998695,2.004482,2.004482,5.32444,5.32444,5.745023,5.745023,1.4969,0.202132493,0.25
-0.189041,-0.072615,5.499799,76.83,278.570001,-8.198012,2.14988,14.121282,0.9262,0.4596,5.2585,4.1287,0.9517,0.4187,6.0343,4.5999,0.9022,0.2877,3.823,1.9354,0.8844,0.4601,4.9772,4.1177,0.8443,0.4559,4.5627,4.0616,0.7666,0.5496,4.2963,2.4601,1,1,2,2,1.97663,1.982398,2.098049,2.194202,4.840252,4.840555,5.326616,5.324893,1.406,0.709460676,1
-0.213186,-0.102657,16.726428,57.31,74.68,-8.238047,2.01288,14.121286,0.9131,0.4625,6.16,4.3779,0.8875,0.258,5.0971,3.9669,0.8649,0.4982,4.692,2.841,0.8571,0.4704,5.7538,4.1666,0.8178,0.5021,4.4164,2.7895,0.8772,0.2599,5.0329,3.9385,1,2,1,2,1.923331,1.993113,2.028269,2.170846,4.842734,5.324683,4.840892,5.32507,1.4448,0.120355889,0.090000004
-0.200365,-0.05233,13.198676,75.59,86.77,-7.538867,2.63615,14.121282,0.8741,0.7398,5.1711,0.6824,0.8581,0.628,4.9859,1.4305,0.8631,0.6381,4.8999,0.4665,0.7149,0.7246,4.0796,0.6934,0.7827,0.6423,4.3546,0.4524,0.7949,0.6408,4.4662,0.5204,1,1,2,2,1.976536,1.98736,2.160698,2.172838,4.840257,4.840427,5.32528,5.32455,1.4448,0.670021176,0.800000012
-0.196546,-0.086199,8.515208,0.74,176.37,-7.870614,2.28881,14.12128,0.9868,0.1018,5.7922,4.607,0.9978,0.0527,6.5838,5.598,0.8425,0.5175,4.4069,0.5147,0.9852,0.1022,5.7803,4.603,0.9969,0.0536,6.5723,5.59,0.6738,0.6438,3.3824,0.1813,1,2,2,3,1.920408,2.054183,2.054183,2.233068,4.841152,5.324756,5.324755,5.744683,1.4448,0.439828277,0.340000004
-0.218265,-0.072016,14.710332,48.61,174.319999,-8.180364,2.36141,14.121278,0.7642,0.7608,3.5859,0.9849,0.8205,0.6262,3.9364,0.7243,0.7994,0.2586,3.3472,2.3534,0.6867,0.7647,3.3282,0.978,0.7716,0.6543,3.8149,1.9774,0.7168,0.6252,3.5875,1.6208,1,2,2,4,1.944,2.034959,2.068902,2.49301,4.841104,5.324663,5.324558,8.104987,1.4448,0.560423017,0.560000002
-0.207159,-0.08447,3.652061,4.52,219.02,-6.130267,2.3286,14.12128,0.9353,0.4776,5.3569,2.8314,0.8325,0.5802,4.509,1.8944,0.9156,0.4836,6.2113,4.225,0.8713,0.4829,4.8699,2.7436,0.7339,0.56,4.3572,2.3149,0.7972,0.5574,4.2234,2.0261,1,2,2,3,1.953099,2.013799,2.076444,2.085209,4.840793,5.324461,5.324553,5.744878,1.4448,0.569138527,0.49000001
-0.221704,-0.100455,18.685694,3.6,9.76,-8.151856,2.24375,14.121286,0.8953,0.5069,6.3092,4.3712,0.8626,0.4758,5.0265,3.0509,0.8698,0.2505,5.27,3.9977,0.8062,0.5188,5.5714,3.8407,0.7844,0.5157,4.5442,2.5447,0.7466,0.5645,4.4321,2.1239,1,2,1,2,1.925454,1.97796,2.025607,2.176206,4.842994,5.324678,4.840881,5.324949,1.4448,0.407152891,0.99000001
-0.223613,-0.076726,9.402553,139.21,195.670001,-6.932048,2.60339,14.12128,0.8531,0.5769,4.833,1.4555,0.8346,0.6377,4.2511,0.7927,0.8503,0.5941,4.9394,1.607,0.6969,0.6037,3.5712,1.2337,0.7615,0.6103,4.0947,1.0176,0.7381,0.6023,3.9873,1.3241,1,2,2,4,1.922115,2.045819,2.07834,2.496016,4.841164,5.324472,5.324395,8.104995,1.4448,0.619828999,0.600000024
-0.225602,-0.087857,10.344739,14.63,190.59,-7.683198,2.24735,14.12128,0.7978,0.6914,3.8524,0.9035,0.8576,0.5496,4.3004,2.152,0.7806,0.2844,3.3746,2.0212,0.705,0.6959,3.4984,0.9251,0.7784,0.5545,3.8938,2.1349,0.755,0.7241,3.8568,1.0928,1,2,2,4,1.908007,2.05714,2.095741,2.492205,4.841194,5.324759,5.324724,8.104992,1.4448,0.43637231,0.680000007
-0.206672,-0.084082,5.660845,6.03,159.44,-7.204007,2.32792,14.12128,0.9422,0.4526,5.3539,3.5252,0.921,0.4094,5.6602,4.0727,0.8604,0.5216,5.0168,1.9364,0.8709,0.4564,4.8463,3.3958,0.7272,0.5786,4.0876,1.1623,0.8209,0.4861,4.5278,2.091,1,2,2,3,1.923957,2.019751,2.11178,2.14642,4.841154,5.324533,5.324629,5.744983,1.4448,0.72693485,0.899999976
-0.203538,-0.090604,11.687017,66.76,228.46,-7.034112,2.28372,14.121283,0.9726,0.3028,6.4221,5.2302,0.9563,0.3563,6.1922,4.7207,0.9548,0.3972,6.6879,5.333,0.9387,0.3138,6.0895,5.126,0.8872,0.3839,5.6862,4.392,0.7991,0.4605,5.0899,3.8242,1,1,2,2,1.970441,1.982434,2.148361,2.153748,4.840208,4.84043,5.325082,5.325267,1.4448,0.348887503,0.189999998
-0.197023,-0.099776,10.617759,11.91,211.810001,-7.315272,1.97777,14.12128,0.9864,0.1081,6.3981,5.2031,0.9975,0.0745,6.899,5.662,0.8135,0.696,4.3239,0.4343,0.9823,0.1111,6.3617,5.1758,0.9857,0.0978,6.7852,5.4683,0.728,0.6921,3.7726,0.2886,1,2,2,3,1.921406,2.050061,2.058883,2.234398,4.841201,5.32468,5.324655,5.744691,1.4448,0.223511353,0.050000001
-0.240502,-0.09684,4.681335,50.99,213.73,-8.621443,2.39982,14.121279,0.8002,0.6461,3.7825,0.8453,0.846,0.5512,4.1212,1.6491,0.8082,0.7007,3.8863,0.4097,0.6955,0.653,3.4074,0.8519,0.7498,0.692,3.6677,0.6153,0.7737,0.5747,3.8347,1.2774,1,2,2,4,1.913021,2.049354,2.096145,2.480073,4.841247,5.324832,5.324815,8.104994,1.4448,0.50881803,0.319999993
-0.20247,-0.079225,16.393404,91.45,752.89,-7.916435,1.9609,14.12128,0.8228,0.5699,4.1615,1.6055,0.8768,0.4867,4.838,3.0217,0.6291,0.4928,3.6948,0.9218,0.7377,0.5712,3.5948,1.5868,0.7818,0.5082,4.2636,2.7447,0.6913,0.5983,3.7635,0.6046,1,1,3,3,1.953638,1.979085,2.113562,2.118938,4.841044,4.841642,5.745018,5.744847,1.412,0.082432963,0.180000007
-0.23699,-0.093036,24.459338,76.14,95.57,-7.765541,2.41866,14.121277,0.8551,0.5209,4.5407,1.8126,0.9532,0.5782,5.5184,1.2893,0.8871,0.5252,4.8506,1.9948,0.6878,0.5428,3.428,1.515,0.7245,0.5629,3.7573,1.1581,0.6536,0.6623,3.5646,1.2683,2,2,2,2,2.009983,2.019353,2.025018,2.051173,5.324877,5.324738,5.324569,5.324445,1.4448,0.579643309,0.819999993
-0.217363,-0.100769,15.792574,107.15,271.68,-7.801795,2.03412,14.121281,0.855,0.5162,5.3548,3.9421,0.8522,0.6532,5.1525,2.4329,0.873,0.555,5.443,2.8042,0.7831,0.5359,4.8197,3.7305,0.7998,0.6442,4.793,2.5774,0.7536,0.5694,4.2002,2.7333,2,1,2,4,1.957356,1.977963,2.163013,2.401752,5.324544,4.84094,5.325041,8.105007,1.4448,0.13898097,0.159999996
-0.202141,-0.059869,9.732746,13.18,74.890001,-7.93024,2.61019,14.121282,0.9397,0.5675,5.1613,2.5613,0.8758,0.5813,4.7875,1.6103,0.8701,0.6576,5.0112,1.976,0.7319,0.5968,4.1104,2.1663,0.8343,0.5989,4.3585,1.9686,0.8529,0.6088,4.7533,1.7926,1,1,2,2,1.968536,1.985902,2.166878,2.209422,4.840328,4.840408,5.325342,5.324744,1.4448,0.700073421,0.449999988
-0.222686,-0.104351,16.443228,65.99,76.470001,-7.939737,2.1786,14.121287,0.906,0.4437,5.8088,4.46,0.8597,0.5007,4.5165,2.8799,0.932,0.4195,6.0394,4.4244,0.8376,0.4586,5.3465,4.2538,0.8071,0.507,4.2417,2.821,0.6707,0.637,3.5937,1.5086,1,2,1,2,1.908727,1.995732,2.028477,2.164502,4.842958,5.324735,4.840887,5.325042,1.4448,0.521162212,0.059999999
-0.195215,-0.099439,12.817784,24.22,159.52,-6.987015,1.95899,14.121279,0.9896,0.1061,6.5577,5.8463,0.9928,0.0912,6.8536,6.0717,0.8385,0.6714,4.344,1.7767,0.9733,0.1292,6.4053,5.6466,0.7542,0.6238,4.0176,1.9756,0.9797,0.1177,6.7501,5.7315,1,2,2,3,1.921749,2.04568,2.079038,2.235892,4.841237,5.324689,5.324632,5.744627,1.4448,0.238738611,0.039999999
-0.190918,-0.074615,4.725044,60.03,247.8,-8.142875,2.16243,14.121282,0.9302,0.453,5.3711,4.2304,0.9462,0.439,5.8476,4.3472,0.9769,0.3352,5.5346,4.1177,0.8872,0.4538,5.0737,4.2126,0.828,0.476,4.3529,3.7815,0.7701,0.5517,4.2959,2.5081,1,1,2,2,1.972779,1.988242,2.130635,2.188106,4.840222,4.840587,5.326659,5.324787,1.406,0.753776729,1
-0.23002,-0.103236,17.706343,780.49,20.899999,-8.280541,2.08519,14.12128,0.8506,0.5173,4.6647,2.6471,0.8517,0.5999,5.0814,1.4715,0.8073,0.3177,4.1643,3.2321,0.7551,0.6093,4.4773,1.529,0.81,0.5146,4.4298,2.7773,0.7828,0.3159,4.0591,3.22,2,1,2,4,1.92536,2.020692,2.181524,2.371319,5.324572,4.840931,5.325045,8.104999,1.4448,0.225967929,0.07
-0.213853,-0.084626,7.266817,19.08,169.45,-8.45751,2.28232,14.121281,0.8605,0.5627,5.0013,2.6393,0.8993,0.4907,5.1972,2.9842,0.8697,0.2765,4.5667,3.432,0.7483,0.5846,4.1248,2.4403,0.8113,0.5094,4.5362,2.6904,0.7524,0.6518,4.3391,1.2985,1,1,2,2,1.938032,2.048,2.062607,2.100564,4.841251,4.843076,5.324784,5.324749,1.4448,0.583943188,0.460000008
-0.208582,-0.065051,12.745088,5.34,48.42,-6.332829,2.52423,14.121286,0.8739,0.6176,3.833,0.5187,0.8756,0.657,3.4882,0.3189,0.8776,0.6919,3.9464,0.5189,0.8093,0.6191,3.634,0.4932,0.7091,0.6884,3.3221,0.2202,0.7849,0.6448,4.0415,1.4971,1,1,1,1,2.006251,2.006251,2.069543,2.069543,4.840545,4.840545,4.841989,4.841986,1.4448,0.516615093,0.769999981
-0.237534,-0.093054,6.729692,42.79,195,-8.085736,2.38872,14.12128,0.7904,0.7109,3.8693,0.6206,0.8346,0.6079,4.2746,1.2683,0.7347,0.2964,3.3896,2.058,0.6861,0.7124,3.4687,0.6692,0.7305,0.6481,3.9382,0.4199,0.7593,0.6505,3.7986,0.6221,1,2,2,4,1.910602,2.054126,2.096517,2.491474,4.84137,5.324758,5.324709,8.104995,1.4448,0.62776041,0.629999995
-0.240982,-0.097259,2.231842,63.95,193.64,-7.935816,2.39014,14.12128,0.8087,0.688,3.955,0.7368,0.8247,0.6151,4.2327,1.3897,0.7984,0.6892,3.9914,0.2645,0.6937,0.6943,3.4932,0.766,0.7499,0.7303,3.9125,1.0208,0.748,0.6015,3.8612,1.7308,1,2,2,4,1.911164,2.056604,2.090884,2.483355,4.841319,5.324791,5.324713,8.104996,1.4448,0.583512783,0.579999983
