HOMO,LUMO,dipolemoment,H_T1_S1,H_T1_S0,f,emission_energy,density_Pt,CT_S1,R_EH _S1a,LAMBDA_S1,R_EH _S1b,CT_S2,R_EH _S2a,LAMBDA_S2,R_EH _S2b,CT_S3,R_EH _S3a,LAMBDA_S3,R_EH _S3b,CT_T1,R_EH _T1a,LAMBDA_T1,R_EH _T1b,CT_T2,R_EH _T2a,LAMBDA_T2,R_EH _T2b,CT_T3,R_EH _T3a,LAMBDA_T3,R_EH _T3b,coor_bond_type (1),coor_bond_type (2),coor_bond_type (3),coor_bond_type (4),coor_bond_length (1),coor_bond_length (2),coor_bond_length (3),coor_bond_length (4),density_coor (1),density_coor (2),density_coor (3),density_coor (4),refractive index,Exp. Quantum Yield
-0.206302415,-0.07969944,9.25411474,147.21,2008.2,-10.20729901,1.83581,14.12127964,0.5089,0.5483,1.9909,0.0987,0.503,0.6227,2.0219,0.2739,0.9101,0.4656,6.1448,3.75,0.4907,0.5484,1.939,0.1016,0.5021,0.6207,2.0126,0.2662,0.7315,0.5249,4.7475,2.5662,1,1,2,1,2.073003859,2.081240015,2.61490822,2.893265629,4.839984172,4.840089806,5.325093076,4.84050915,1.4448,0.31
-0.221703564,-0.100455359,18.6856941,3.6,9.76,-8.151855874,2.24375,14.12128616,0.8953,0.5069,6.3092,4.3712,0.8626,0.4758,5.0265,3.0509,0.8698,0.2505,5.27,3.9977,0.8062,0.5188,5.5714,3.8407,0.7844,0.5157,4.5442,2.5447,0.7466,0.5645,4.4321,2.1239,1,2,1,2,1.925454232,1.97796006,2.025607069,2.176206332,4.842994486,5.324677564,4.840881076,5.324948976,1.4448,0.99
-0.230020067,-0.103235699,17.7063429,780.49,20.9,-8.28054129,2.08519,14.12128032,0.8506,0.5173,4.6647,2.6471,0.8517,0.5999,5.0814,1.4715,0.8073,0.3177,4.1643,3.2321,0.7551,0.6093,4.4773,1.529,0.81,0.5146,4.4298,2.7773,0.7828,0.3159,4.0591,3.22,2,1,2,4,1.925360486,2.020692208,2.181524467,2.371319042,5.324572465,4.840931162,5.325044932,8.104999162,1.4448,0.07
-0.218127302,-0.056633495,5.3753601,232.11,577.3,-7.410116824,2.59957,14.12128072,0.8245,0.553,4.0609,1.7717,0.7155,0.5658,3.8053,1.8032,0.8226,0.341,3.0554,1.5387,0.5294,0.5672,2.5755,1.5861,0.6673,0.5646,3.5298,1.3083,0.8121,0.5498,3.8904,1.2993,1,1,3,3,1.977935793,2.011669207,2.075188907,2.120705071,4.841719951,4.840834465,5.745152383,5.745369648,1.4906,0.54
-0.213426164,-0.098999306,6.40284075,0.03,1.99,-6.682214603,1.90482,14.12127602,0.887,0.5674,4.8463,0.9645,0.862,0.6589,5.0939,0.5854,0.869,0.6367,4.8981,1.5899,0.7906,0.5759,4.1928,1.0006,0.7217,0.6538,3.8036,0.9549,0.7718,0.7368,4.2483,0.5567,2,2,3,3,1.984744064,1.984744064,2.008828763,2.008828763,5.324079456,5.324079651,5.745103737,5.745102457,1.5011,0.26
-0.207465891,-0.090142499,11.50353094,158.01,817.73,-8.8149256,1.77325,14.12127888,0.8172,0.5418,4.3235,1.9022,0.8349,0.4949,4.4535,2.4806,0.5057,0.5273,2.8966,2.0622,0.7141,0.5457,3.5645,1.8755,0.7882,0.5037,4.2506,2.3872,0.6186,0.6125,3.6255,1.3904,1,1,3,3,1.959596387,1.971804503,2.118043673,2.118064683,4.841166782,4.841971879,5.745338951,5.745195974,1.4305,0.01
-0.241793879,-0.083582567,11.86465832,324.21,0.96,-7.040486991,2.68921,14.12127944,0.8513,0.543,4.1187,1.278,0.7809,0.649,4.0898,0.2501,0.7703,0.6848,3.8406,0.3319,0.6704,0.761,3.4825,0.7824,0.7274,0.5784,3.5486,0.7942,0.7398,0.6748,3.8974,0.2699,1,2,2,4,1.928,2.061728644,2.062715201,2.487,4.841186131,5.324531358,5.324530579,8.104996525,1.4448,0.71
-0.18057512,-0.08170097,7.76066887,124.83,449.3,-6.935949013,1.77223,14.12128108,0.9591,0.3267,5.1931,3.9635,0.9305,0.4079,4.912,3.3375,0.9347,0.3285,4.2979,3.5076,0.9349,0.3297,5.0067,3.9419,0.8712,0.4095,4.6743,3.3269,0.8857,0.3267,3.9588,3.1726,1,1,2,2,1.970854383,1.992658024,2.167834173,2.170732826,4.840248474,4.840522348,5.325350604,5.325508222,1.4906,0.85
-0.226120447,-0.10229907,18.69684113,512.74,59.42,-8.960360167,2.08138,14.12127976,0.8505,0.5244,5.5121,2.5173,0.8498,0.6237,5.9675,0.9787,0.8065,0.2799,5.1208,4.6185,0.7551,0.6672,5.076,1.7153,0.8096,0.4876,5.0498,3.5687,0.7318,0.6032,4.3791,0.5179,2,1,2,4,1.942199526,2.014611873,2.183042602,2.375745357,5.324510316,4.840923183,5.324965529,8.105001083,1.4448,0.47
-0.215080207,-0.095046853,11.08598511,40.14,214.95,-8.232766412,1.82223,14.12128474,0.8316,0.6053,4.2029,2.0003,0.9202,0.4001,6.0021,4.5278,0.8654,0.4991,4.474,2.5274,0.6776,0.6154,3.4729,1.8871,0.8169,0.6673,4.167,1.6584,0.8819,0.4094,5.6685,4.3444,1,1,2,2,1.969709623,1.978067997,2.019729932,2.173254242,4.841236991,4.842612225,5.324662661,5.325012022,1.4448,0.04
-0.224581771,-0.122248371,11.85678825,815.7,844.92,-10.39451055,0.46579,14.12125811,0.6025,0.6686,2.5466,0.1807,0.51,0.6098,2.1909,0.3318,0.5902,0.5698,2.3884,0.9007,0.5368,0.6645,2.2923,0.1664,0.4699,0.579,2.0335,0.9314,0.491,0.606,2.1496,0.3334,1,4,2,2,2.05797619,2.42963454,2.538896217,2.542935508,4.840696197,8.105012031,5.325865216,5.32582066,1.4448,0.01
-0.174750335,-0.048233313,1.9837948,0.08,0.02,-7.391127876,2.30872,14.12128355,0.8938,0.5484,4.474,2.1146,0.9181,0.5648,4.5828,1.5256,0.9086,0.2321,4.8992,4.1746,0.851,0.5474,4.3291,2.1305,0.8346,0.5662,4.2833,1.5104,0.7354,0.6624,3.6769,1.0248,1,1,2,2,1.959176358,1.959176358,2.103622827,2.103622827,4.840417155,4.840417155,5.325612054,5.325612006,1.406,0.56
-0.237901694,-0.104586692,19.95495592,296.01,33.92,-8.976059076,2.19814,14.12127832,0.8854,0.5499,5.2312,3.146,0.8645,0.6553,4.8288,1.7275,0.8915,0.6118,5.3146,1.9821,0.7113,0.6124,3.9537,2.1703,0.822,0.6085,4.7407,2.2495,0.7806,0.6145,4.3929,1.7488,2,1,2,4,1.966891456,2.022372122,2.16889488,2.3797565,5.32449059,4.840639542,5.324927749,8.10500841,1.4448,0.14
-0.205199212,-0.054960206,4.21601581,453.31,610.61,-5.966967076,2.54667,14.12128099,0.9189,0.3547,4.4526,3.7253,0.9029,0.2603,3.0738,2.3491,0.7497,0.5111,4.0342,1.7649,0.5708,0.4591,2.7275,2.9386,0.86,0.3999,4.2333,3.2719,0.6846,0.5137,3.5509,2.7042,1,1,3,3,1.978185279,2.008435461,2.078629597,2.120275925,4.84169706,4.840839679,5.745286509,5.745387618,1.4906,0.4
-0.207240181,-0.084141715,7.68137953,6.58,161.14,-7.115271574,2.34264,14.12128013,0.943,0.4476,5.3547,3.5238,0.937,0.3819,5.8845,4.6066,0.8388,0.5416,4.7196,1.5154,0.8712,0.4515,4.8445,3.4066,0.732,0.5757,4.1233,0.9247,0.8335,0.4644,4.6627,2.6297,1,2,2,3,1.923239195,2.014567199,2.092735053,2.135042388,4.841197741,5.324521909,5.324685063,5.744794115,1.4448,0.77
-0.228907232,-0.092249813,7.26101993,12.75,196.23,-7.981284787,2.24153,14.12127963,0.8102,0.6826,3.8704,0.9626,0.8451,0.5757,4.2094,1.9595,0.8096,0.7211,3.9348,0.5523,0.7163,0.6875,3.5121,0.9648,0.7585,0.5947,3.7647,1.6134,0.7597,0.732,3.8761,0.812,1,2,2,4,1.905051443,2.05741221,2.097238661,2.484024356,4.84112587,5.324759472,5.324720954,8.104993378,1.4448,0.39
-0.202469635,-0.07922523,16.39340408,91.45,752.89,-7.91643546,1.9609,14.12128033,0.8228,0.5699,4.1615,1.6055,0.8768,0.4867,4.838,3.0217,0.6291,0.4928,3.6948,0.9218,0.7377,0.5712,3.5948,1.5868,0.7818,0.5082,4.2636,2.7447,0.6913,0.5983,3.7635,0.6046,1,1,3,3,1.953637889,1.979084637,2.113562396,2.118938177,4.841044042,4.841641645,5.745017696,5.744846648,1.412,0.18
-0.184671948,-0.071083087,9.19418574,330.81,260.93,-7.329197342,2.12432,14.12128417,0.9684,0.3328,5.3402,4.4525,0.9668,0.2978,4.8725,3.6339,0.9663,0.3115,4.2206,3.8102,0.9355,0.3348,5.1716,4.4586,0.938,0.3016,4.554,3.5875,0.9314,0.3204,3.8908,3.4173,1,1,1,2,1.967344911,2.034728729,2.077041646,2.1020245,4.840516895,4.840481094,4.841985768,5.325390266,1.4906,0.58
-0.201427195,-0.099564414,14.04235397,8.96,355.61,-7.686024713,1.76897,14.12127515,0.9222,0.4293,5.1123,3.1303,0.9454,0.4202,5.4723,3.221,0.7692,0.3207,3.7621,2.7657,0.8854,0.4327,4.8692,3.1007,0.8911,0.427,5.0396,3.1742,0.6938,0.5839,3.751,1.9593,2,2,3,3,1.995022306,1.995992485,2.008949477,2.009533279,5.324467404,5.324441637,5.745058318,5.745046004,1.4969,0.24
-0.192785228,-0.057872679,1.69769302,127.1,106.52,-8.29404964,2.30144,14.12128301,0.8226,0.6125,4.0038,0.993,0.8944,0.5668,4.3664,1.2063,0.7947,0.3078,3.4461,1.1591,0.7482,0.6122,3.6256,0.9519,0.74,0.5971,3.4498,0.6077,0.7184,0.6851,3.6948,0.6588,1,1,2,2,1.95376278,1.978912328,2.108718094,2.139895558,4.840803811,4.840750953,5.325103007,5.325094099,1.406,0.88
-0.191445879,-0.093308673,6.15291827,90.61,300.43,-7.853217388,1.5797,14.12128287,0.9238,0.4407,5.6942,4.6732,0.9415,0.4397,6.2252,4.7573,0.8904,0.3333,4.6403,3.3588,0.8056,0.5374,4.4166,3.5621,0.8414,0.5533,5.0785,3.5175,0.8799,0.5224,5.4595,4.0354,1,1,2,2,1.973726931,1.999222599,2.106271113,2.192763097,4.840762252,4.840325625,5.325058465,5.324961975,1.406,0.52
-0.196663603,-0.082652646,4.96662555,150.68,145.73,-9.893537222,1.94778,14.12128012,0.9211,0.4374,5.4749,4.3374,0.9291,0.4466,5.8535,4.1378,0.8632,0.2082,3.7931,2.8095,0.6739,0.6816,3.3983,1.8869,0.8465,0.4753,4.9151,4.0341,0.8774,0.4583,5.2175,4.1119,1,1,2,2,1.990121604,1.994851624,2.1975996,2.344007253,4.84078153,4.840169262,5.324861727,5.325411824,1.406,0.65
-0.187137926,-0.071722587,7.32099543,404.83,327.96,-7.440315395,2.16608,14.12128278,0.966,0.3238,5.2977,4.4298,0.9589,0.3376,4.8796,3.8351,0.9561,0.3135,4.009,3.4412,0.9297,0.3254,5.1419,4.4053,0.9336,0.3409,4.6419,3.8097,0.9273,0.3196,3.8744,3.2423,1,1,2,2,1.958050306,1.996103705,2.095923901,2.151682597,4.840509703,4.840396605,5.325383453,5.325431873,1.4906,0.83
-0.211407754,-0.072763072,10.53803422,322.21,287.91,-7.382088266,2.72939,14.12128323,0.9456,0.3661,5.1721,4.166,0.9533,0.3908,4.8501,3.8806,0.9582,0.3515,5.5092,3.7386,0.8751,0.3777,4.7966,3.9966,0.8708,0.4334,4.5405,3.3255,0.7242,0.5629,3.6092,1.5814,1,1,2,2,1.958045199,2.002422033,2.088272971,2.150208827,4.840409725,4.84033598,5.325191646,5.325241828,1.4448,0.39
-0.189041081,-0.072614679,5.49979891,76.83,278.57,-8.198012452,2.14988,14.12128214,0.9262,0.4596,5.2585,4.1287,0.9517,0.4187,6.0343,4.5999,0.9022,0.2877,3.823,1.9354,0.8844,0.4601,4.9772,4.1177,0.8443,0.4559,4.5627,4.0616,0.7666,0.5496,4.2963,2.4601,1,1,2,2,1.976630213,1.982397538,2.098048855,2.194202133,4.840252269,4.840554828,5.326615666,5.324892742,1.406,1
-0.199728703,-0.082078244,14.73909358,77.9,123.88,-6.681416837,2.17922,14.12128619,0.9427,0.4397,5.3141,3.8374,0.9335,0.5634,5.4951,3.4151,0.8886,0.4299,5.8013,4.254,0.864,0.4509,4.83,3.5763,0.7534,0.5486,4.1532,2.4357,0.8259,0.5168,4.9866,2.6119,1,1,2,2,1.935930009,2.011384846,2.094812163,2.112964505,4.84062192,4.840860299,5.324343675,5.325599453,1.4448,0.17
-0.198932893,-0.058624686,16.81433509,17.69,722.41,-7.300797867,2.47327,14.12127918,0.8071,0.551,4.3037,1.5783,0.8756,0.5575,4.4317,1.5948,0.8549,0.6157,5.1547,1.2222,0.7394,0.5579,3.877,1.5176,0.7694,0.5902,3.5798,1.3974,0.6979,0.6181,4.1831,1.1295,1,1,3,3,1.967806139,1.967806139,2.125531698,2.125531698,4.841194345,4.84119474,5.74486805,5.744868082,1.412,0.07
-0.230846407,-0.116533334,13.10507658,19.82,7.44,-9.852794438,1.85311,14.12128064,0.8338,0.5889,6.3302,4.0985,0.7987,0.2742,5.4461,4.5933,0.919,0.341,5.934,4.3204,0.7495,0.5853,5.0164,4.5387,0.7733,0.2778,5.2948,4.3975,0.7288,0.5867,4.5786,0.2107,1,1,2,2,1.962949057,2.029414448,2.087891281,2.088060104,4.84132441,4.843377704,5.324699673,5.324702936,1.4448,0.07
-0.20420262,-0.083527311,6.8055463,8.4,296,-6.485760869,2.23333,14.1212802,0.9297,0.4533,5.213,2.8867,0.8598,0.5229,4.6729,2.611,0.9507,0.5175,5.4935,2.3789,0.8737,0.4586,4.8216,2.7876,0.778,0.5468,4.1474,2.2578,0.7524,0.5773,4.0741,1.5424,1,2,2,3,1.944500193,2.010334549,2.066854131,2.082421907,4.840592365,5.324525464,5.324306455,5.74487045,1.4448,0.9
-0.195904967,-0.098051642,13.42428455,7.85,342.26,-7.944802212,1.68906,14.12127511,0.9317,0.421,5.2926,3.1553,0.9522,0.4122,5.6493,3.2234,0.8858,0.549,5.1611,2.1992,0.8967,0.4244,5.0422,3.1272,0.9057,0.4182,5.2484,3.1832,0.7029,0.581,3.8037,2.0515,2,2,3,3,1.995667808,1.996406021,2.009180181,2.009547461,5.324451233,5.324428436,5.745047059,5.745033529,1.4969,0.12
-0.220911013,-0.094455305,16.54416348,119.08,40.52,-11.77169619,2.12161,14.12127888,0.9079,0.5293,5.8348,3.8666,0.9498,0.5312,6.4755,4.6344,0.8251,0.6283,5.0297,2.0961,0.7285,0.5342,3.9502,4.1928,0.7522,0.6204,4.3266,1.8125,0.8594,0.5441,5.796,3.6979,2,1,2,4,1.971036529,2.005501683,2.180313051,2.387242133,5.324479777,4.84085074,5.324949512,8.10500448,1.4448,0.42
-0.230466699,-0.091656486,12.76140201,24.2,201.44,-7.683414881,2.3457,14.12128548,0.828,0.639,4.0473,1.1628,0.8633,0.5788,4.3807,2.2241,0.846,0.5857,3.5437,1.5255,0.7241,0.6368,3.6354,1.1727,0.7627,0.5845,3.8944,1.8204,0.7878,0.6005,3.8558,1.3147,1,1,2,2,1.992983191,2.028991375,2.06924624,2.098054813,4.841034879,4.840945223,5.324850772,5.324804806,1.4448,0.58
-0.242572891,-0.107231117,21.69633129,253.12,10.61,-8.634288963,2.20752,14.1212793,0.8337,0.6147,4.976,0.55,0.8445,0.6762,5.2071,0.7383,0.8013,0.2674,4.5286,2.5587,0.7076,0.7031,3.9277,1.8439,0.7355,0.5569,4.3157,0.3577,0.7676,0.6246,4.4893,0.8107,2,1,2,4,1.967148698,1.998984242,2.182436712,2.37796825,5.32447851,4.841151934,5.324938606,8.105006969,1.4448,0.79
-0.208833384,-0.08334096,6.58630526,0.92,28.97,-10.52338427,2.22194,14.12128007,0.9571,0.4608,5.4637,3.9152,0.9657,0.3888,6.2284,4.8065,0.8119,0.6599,4.134,1.2838,0.7513,0.5491,4.1067,2.628,0.8353,0.5607,4.4381,2.4568,0.8366,0.506,4.9149,2.8758,1,2,2,3,1.92624635,2.005841719,2.099312745,2.201183545,4.841209666,5.324324773,5.324719541,5.74498654,1.4448,0.72
-0.201967064,-0.062763904,9.2317541,15.4,66.09,-7.769794596,2.53544,14.12128237,0.9379,0.6108,5.5525,2.172,0.9068,0.583,5.5038,2.1472,0.8769,0.604,5.1273,1.5772,0.7418,0.6003,4.4402,2.0643,0.8507,0.5965,4.703,1.6997,0.833,0.5914,4.8817,2.0603,1,1,2,2,1.97984166,1.988014839,2.164046672,2.169133007,4.8402163,4.840424742,5.325360434,5.324797454,1.4448,0.48
-0.227644334,-0.115388278,16.54478997,158.97,282.24,-7.198642482,1.75855,14.12127859,0.8793,0.5803,4.6794,2.6634,0.8748,0.4888,4.1812,2.3164,0.8937,0.4839,4.6336,2.0408,0.8109,0.5788,4.2241,2.5811,0.8184,0.4873,4.2864,2.028,0.8026,0.5082,4.16,2.1886,2,1,2,4,1.989380808,2.002195295,2.132965307,2.387050691,5.324515139,4.840966631,5.325089571,8.105016293,1.4448,0.001
-0.200128142,-0.083517836,7.90494773,6.39,143.7,-7.384984953,2.20086,14.1212799,0.949,0.4383,5.5172,3.6721,0.9514,0.3536,6.2993,5.0985,0.8484,0.529,4.8565,1.5754,0.8833,0.4411,5.0278,3.5811,0.8334,0.4308,5.0037,3.6809,0.7586,0.5578,4.1425,1.6635,1,2,2,3,1.920210926,2.017480607,2.096218977,2.143951958,4.841200189,5.324522785,5.324699624,5.744880079,1.4448,0.95
-0.240136234,-0.104252441,19.46192418,277.9,24.86,-9.115939697,2.19685,14.1212791,0.8611,0.6297,4.9682,1.955,0.8643,0.5947,4.7946,2.1695,0.8473,0.2307,4.4564,3.2014,0.7092,0.7096,3.9276,1.4107,0.8034,0.5178,4.5625,2.6453,0.7753,0.6626,4.2251,1.071,2,1,2,4,1.967579986,2.004433835,2.185423986,2.378519287,5.324482115,4.841045701,5.324960758,8.105006154,1.4448,0.63
-0.198456131,-0.06768528,8.02505412,171.19,191.76,-8.300067712,2.14309,14.12128479,0.8415,0.6383,4.2116,1.1788,0.867,0.3309,3.7605,1.7636,0.858,0.5194,4.3745,1.9702,0.7172,0.6252,3.6825,1.2968,0.7955,0.5458,4.0893,2.0393,0.813,0.3603,3.6863,1.6866,1,1,2,2,1.99529672,2.023609152,2.066520989,2.098211143,4.841194819,4.841039777,5.32461099,5.324580647,1.406,0.73
-0.192382819,-0.076452119,4.61209606,109.02,239.48,-8.425069903,2.03779,14.12128165,0.9083,0.4714,5.1264,3.9894,0.9388,0.4059,5.8406,4.3933,0.8426,0.2383,3.4449,2.3427,0.8396,0.4789,4.5482,3.8925,0.8097,0.4594,4.5128,4.1225,0.7215,0.5546,4.013,2.7902,1,1,2,2,1.981591532,1.988591461,2.157694371,2.184997025,4.840220885,4.840788957,5.325823967,5.324791562,1.406,0.81
-0.225602398,-0.087857397,10.34473927,14.63,190.59,-7.683197702,2.24735,14.12127964,0.7978,0.6914,3.8524,0.9035,0.8576,0.5496,4.3004,2.152,0.7806,0.2844,3.3746,2.0212,0.705,0.6959,3.4984,0.9251,0.7784,0.5545,3.8938,2.1349,0.755,0.7241,3.8568,1.0928,1,2,2,4,1.908006551,2.057140248,2.095740919,2.492205449,4.84119395,5.324759229,5.324724314,8.104992472,1.4448,0.68
-0.215401154,-0.08685111,10.61522747,14.74,179.15,-7.741775018,2.12797,14.12127961,0.8398,0.6504,4.0836,1.6102,0.859,0.5844,4.2777,2.0048,0.8095,0.2703,3.4063,2.0537,0.7651,0.6541,3.7505,1.6011,0.7631,0.5896,3.8357,1.8667,0.735,0.7427,3.7192,1.0344,1,2,2,4,1.901490205,2.059114858,2.101314351,2.482193385,4.841071135,5.324749344,5.324714623,8.10499153,1.4448,0.3
-0.197389039,-0.068287308,9.01264829,6.48,39.44,-7.093964383,2.41924,14.12128239,0.906,0.6007,5.5715,2.2758,0.9285,0.5288,5.6301,2.7391,0.8817,0.6734,5.1519,1.2539,0.7892,0.6072,4.808,2.1298,0.7722,0.6331,4.4427,1.7787,0.874,0.571,5.2364,2.3581,1,1,2,2,1.973566822,1.993244842,2.158292381,2.18100917,4.840456356,4.840219383,5.324749003,5.325416398,1.4448,0.81
-0.2006094,-0.079182753,10.86631982,94.99,51,-6.497634359,2.50346,14.12128492,0.9701,0.3037,6.5087,5.4157,0.9296,0.4049,5.4957,3.863,0.9109,0.5116,5.2554,2.3734,0.9018,0.3389,5.8803,5.0209,0.8686,0.418,5.0174,3.748,0.7474,0.5876,4.0757,1.9561,1,1,1,2,1.991188088,2.038973761,2.060042233,2.084146348,4.840334636,4.840345702,4.84205947,5.324792584,1.4448,0.02
-0.204344547,-0.092466998,9.51301,54.08,463.64,-6.42656446,2.13139,14.12128183,0.9538,0.3274,5.2451,3.9316,0.9213,0.4327,5.0106,3.2253,0.8906,0.3149,5.236,1.0447,0.9217,0.3359,5.0015,3.8111,0.853,0.4321,4.7259,3.199,0.8572,0.3588,4.8944,1.0944,1,1,2,2,1.971336095,1.992324522,2.171083831,2.171572241,4.840183018,4.84043146,5.325175632,5.325316975,1.4448,0.53
-0.220548134,-0.091186165,17.17957745,111.94,37.18,-12.00558378,2.12342,14.1212787,0.8956,0.584,5.5503,3.2643,0.9574,0.4822,6.64,5.2717,0.8155,0.6435,4.8752,1.4634,0.7238,0.5565,3.8537,3.8992,0.7546,0.6061,4.4347,1.7353,0.8295,0.5713,5.3613,3.0394,2,1,2,4,1.97402153,2.004819443,2.180490541,2.388643967,5.324460877,4.840842207,5.324950729,8.10500474,1.4448,0.68
-0.214832467,-0.079338609,7.64147035,243.48,101.79,-8.526738604,2.02463,14.12128002,0.7659,0.659,3.8518,0.5266,0.8451,0.5808,4.3403,2.3227,0.7022,0.5968,3.2589,1.0492,0.6132,0.6603,3.0255,0.5072,0.6549,0.605,3.316,1.9727,0.7109,0.6325,3.2257,1.1113,2,2,2,2,1.944343077,1.995296469,2.064362613,2.064787156,5.324261391,5.324199272,5.324483332,5.324464628,1.3441,0.097
-0.228990848,-0.105561476,8.1647093,50.43,165.75,-8.115066985,1.80466,14.12128161,0.8111,0.7928,4.1959,0.1094,0.8995,0.4781,5.5197,2.0644,0.8887,0.5305,5.4369,2.3245,0.7321,0.7953,3.6498,0.1992,0.7232,0.6765,3.741,0.6135,0.8091,0.5437,4.589,1.915,1,2,2,4,1.92011484,2.019486321,2.051699783,2.507096528,4.841088669,5.32469792,5.32453579,8.105004949,1.4448,0.1
-0.171757629,-0.040691675,2.96979093,2.44,62.81,-7.545467753,2.44917,14.12128243,0.8961,0.5373,4.5685,2.1833,0.9199,0.5584,4.6424,1.4745,0.9073,0.1978,4.86,4.2429,0.8508,0.5347,4.3949,2.206,0.8183,0.5615,4.2941,1.4019,0.7401,0.6643,3.6648,0.9913,1,1,2,2,1.963202231,1.963202231,2.143543561,2.143543561,4.840399134,4.840398818,5.325641781,5.325641733,1.406,0.37
-0.207158818,-0.084469589,3.65206085,4.52,219.02,-6.13026695,2.3286,14.12127994,0.9353,0.4776,5.3569,2.8314,0.8325,0.5802,4.509,1.8944,0.9156,0.4836,6.2113,4.225,0.8713,0.4829,4.8699,2.7436,0.7339,0.56,4.3572,2.3149,0.7972,0.5574,4.2234,2.0261,1,2,2,3,1.953099076,2.013799146,2.076444317,2.085209342,4.84079275,5.32446078,5.324553032,5.744878416,1.4448,0.49
-0.192489044,-0.083513876,8.45313158,4.94,113.12,-7.277660212,2.03732,14.12127972,0.9564,0.4157,5.6071,3.8757,0.9722,0.3037,6.682,5.5754,0.8617,0.4828,5.0496,1.9464,0.9036,0.4168,5.2043,3.838,0.8851,0.3504,5.629,4.7609,0.7471,0.5697,4.1088,1.8636,1,2,2,3,1.920075259,2.011901837,2.098580711,2.162662711,4.84117926,5.324519571,5.324709558,5.744104344,1.4448,0.23
-0.172957902,-0.067854215,2.85699596,0.38,21.16,-8.361900307,1.78561,14.12128432,0.9111,0.5316,4.776,2.4751,0.9212,0.5362,4.8554,2.2989,0.8961,0.4737,3.9384,1.391,0.8749,0.5288,4.6194,2.4988,0.8609,0.5321,4.455,2.3002,0.7579,0.626,4.1079,1.7585,1,1,2,2,1.964379037,1.964379037,2.143432061,2.143432061,4.840647206,4.840647443,5.325165605,5.325167504,1.406,0.14
-0.217362528,-0.100769018,15.7925742,107.15,271.68,-7.801795402,2.03412,14.12128057,0.855,0.5162,5.3548,3.9421,0.8522,0.6532,5.1525,2.4329,0.873,0.555,5.443,2.8042,0.7831,0.5359,4.8197,3.7305,0.7998,0.6442,4.793,2.5774,0.7536,0.5694,4.2002,2.7333,2,1,2,4,1.95735587,1.977963346,2.163012945,2.401751652,5.32454446,4.840939693,5.325041329,8.105007277,1.4448,0.16
-0.209063996,-0.079578246,14.26000332,115.63,493.02,-7.022829487,2.62649,14.12128133,0.9607,0.3308,5.5715,4.0736,0.9313,0.3939,5.2489,3.6081,0.9746,0.3435,5.9928,4.4697,0.9173,0.3388,5.2445,3.9911,0.8584,0.4037,4.7783,3.4954,0.7359,0.6458,4.5724,1.271,1,1,2,2,1.987210608,2.002616538,2.155835569,2.191700253,4.840216379,4.840255747,5.32535367,5.324870881,1.406,0.79
-0.230681258,-0.106745703,15.3289738,25.49,344.49,-7.365988453,2.12714,14.12127993,0.8541,0.5233,4.4607,3.0528,0.8481,0.4857,4.0547,2.5565,0.8237,0.6504,4.1422,1.4945,0.8055,0.5306,4.1815,3.0087,0.7212,0.5374,3.5057,2.3235,0.7302,0.6124,3.6761,1.7383,1,2,2,4,1.973681079,1.978274501,2.119767204,2.400240821,4.840987406,5.324570955,5.32512866,8.105009261,1.4448,0.025
-0.224888043,-0.089938602,7.78369081,122.54,35.78,-9.099693852,2.1585,14.12127875,0.9211,0.6633,5.1389,1.9691,0.8852,0.5481,5.2376,3.206,0.8708,0.6516,5.2034,1.8415,0.7134,0.6612,3.5798,2.3311,0.7205,0.7087,3.9742,0.6655,0.7507,0.5833,4.2278,2.562,1,2,2,4,1.922480949,2.077654928,2.078617329,2.491321135,4.841152961,5.324677904,5.324694267,8.104991511,1.4448,0.2
-0.219772754,-0.086890694,16.64718652,93.66,29.91,-11.10081581,2.1457,14.12127871,0.8906,0.5714,5.4787,3.5019,0.9542,0.5297,6.6165,4.9283,0.8174,0.6301,4.8512,1.6495,0.7141,0.56,3.7219,4.1671,0.7451,0.5755,4.6408,2.1416,0.8093,0.5978,4.9456,2.7697,2,1,2,4,1.975276436,2.005131666,2.181084363,2.389060485,5.324472324,4.840841417,5.324964361,8.105003934,1.4448,0.29
-0.202708488,-0.077738513,8.77448447,104.6,338.38,-6.876256612,2.00934,14.12127641,0.8399,0.5462,4.6608,2.7047,0.8213,0.5696,4.3646,2.2649,0.8748,0.6144,5.2183,2.4033,0.7063,0.5592,3.6163,2.5755,0.7081,0.5783,3.4611,2.0679,0.7072,0.6275,3.6642,2.2436,2,2,3,3,1.967640719,1.977725461,2.018331241,2.022711794,5.324555954,5.324518158,5.745100698,5.745068617,1.5011,0.27
-0.22361292,-0.076725772,9.40255289,139.21,195.67,-6.932047972,2.60339,14.12127969,0.8531,0.5769,4.833,1.4555,0.8346,0.6377,4.2511,0.7927,0.8503,0.5941,4.9394,1.607,0.6969,0.6037,3.5712,1.2337,0.7615,0.6103,4.0947,1.0176,0.7381,0.6023,3.9873,1.3241,1,2,2,4,1.922114981,2.045819151,2.078339963,2.496016426,4.841163939,5.32447174,5.324394971,8.104994529,1.4448,0.6
-0.208517118,-0.088165945,4.64392997,34.98,231.69,-7.688641374,2.1411,14.12128008,0.8972,0.5021,5.0821,1.977,0.8902,0.6281,5.4268,1.121,0.923,0.491,5.2112,2.1204,0.8077,0.526,4.5122,1.7771,0.8332,0.6025,5.0195,1.1498,0.7963,0.5508,4.2224,1.8093,1,2,3,2,1.918755065,2.012951564,2.077973532,2.097546662,4.840750558,5.324431018,5.744900841,5.324529117,1.4448,0.86
-0.207990269,-0.090797928,28.06062948,5.7,17.94,-12.60356958,2.47945,14.12127717,0.9898,0.164,5.8335,4.1854,0.9586,0.3218,5.3351,3.4421,0.9697,0.3305,5.4763,3.3105,0.9751,0.1741,5.7158,4.0949,0.8963,0.336,5.01,3.253,0.7091,0.5938,3.5409,0.7304,2,2,2,2,2.011238424,2.02512691,2.03091925,2.051585728,5.324701231,5.324695046,5.324563455,5.324450356,1.4448,0.88
-0.171220853,-0.043969043,3.2368525,0.02,0.24,-7.360626509,2.32141,14.12128353,0.891,0.5501,4.4598,2.0957,0.9166,0.5672,4.5642,1.4305,0.9091,0.1566,4.9256,4.4031,0.8466,0.5491,4.306,2.1135,0.8343,0.5681,4.2699,1.4065,0.7307,0.6693,3.673,1.0254,1,1,2,2,1.959176358,1.959176358,2.102028782,2.102028782,4.84041423,4.840414309,5.325590549,5.325590549,1.406,0.63
-0.216136019,-0.093357622,15.49456195,61.95,241.65,-8.445337754,1.85208,14.12127883,0.7787,0.6423,4.4101,1.7555,0.9235,0.4963,5.6465,4.1231,0.8371,0.5952,5.2402,1.6559,0.6511,0.6289,3.5411,2.0318,0.8191,0.5344,4.6569,3.6083,0.7115,0.6009,4.1901,0.3028,1,2,2,4,1.972809418,1.975393885,2.167038994,2.388777721,4.841275292,5.324433453,5.324922004,8.105007815,1.4448,0.25
-0.235616956,-0.105836881,16.39923495,797.03,119.29,-8.099470186,2.10281,14.12128045,0.8427,0.6038,4.6375,2.2363,0.8302,0.6363,4.6262,1.9304,0.8817,0.5517,4.8647,2.6047,0.7394,0.6114,4.1897,2.1397,0.8001,0.6295,4.4016,2.0319,0.7523,0.5782,3.898,2.1381,2,1,2,4,1.921590227,2.018833822,2.195051252,2.366087488,5.324636022,4.840925553,5.325029694,8.105000995,1.4448,0.05
-0.221536885,-0.094715031,16.99352459,112.28,42.14,-11.71381841,2.12956,14.12127862,0.9115,0.4676,5.7442,4.2506,0.9207,0.618,5.4856,2.8877,0.8348,0.604,4.7631,2.2855,0.7243,0.5733,3.8326,3.4052,0.8748,0.5162,5.6628,3.801,0.7815,0.5933,4.414,2.0603,2,1,2,4,1.973869803,2.00612213,2.18906761,2.385948449,5.324483137,4.840839126,5.325008712,8.105005151,1.4448,0.1
-0.194131954,-0.073554635,6.02056454,50.42,143.61,-8.13499671,2.26594,14.12128104,0.9372,0.4698,5.4083,3.8147,0.9791,0.3391,5.6846,4.1783,0.9382,0.4604,5.5116,3.7924,0.8689,0.4667,4.9581,3.8393,0.7339,0.6225,3.4321,1.7725,0.9235,0.366,5.1939,3.7931,1,1,2,2,1.976827003,1.989092758,2.186378284,2.227202056,4.840191635,4.840528433,5.324826621,5.32615814,1.406,1
-0.221571248,-0.10597697,9.86979539,95.81,244.91,-7.088438179,1.86308,14.12128052,0.8404,0.5184,4.2222,2.1525,0.8251,0.5524,3.9187,1.874,0.9581,0.2594,4.5215,3.3697,0.7804,0.5257,3.9553,2.1342,0.7629,0.7394,3.8212,0.7205,0.7883,0.4584,3.8029,2.4406,1,2,3,2,1.973967832,2.027089786,2.065739577,2.088702947,4.841094672,5.324659642,5.745185324,5.324764001,1.4448,0.47
-0.201997675,-0.094835775,13.06221445,4.66,228.78,-6.757612621,1.90282,14.12127485,0.9635,0.4066,5.0023,3.075,0.9658,0.4061,5.4121,3.1328,0.9001,0.557,4.9123,2.2838,0.9311,0.4084,4.7703,3.0552,0.9258,0.417,4.9558,3.0738,0.7476,0.6228,3.9136,1.746,2,2,3,3,2.000617155,2.000617155,2.007933764,2.007933764,5.324519912,5.324520155,5.745057231,5.745057167,1.4969,0.34
-0.209850279,-0.081128116,4.98917458,3.79,34.04,-9.971766393,2.25826,14.12128026,0.9526,0.4735,5.3411,3.803,0.9688,0.4087,6.2749,4.5834,0.7991,0.6448,4.078,1.2894,0.7432,0.5451,4.0297,2.6615,0.8232,0.5449,4.3482,2.494,0.8821,0.5066,5.376,3.0074,1,2,2,3,1.925699094,2.000727368,2.095523562,2.184918076,4.841202006,5.324323652,5.32471959,5.744967059,1.4448,0.93
-0.226724675,-0.104955856,10.96384484,119.08,174.22,-7.570761303,1.79676,14.12128076,0.8258,0.7733,4.251,0.7498,0.8965,0.5074,5.4038,2.1334,0.8779,0.607,5.2184,0.7244,0.7381,0.7682,3.6935,0.8309,0.745,0.6948,3.8244,1.0747,0.802,0.6181,4.436,2.4008,1,2,2,4,1.916051148,2.033141904,2.068741163,2.51007968,4.841195372,5.32474686,5.324603879,8.10499863,1.4448,0.07
-0.227318252,-0.105530565,18.22254779,652.67,27.79,-8.646163573,2.03866,14.12128001,0.8527,0.4984,5.0862,3.013,0.8558,0.6265,5.9814,2.0701,0.8084,0.3074,4.6749,4.0979,0.7632,0.6321,5.058,2.2331,0.815,0.4937,4.7947,3.2237,0.7712,0.5633,4.4643,1.0233,2,1,2,4,1.935924844,2.016905798,2.184717373,2.371270967,5.324548454,4.840929819,5.325015576,8.105000439,1.4448,0.07
-0.217741422,-0.099852075,8.04374548,0.02,0.1,-6.371261908,1.97286,14.12127626,0.8751,0.5652,4.7847,0.9205,0.8333,0.6655,4.8096,0.3639,0.8841,0.6431,5.1289,1.4211,0.7861,0.5751,4.1833,0.9298,0.7173,0.662,3.8506,0.6908,0.772,0.7256,4.2005,0.6605,2,2,3,3,1.984001008,1.984001008,2.012380928,2.012380928,5.324085401,5.324085401,5.744995977,5.744995945,1.4448,0.2
-0.206335032,-0.093927345,7.54907374,25.28,112.47,-7.479393042,1.83262,14.12127552,0.8799,0.5999,5.0247,1.1691,0.8711,0.627,5.3127,1.7561,0.8915,0.613,5.4041,2.3981,0.7779,0.6058,4.2015,1.1864,0.7549,0.6269,4.2048,1.2135,0.764,0.739,4.2861,0.5937,2,2,3,3,1.976211021,1.987684834,2.026845332,2.034475854,5.324042373,5.324036964,5.744381884,5.744742124,1.4448,0.06
-0.237533825,-0.093054393,6.72969178,42.79,195,-8.085735503,2.38872,14.12127968,0.7904,0.7109,3.8693,0.6206,0.8346,0.6079,4.2746,1.2683,0.7347,0.2964,3.3896,2.058,0.6861,0.7124,3.4687,0.6692,0.7305,0.6481,3.9382,0.4199,0.7593,0.6505,3.7986,0.6221,1,2,2,4,1.910602261,2.054125848,2.09651735,2.491473861,4.841369736,5.324758498,5.324708828,8.104995447,1.4448,0.63
-0.203538398,-0.090604057,11.6870172,66.76,228.46,-7.034112468,2.28372,14.121283,0.9726,0.3028,6.4221,5.2302,0.9563,0.3563,6.1922,4.7207,0.9548,0.3972,6.6879,5.333,0.9387,0.3138,6.0895,5.126,0.8872,0.3839,5.6862,4.392,0.7991,0.4605,5.0899,3.8242,1,1,2,2,1.97044056,1.982433605,2.14836077,2.153747664,4.84020792,4.840429721,5.325081831,5.325267381,1.4448,0.19
-0.20667167,-0.084082395,5.660845,6.03,159.44,-7.204007302,2.32792,14.12127957,0.9422,0.4526,5.3539,3.5252,0.921,0.4094,5.6602,4.0727,0.8604,0.5216,5.0168,1.9364,0.8709,0.4564,4.8463,3.3958,0.7272,0.5786,4.0876,1.1623,0.8209,0.4861,4.5278,2.091,1,2,2,3,1.92395712,2.019750727,2.111780292,2.14641981,4.841153513,5.324532722,5.324628961,5.74498267,1.4448,0.9
-0.200249962,-0.099958568,14.46500693,40.82,260.58,-6.584223554,1.78603,14.12128619,0.9616,0.3622,5.4593,4.1703,0.9495,0.4971,5.7438,4.0031,0.9578,0.3688,4.7939,3.3692,0.9321,0.3687,5.2099,4.1269,0.8316,0.4937,4.8711,3.8509,0.9014,0.4474,4.9766,3.721,1,1,2,2,1.944039351,2.015360514,2.087415148,2.134912879,4.840618522,4.840879417,5.324480264,5.325057783,1.4448,0.001
-0.195438739,-0.047440124,4.80592797,78.11,4.19,-11.54441613,2.32233,14.12128075,0.8688,0.6535,5.2574,1.8907,0.9346,0.3755,5.8441,4.2803,0.8602,0.6262,4.863,2.327,0.6592,0.6473,3.154,2.0145,0.6037,0.5884,3.4182,1.0412,0.7705,0.582,4.6342,2.2117,1,1,3,3,1.967842727,1.99804029,2.092005975,2.144312011,4.841714268,4.840765807,5.744964756,5.744812384,1.4906,0.58
-0.198230593,-0.076969331,15.920355,100.59,773.67,-8.238804166,1.90364,14.12128029,0.8244,0.5617,4.25,1.6406,0.8793,0.4792,4.8946,2.9359,0.5436,0.5304,3.1439,1.5706,0.7285,0.5628,3.6267,1.6304,0.7995,0.4949,4.422,2.7228,0.6824,0.6197,3.916,1.2709,1,1,3,3,1.953930654,1.979812617,2.114332282,2.118429843,4.841028797,4.841689245,5.744500016,5.74485487,1.4072,0.08
-0.196006667,-0.07220679,5.29316386,144.03,197.69,-9.23565818,2.15363,14.12128027,0.9009,0.4837,5.0964,3.708,0.9759,0.3492,5.5031,4.0464,0.9195,0.4122,5.5645,4.1276,0.7195,0.6457,3.5768,1.5841,0.7903,0.5859,4.4166,2.5203,0.8551,0.4265,4.7759,3.1442,1,1,2,2,1.989342856,1.99406018,2.191350725,2.282200035,4.840787535,4.84016689,5.324836262,5.325307776,1.406,0.78
-0.209032679,-0.087001257,1.20156092,97.66,131.62,-8.081522241,1.86197,14.12127984,0.8551,0.7065,4.2763,0.1787,0.8594,0.6736,4.3711,1.5327,0.9058,0.6647,4.745,1.8282,0.7006,0.7068,3.5165,0.2455,0.702,0.6923,3.5462,0.4063,0.7705,0.6601,3.8982,0.8409,1,2,2,1,2.050409959,2.058645428,2.079550432,2.09043273,4.841348731,5.324683505,5.324657207,4.841173969,1.4072,0.24
-0.227509587,-0.102201118,14.80902735,161.25,76.78,-8.466975475,2.16479,14.12127906,0.8926,0.5273,5.5163,4.0201,0.8719,0.663,4.8934,1.6071,0.9085,0.4972,5.6361,3.4819,0.7435,0.5633,4.3567,3.0911,0.8128,0.5976,4.7851,2.6813,0.7946,0.5777,4.5806,2.6616,2,1,2,4,1.970460099,2.002317407,2.173275178,2.390103136,5.324405736,4.840938271,5.324974341,8.105005737,1.4448,0.73
-0.213852594,-0.084626314,7.26681683,19.08,169.45,-8.457510189,2.28232,14.12128106,0.8605,0.5627,5.0013,2.6393,0.8993,0.4907,5.1972,2.9842,0.8697,0.2765,4.5667,3.432,0.7483,0.5846,4.1248,2.4403,0.8113,0.5094,4.5362,2.6904,0.7524,0.6518,4.3391,1.2985,1,1,2,2,1.938032249,2.048000244,2.062607331,2.100563972,4.841251048,4.843076155,5.324783527,5.324749246,1.4448,0.46
-0.245879355,-0.103680361,26.25980102,66.93,111.15,-8.603840998,2.35147,14.12127578,0.8506,0.5898,4.6216,1.268,0.9181,0.572,5.1068,1.6663,0.9218,0.4496,5.3157,2.2778,0.6913,0.5803,3.4946,1.1704,0.7645,0.5607,4.0757,1.0264,0.6151,0.6118,3.2076,2.3621,2,2,2,2,1.998330053,2.023137662,2.032018209,2.054733316,5.325046051,5.324900678,5.324588294,5.324473396,1.4448,0.6
-0.207142199,-0.084026449,7.94531258,9.54,168.59,-7.07333772,2.33562,14.12128025,0.942,0.4634,5.3672,3.3538,0.94,0.3733,5.8481,4.6506,0.8378,0.5473,4.6772,1.758,0.8696,0.468,4.8538,3.2254,0.7491,0.5716,4.0585,1.463,0.8363,0.4367,4.8182,3.6264,1,2,2,3,1.918267187,2.015611322,2.097381463,2.124511473,4.841193476,5.324503985,5.324734686,5.744828892,1.4448,0.82
-0.208591231,-0.060984669,5.48075003,107.12,244.18,-9.852794438,2.46955,14.12128141,0.6878,0.7625,4.0108,0.7279,0.9729,0.2597,6.1236,5.4068,0.8178,0.5851,4.8435,2.4047,0.6679,0.7946,3.742,0.5372,0.55,0.4334,3.0849,4.0712,0.6909,0.5923,3.8003,2.3415,1,1,3,3,1.971335842,1.973867523,2.102321098,2.145605975,4.841412137,4.840882419,5.745313146,5.745300611,1.4906,0.9
-0.187291033,-0.053380132,7.00901717,203.12,105.87,-8.396303874,2.45064,14.12128301,0.92,0.371,5.11,3.8349,0.8815,0.6237,4.9145,1.5454,0.9252,0.3966,5.1888,3.6407,0.7217,0.6132,3.5097,1.6589,0.895,0.4003,5.1319,3.5223,0.7536,0.5555,4.1065,2.148,1,1,2,2,1.943488101,1.989586892,2.128606352,2.137708352,4.840860457,4.84071682,5.325742438,5.325517321,1.406,0.63
-0.231900485,-0.088899537,8.61029524,28.18,182.93,-8.06834936,2.3035,14.1212798,0.7693,0.7143,3.7125,0.4955,0.8705,0.5266,4.4835,2.2157,0.7987,0.6598,3.9262,0.3051,0.6848,0.718,3.4223,0.5959,0.7858,0.5276,4.1242,2.1932,0.7534,0.6648,3.7409,0.5326,1,2,2,4,1.912659405,2.054805587,2.083791256,2.490590492,4.84124402,5.324760008,5.324693098,8.104995402,1.4448,0.52
-0.200364762,-0.052329628,13.19867611,75.59,86.77,-7.538867069,2.63615,14.1212824,0.8741,0.7398,5.1711,0.6824,0.8581,0.628,4.9859,1.4305,0.8631,0.6381,4.8999,0.4665,0.7149,0.7246,4.0796,0.6934,0.7827,0.6423,4.3546,0.4524,0.7949,0.6408,4.4662,0.5204,1,1,2,2,1.976535606,1.98736031,2.160698267,2.172837776,4.840256537,4.840427271,5.325280473,5.324549769,1.4448,0.8
-0.204614474,-0.065691001,1.48586623,11.02,295.85,-10.23477326,2.25841,14.12127756,0.7755,0.6571,3.6381,1.0934,0.8228,0.2852,3.5017,2.4286,0.8772,0.5616,4.5038,2.3213,0.6969,0.6635,3.4574,1.0592,0.7851,0.5708,3.8679,2.5441,0.5561,0.5438,2.733,1.3775,1,2,3,3,1.970190346,2.009156291,2.057140005,2.145575214,4.841203822,5.324799499,5.745206304,5.745407858,1.406,0.22
-0.202036235,-0.062122862,12.46759484,13.4,76.45,-6.947120003,2.64024,14.12128376,0.9505,0.5286,5.227,2.7909,0.8853,0.6,4.6325,1.7217,0.9122,0.6031,4.9706,1.7023,0.7596,0.5746,4.2739,2.2395,0.8477,0.5823,4.4786,1.9964,0.8113,0.5549,4.3489,1.9525,1,1,1,2,2.000340971,2.014922579,2.084286209,2.172843759,4.840411385,4.840341038,4.8417696,5.324876821,1.4448,0.78
-0.221893472,-0.087020905,7.04012599,5.4,16.81,-8.07411122,2.4522,14.12128121,0.8667,0.5758,5.3161,2.5145,0.9361,0.3024,5.9663,4.5035,0.8041,0.2916,4.3382,2.0148,0.7191,0.6021,4.4743,1.6317,0.8509,0.3505,5.0896,3.887,0.6561,0.7158,3.4995,0.1256,1,1,2,2,1.952921913,2.009340688,2.082189713,2.082189713,4.841356233,4.843174054,5.324740091,5.324741017,1.4448,0.3
-0.215555209,-0.093328365,16.41261664,72.25,193.78,-8.515694315,2.04201,14.1212795,0.8197,0.633,5.3027,2.722,0.9258,0.4908,6.4873,5.1571,0.9031,0.5286,6.6423,3.4942,0.7436,0.6145,4.5532,3.0077,0.8296,0.521,5.5344,4.5028,0.732,0.5986,4.3859,0.6032,2,1,2,4,1.963586769,1.987529874,2.178510041,2.396812258,5.324465261,4.840961022,5.324972394,8.105005314,1.4448,0.73
-0.202821551,-0.061981552,10.01973998,19.46,101.72,-7.14233902,2.64304,14.12128254,0.9478,0.5359,5.3023,2.833,0.8868,0.5737,4.8032,1.9231,0.8815,0.673,5.1481,1.724,0.7427,0.5875,4.2404,2.2318,0.844,0.5901,4.5036,2.0958,0.8474,0.5878,4.7617,1.9712,1,1,2,2,1.974985823,1.985954682,2.157759486,2.173199715,4.840255747,4.840398739,5.325270009,5.32481844,1.4448,0.71
-0.177223805,-0.043881126,9.76997107,36.97,105.76,-9.377576291,2.50181,14.12128081,0.9868,0.3993,6.1863,3.469,0.9592,0.4328,5.7915,3.202,0.9721,0.3703,6.1755,3.9644,0.755,0.5041,4.5696,2.5801,0.9201,0.4191,5.8111,3.3295,0.9233,0.507,5.5539,2.8097,1,1,2,2,1.987471509,2.004688504,2.178842583,2.187365082,4.84028792,4.840274798,5.324777538,5.32484785,1.406,0.26
-0.239796916,-0.093639535,24.67583557,71.13,98.81,-7.769557826,2.42307,14.1212766,0.8321,0.6519,4.1896,0.6923,0.915,0.4306,5.0227,2.2976,0.9352,0.5095,5.1128,1.4321,0.6871,0.6371,3.4216,0.9533,0.7173,0.4933,3.6628,1.4597,0.6339,0.6625,3.296,1.5528,2,2,2,2,2.010891345,2.019924751,2.024545875,2.05042776,5.324881982,5.324742331,5.324584446,5.324446264,1.4448,0.67
-0.210260253,-0.063436734,12.80502413,42.5,245.53,-6.515713191,2.62942,14.1212849,0.8357,0.5155,4.0995,2.5043,0.9392,0.5321,5.0391,2.2944,0.8893,0.5302,4.518,2.283,0.7083,0.5219,3.4296,2.4532,0.7979,0.5261,4.1901,2.7485,0.7711,0.5464,3.8427,1.8834,1,1,1,2,1.949433251,2.045835282,2.052791758,2.16900461,4.840446635,4.840457305,4.841925081,5.324953066,1.4448,0.07
-0.210534594,-0.089402428,5.15274368,51.28,28.28,-7.863566769,2.13239,14.12128036,0.9706,0.4206,6.4475,5.108,0.9359,0.5736,6.0233,3.4933,0.9101,0.4754,5.6169,3.8636,0.744,0.544,3.9392,3.8546,0.8617,0.524,5.2746,2.8671,0.7451,0.5634,4.3841,2.4638,1,2,2,3,1.91838187,2.013822981,2.084522247,2.138929639,4.841168598,5.324319171,5.32471808,5.744712079,1.4448,0.74
-0.240501786,-0.096840284,4.68133509,50.99,213.73,-8.621443213,2.39982,14.1212792,0.8002,0.6461,3.7825,0.8453,0.846,0.5512,4.1212,1.6491,0.8082,0.7007,3.8863,0.4097,0.6955,0.653,3.4074,0.8519,0.7498,0.692,3.6677,0.6153,0.7737,0.5747,3.8347,1.2774,1,2,2,4,1.913021171,2.049353557,2.096145272,2.480072781,4.841247494,5.324832074,5.324814837,8.104993707,1.4448,0.32
-0.20239907,-0.058866058,10.58289681,20.54,91.29,-7.782184557,2.63634,14.12128248,0.9321,0.6085,5.322,2.2959,0.872,0.6024,4.8327,1.4562,0.8792,0.641,5.135,2.1361,0.7307,0.6137,4.1766,2.0882,0.8334,0.6097,4.5196,1.791,0.8367,0.6185,4.7489,1.7174,1,1,2,2,1.975264539,1.987008304,2.160145828,2.170830947,4.8402646,4.840411306,5.325272491,5.324752363,1.4448,0.89
-0.196846785,-0.081335792,12.13977036,148.62,180.35,-7.363146196,2.44869,14.12128192,0.9847,0.2253,6.8487,5.8922,0.9339,0.3906,5.5344,3.9888,0.956,0.4055,5.8093,4.1491,0.9544,0.2443,6.5737,5.6889,0.8852,0.3899,5.0413,4.0145,0.8242,0.4953,4.9403,2.8315,1,1,2,2,2.001067965,2.00439567,2.100101426,2.183435367,4.840311081,4.840247446,5.324744425,5.324861386,1.4448,0.17
-0.209963725,-0.099951975,15.50931492,4.35,293.73,-7.072040473,2.00726,14.12127585,0.9263,0.414,5.1488,3.1442,0.9486,0.3932,5.5119,3.2747,0.8642,0.5425,4.7886,2.8499,0.8896,0.4195,4.9026,3.1073,0.8808,0.4116,5.0188,3.1361,0.7012,0.5958,3.836,1.8001,2,2,3,3,1.987800292,1.989349642,2.005288508,2.006715226,5.324341483,5.324360676,5.744175161,5.744745579,1.4448,0.1
-0.215333754,-0.091370858,14.62665425,58.2,184.89,-9.743070831,2.0405,14.1212795,0.8057,0.6611,5.0643,2.3595,0.9302,0.4635,6.5891,5.3774,0.9289,0.5032,6.9665,4.3304,0.7359,0.6461,4.4036,2.6259,0.8243,0.4937,5.5011,4.7893,0.7135,0.5655,3.9838,1.6622,2,1,2,4,1.966445016,1.988354848,2.175889933,2.395508088,5.324508466,4.84096276,5.324946834,8.105005812,1.4448,0.35
-0.213517095,-0.081379927,6.53464234,0.13,0.21,-9.126918764,2.47012,14.12128141,0.8817,0.5209,5.2036,2.5953,0.9236,0.3407,5.6815,4.0746,0.8106,0.5856,4.1912,1.2162,0.7807,0.5428,4.6316,2.315,0.8333,0.3799,4.7887,3.5589,0.648,0.7374,3.5107,0.333,1,1,2,2,1.949000257,2.013000248,2.077396688,2.07757551,4.841278451,4.843082697,5.324778366,5.324777051,1.4448,0.52
-0.209363375,-0.093290266,2.82493518,22.8,61.69,-9.024691025,1.79576,14.1212855,0.8258,0.6064,4.1341,0.3208,0.9003,0.6478,4.7488,1.3105,0.8891,0.3647,5.2225,4.4614,0.7308,0.6124,3.7192,0.3406,0.6593,0.725,3.4141,0.5371,0.8553,0.6937,4.5101,0.7584,1,2,1,1,1.912013075,2.0300633,2.047478693,2.081238574,4.844262517,5.324504813,4.841267948,4.841111653,1.4448,0.16
-0.187216047,-0.085460467,3.40377515,6.48,73.95,-8.514696311,2.05132,14.12128102,0.9577,0.3067,7.4558,6.646,0.9733,0.2873,7.8488,6.7605,0.89,0.2161,4.6893,3.684,0.9096,0.319,6.8634,6.4298,0.9565,0.3001,7.6755,6.539,0.6782,0.6318,3.8866,1.8451,1,1,2,2,1.96226196,2.029072941,2.060416463,2.088384064,4.84134731,4.842785948,5.324820096,5.324778025,1.4448,0.08
-0.204905691,-0.081364766,8.9819285,79.81,232.73,-6.729609094,2.28747,14.12128341,0.9085,0.4533,5.1489,3.6927,0.9365,0.3546,6.0104,4.5555,0.9836,0.2528,6.5263,5.405,0.8301,0.4711,4.5706,3.4557,0.7399,0.579,4.0713,2.2229,0.8521,0.4089,5.2655,3.7717,1,1,2,2,1.966460272,2.012613723,2.130911777,2.197547042,4.840784375,4.84031361,5.324998635,5.324692563,1.4448,0.57
-0.231285858,-0.104670444,15.7613557,728.78,58.59,-8.315886335,2.08069,14.1212802,0.8468,0.5365,4.7066,2.2624,0.8527,0.5936,5.1839,1.3435,0.8006,0.3201,4.2588,3.4362,0.7512,0.606,4.493,1.5846,0.8071,0.5247,4.4725,2.6045,0.7826,0.5673,4.4264,1.8321,2,1,2,4,1.929212015,2.01891877,2.185745639,2.373536812,5.324586979,4.840932347,5.325028331,8.105000811,1.4448,0.06
-0.206883206,-0.094504337,6.51292619,23.64,104.34,-7.358897901,1.8318,14.12127564,0.8797,0.6006,5.023,1.2139,0.8688,0.6244,5.2794,1.8935,0.8974,0.6109,5.4511,2.4309,0.7782,0.6058,4.1959,1.2522,0.7504,0.6242,4.0871,1.3666,0.7569,0.744,4.2446,0.5263,2,2,3,3,1.976421261,1.986082828,2.027571454,2.036485453,5.324044517,5.324028387,5.744492815,5.744437159,1.4448,0.14
-0.205258038,-0.07903056,11.35434347,128.27,77.57,-8.61867236,2.47623,14.12128398,0.9526,0.3754,5.8805,4.6342,0.9381,0.3982,4.9047,2.9449,0.9727,0.3185,5.9388,5.1423,0.8695,0.397,5.1853,4.3685,0.7867,0.4627,4.0812,2.7629,0.8208,0.508,4.4881,2.6531,1,1,2,1,1.975629014,2.06101213,2.076812461,2.095086872,4.84041423,4.840371865,5.324857247,4.841724135,1.4448,0.18
-0.21456665,-0.102787152,13.70584845,58.17,87.06,-7.996318232,2.04779,14.12128627,0.9421,0.4236,5.8962,4.637,0.914,0.4999,4.4952,2.9189,0.9501,0.379,6.1959,4.8981,0.8987,0.4347,5.5057,4.5094,0.8461,0.5064,4.2312,2.8721,0.6944,0.6234,3.638,1.7246,1,2,1,2,1.917045905,2.002419786,2.028084071,2.166457939,4.842709066,5.324749587,4.840882577,5.325086651,1.4448,0.04
-0.211399724,-0.093982046,15.24187177,64.44,326.75,-6.959153842,2.05808,14.12127991,0.8581,0.4514,5.2332,3.8227,0.9411,0.4152,6.2504,5.1783,0.8893,0.5424,5.9762,3.3479,0.7771,0.4542,4.5133,3.9231,0.8615,0.467,5.2558,4.3332,0.7277,0.6311,4.2584,1.3233,1,2,2,4,1.956136243,1.966381703,2.168675863,2.408163408,4.840792275,5.324545239,5.324991722,8.105007024,1.4448,0.23
-0.210032038,-0.067738141,11.1566583,59.49,135.26,-8.570593968,2.28558,14.12128269,0.8039,0.7064,3.9379,0.5151,0.9061,0.5634,4.9617,1.6608,0.9124,0.4744,4.8819,2.602,0.6854,0.6874,3.3267,0.455,0.788,0.6607,3.9846,1.3937,0.802,0.5028,4.1613,2.6218,1,1,2,2,1.970097967,2.004659572,2.122764471,2.1724065,4.840616309,4.840338983,5.324918596,5.324824478,1.4448,0.64
-0.230409572,-0.106916556,17.0127554,30.44,351.07,-6.958627609,2.12858,14.12127991,0.8579,0.5101,4.6027,3.0362,0.8462,0.4725,4.3231,1.6551,0.831,0.3732,4.0914,2.3538,0.8124,0.5147,4.3103,2.986,0.7564,0.5517,4.0498,1.3968,0.7121,0.61,3.7703,1.8721,1,2,2,4,1.973638771,1.976072873,2.121343442,2.399301148,4.840990961,5.324519766,5.325125691,8.10500866,1.4448,0.06
-0.191461256,-0.116609677,3.40757003,92.99,334,-7.335005979,1.24618,14.1212809,0.971,0.2848,5.9522,4.5482,0.9408,0.3702,5.3985,4.1218,0.9497,0.3564,5.3241,3.7538,0.9559,0.2881,5.776,4.5323,0.8972,0.3715,5.0129,4.1029,0.9205,0.3784,5.4662,3.8892,1,1,2,2,1.982253516,1.998327801,2.173168194,2.190175564,4.840239067,4.84032191,5.325439903,5.324998927,1.406,0.02
-0.20836587,-0.082689168,4.44375355,12.63,206.24,-7.089636933,2.35513,14.12127924,0.931,0.462,5.2186,3.0837,0.8197,0.5444,4.3337,1.4947,0.9182,0.5399,5.0516,1.6496,0.8485,0.4695,4.6397,2.9758,0.7378,0.5526,3.9706,1.6142,0.7978,0.5143,4.3098,2.2077,1,2,2,3,1.967594216,2.014987097,2.085215097,2.113102222,4.840803179,5.324508319,5.324646298,5.744789092,1.4448,0.8
-0.207627126,-0.084494306,7.22094334,7.6,148.23,-7.14221259,2.34427,14.12128039,0.9425,0.451,5.347,3.483,0.9535,0.3454,6.0587,4.9675,0.8257,0.5471,4.5099,1.476,0.8703,0.4557,4.8386,3.3765,0.799,0.4686,4.7043,2.6376,0.7858,0.5402,4.329,0.9093,1,2,2,3,1.921485363,2.014350764,2.092038958,2.138318031,4.841193871,5.324518597,5.324727625,5.744907559,1.4448,0.73
-0.218264696,-0.072015822,14.71033163,48.61,174.32,-8.180363876,2.36141,14.12127849,0.7642,0.7608,3.5859,0.9849,0.8205,0.6262,3.9364,0.7243,0.7994,0.2586,3.3472,2.3534,0.6867,0.7647,3.3282,0.978,0.7716,0.6543,3.8149,1.9774,0.7168,0.6252,3.5875,1.6208,1,2,2,4,1.944000257,2.034958722,2.068901641,2.493009827,4.841104387,5.324663295,5.324558341,8.104986519,1.4448,0.56
-0.191484528,-0.075303534,9.5697321,33.6,242.19,-7.976032368,1.96107,14.12127596,0.866,0.512,5.6706,2.9733,0.8944,0.3839,6.4225,4.4384,0.9373,0.382,7.5562,2.2467,0.7556,0.5171,4.404,2.8783,0.7288,0.4792,3.8404,5.0882,0.7764,0.4699,5.1603,1.1722,2,2,3,3,1.97102968,1.976836614,2.042601772,2.04522346,5.324453473,5.324428436,5.744259642,5.744924962,1.4448,0.17
-0.21597712,-0.094839157,15.8383216,27.84,159.36,-7.836624793,1.82999,14.1212846,0.8186,0.6288,4.595,1.743,0.9065,0.4854,5.6801,2.881,0.9224,0.4906,5.982,2.8107,0.6665,0.6182,3.6358,2.0215,0.8304,0.5216,4.6909,3.6801,0.8143,0.5056,5.3265,3.321,1,1,2,2,1.966424674,1.975964575,2.02010569,2.16356858,4.842885768,4.841216063,5.324565647,5.324887338,1.4448,0.66
-0.23489738,-0.104166226,20.31924521,261.57,53.48,-8.399854699,2.18833,14.12127888,0.8852,0.5443,5.2715,3.4168,0.8672,0.6635,4.8102,1.6304,0.8919,0.5717,5.295,2.236,0.7182,0.6038,4.0385,2.3346,0.8294,0.6018,4.8102,2.4609,0.7747,0.6226,4.2918,1.5285,2,1,2,4,1.967807409,2.004895259,2.178445547,2.379865122,5.324467794,4.840866698,5.324964263,8.105006667,1.4448,0.65
-0.215659456,-0.077061477,8.94837842,45.3,77.28,-10.71541827,2.30195,14.12128363,0.8151,0.6388,4.0928,1.1553,0.9567,0.2428,6.6026,5.8291,0.9356,0.3242,4.0624,2.7164,0.7087,0.6582,3.7684,1.0435,0.751,0.6462,3.9515,1.7946,0.8134,0.4549,3.92,1.9487,1,2,1,1,1.922102495,2.0394563,2.040499204,2.111741225,4.844416903,5.324737121,4.841156515,4.840837309,1.406,0.82
-0.213185506,-0.102657022,16.72642817,57.31,74.68,-8.23804745,2.01288,14.12128607,0.9131,0.4625,6.16,4.3779,0.8875,0.258,5.0971,3.9669,0.8649,0.4982,4.692,2.841,0.8571,0.4704,5.7538,4.1666,0.8178,0.5021,4.4164,2.7895,0.8772,0.2599,5.0329,3.9385,1,2,1,2,1.923331225,1.993113394,2.02826872,2.170845688,4.842733747,5.324682726,4.840892295,5.325070197,1.4448,0.09
-0.204173118,-0.07907795,16.39730441,129.18,805.86,-8.749125249,1.97183,14.12128022,0.8103,0.5602,4.1178,1.6899,0.8626,0.4901,4.6215,2.6741,0.5308,0.5288,3.055,1.7333,0.7078,0.5637,3.504,1.6672,0.7708,0.5115,4.0405,2.4336,0.6972,0.6212,3.9651,1.3184,1,1,3,3,1.956418667,1.978283347,2.114830726,2.117989141,4.841034721,4.841693744,5.744997384,5.744848024,1.412,0.03
-0.234075962,-0.102499138,17.44339543,284.39,50.99,-8.392765613,2.18529,14.12127897,0.8834,0.5531,5.1674,3.2114,0.8728,0.65,4.8465,1.7735,0.8564,0.2308,4.5312,3.5401,0.7163,0.6006,4.007,2.3623,0.8313,0.6053,4.7566,2.3675,0.7786,0.6111,4.3475,1.8548,2,1,2,4,1.96844812,2.008023406,2.185807631,2.38090844,5.324477049,4.840960706,5.324983786,8.10500391,1.4448,0.78
-0.238247925,-0.10250809,8.20273225,11.03,228.99,-7.154551359,2.2417,14.12127969,0.8126,0.6351,3.9612,1.2534,0.8789,0.5221,4.3957,2.3848,0.7842,0.3064,3.4366,2.0043,0.7154,0.6407,3.5477,1.204,0.7911,0.5553,3.9675,1.5886,0.7715,0.6632,3.8653,0.6164,1,2,2,4,1.907079967,2.049149092,2.094307045,2.479005849,4.841237465,5.324839037,5.324780752,8.104995577,1.4448,0.37
-0.202140759,-0.059869082,9.73274583,13.18,74.89,-7.930240207,2.61019,14.12128191,0.9397,0.5675,5.1613,2.5613,0.8758,0.5813,4.7875,1.6103,0.8701,0.6576,5.0112,1.976,0.7319,0.5968,4.1104,2.1663,0.8343,0.5989,4.3585,1.9686,0.8529,0.6088,4.7533,1.7926,1,1,2,2,1.96853575,1.985901558,2.1668784,2.209421644,4.840327917,4.84040767,5.325341844,5.32474389,1.4448,0.45
-0.209789922,-0.09309736,5.38144583,5.89,116.19,-7.007907161,1.92719,14.12127592,0.8749,0.6108,5.0072,0.7968,0.8481,0.6642,5.2262,1.459,0.8882,0.6424,5.3285,1.9023,0.764,0.621,4.1922,0.8081,0.7448,0.6578,4.196,0.9045,0.787,0.6992,4.3664,0.877,2,2,3,3,1.983516322,1.985569188,2.016959345,2.026854213,5.32404018,5.323995883,5.745062892,5.745032538,1.4448,0.2
-0.223089871,-0.114318853,11.4761361,10.06,115.42,-6.555690948,1.75474,14.12127606,0.8839,0.5826,5.0834,0.6083,0.8603,0.6635,5.2836,1.219,0.883,0.6498,5.3742,0.9693,0.7896,0.5962,4.3065,0.5503,0.7559,0.6563,4.0934,0.3926,0.7775,0.7367,4.4882,0.4365,2,2,3,3,1.98296949,1.983855842,2.010792132,2.01839243,5.324123213,5.324165896,5.744922691,5.745028219,1.4448,0.033
-0.211799163,-0.096810271,8.42384933,6.97,111.14,-7.100976017,1.89227,14.12127585,0.8754,0.6008,4.9928,0.8125,0.8588,0.6493,5.268,1.5792,0.88,0.6392,5.255,1.8487,0.7696,0.6099,4.2488,0.8018,0.7531,0.6475,4.2378,0.9971,0.7754,0.7236,4.254,0.526,2,2,3,3,1.986501951,1.987868708,2.015524001,2.027042427,5.324036525,5.324104258,5.74503257,5.745027676,1.4448,0.1
-0.226962657,-0.090945976,14.10932851,44.29,175.04,-8.628124752,2.3023,14.1212795,0.8268,0.6077,4.5324,1.6176,0.8748,0.5018,4.7921,2.0793,0.9349,0.1461,5.9502,5.4777,0.7081,0.5959,3.6801,1.4799,0.787,0.5077,4.2133,1.9996,0.7712,0.5452,4.2116,1.1487,1,2,2,2,1.910031675,2.055047688,2.094101239,2.125002353,4.841217011,5.324748759,5.324699381,5.326020176,1.4448,0.6
-0.204272566,-0.084041469,1.72183093,4.15,21.18,-8.169357196,2.32982,14.12128133,0.9203,0.4235,6.0894,4.5149,0.9664,0.276,6.8802,5.7042,0.8671,0.2545,4.5309,2.9936,0.84,0.439,5.5312,4.3186,0.9256,0.305,6.3427,5.34,0.6442,0.7035,3.4427,0.932,1,1,2,2,1.957687156,2.010579518,2.07261019,2.077734584,4.841360102,4.842915176,5.324792877,5.3247864,1.4448,0.47
-0.20941224,-0.081400266,4.04347196,12.54,2.49,-10.24879874,2.28075,14.1212803,0.9367,0.5306,5.1208,3.3514,0.9787,0.3259,6.5025,5.3774,0.7716,0.6891,4.0764,1.0429,0.7738,0.5744,4.1671,2.6339,0.7667,0.601,4.1883,1.9119,0.8739,0.4825,5.3978,3.2573,1,2,2,3,1.92645737,1.998720591,2.093994747,2.191680177,4.841149407,5.324319171,5.324703909,5.744931616,1.4448,0.75
-0.195449327,-0.093787686,12.50926669,1.11,250.74,-6.704814435,1.80311,14.12127529,0.9274,0.4029,5.259,3.1346,0.9539,0.4041,5.6431,3.1686,0.8871,0.5716,5.0781,2.2587,0.897,0.4034,5.0441,3.1259,0.9067,0.4112,5.2448,3.1297,0.7178,0.6195,3.9461,1.841,2,2,3,3,1.998694824,1.998694824,2.004482227,2.004482227,5.324440029,5.324440029,5.745023006,5.745022974,1.4969,0.25
-0.206382355,-0.091386278,1.65363244,28.42,60.28,-9.223425612,1.82598,14.12128576,0.8536,0.5831,4.8803,1.9622,0.934,0.536,6.5426,3.7583,0.9105,0.7199,5.6093,0.7331,0.7177,0.5807,3.8757,2.2243,0.7933,0.6576,4.7446,1.4035,0.8738,0.5965,5.7981,2.7804,1,2,1,1,1.908799099,2.025962734,2.058295654,2.0867894,4.844270233,5.324519473,4.841320067,4.840695091,1.4448,0.2
-0.191755464,-0.057956088,1.55173032,133.8,123.72,-8.295250361,2.27177,14.12128347,0.8227,0.6121,4.0034,1.074,0.8956,0.5656,4.3873,1.355,0.796,0.3718,3.4443,1.1812,0.7478,0.6115,3.6242,1.0294,0.7442,0.5921,3.4877,0.6477,0.7195,0.6788,3.7021,0.6749,1,1,2,2,1.951061762,1.97944765,2.099232955,2.136987131,4.840806734,4.840763595,5.325112402,5.325087089,1.406,0.9
-0.208957401,-0.086330135,3.04582365,27.17,174.28,-9.009033515,2.19825,14.12128054,0.897,0.5006,5.3302,1.9642,0.9671,0.3931,6.2452,2.8883,0.9199,0.5172,5.4031,0.9841,0.7956,0.5107,4.4504,1.9786,0.8241,0.5164,4.6385,0.7141,0.7531,0.5807,4.0377,0.4153,1,2,2,3,1.903752873,2.026822883,2.076176775,2.135488937,4.841163544,5.324310596,5.324783381,5.744968723,1.4448,0.99
-0.203245363,-0.062108655,10.22473423,24.2,93.67,-7.121196055,2.62876,14.1212816,0.9236,0.6015,5.5455,2.0819,0.9292,0.4999,5.8995,3.2389,0.859,0.6217,5.1932,1.9929,0.7401,0.6091,4.3831,1.9737,0.7538,0.6052,4.3781,1.2647,0.792,0.5971,4.7886,2.1492,1,1,2,2,1.977539886,1.994009278,2.161619994,2.250840954,4.840205786,4.840581934,5.324805147,5.32481956,1.4448,0.36
-0.213996934,-0.104757291,14.75785379,52.95,55.92,-8.488119944,1.98368,14.12128611,0.9098,0.4681,6.3509,4.8644,0.8622,0.4796,4.7388,2.7923,0.9533,0.3577,6.6958,5.4134,0.8523,0.4767,5.8972,4.6069,0.8193,0.4857,4.4792,2.7297,0.7023,0.5779,4.2711,1.7631,1,2,1,2,1.923189538,1.989344113,2.027656036,2.176341885,4.842734299,5.324723535,4.840890399,5.325054132,1.4448,0.07
-0.195215063,-0.099439386,12.81778385,24.22,159.52,-6.98701496,1.95899,14.12127932,0.9896,0.1061,6.5577,5.8463,0.9928,0.0912,6.8536,6.0717,0.8385,0.6714,4.344,1.7767,0.9733,0.1292,6.4053,5.6466,0.7542,0.6238,4.0176,1.9756,0.9797,0.1177,6.7501,5.7315,1,2,2,3,1.921749463,2.045679594,2.079037758,2.235892216,4.841236912,5.324689495,5.324632175,5.744626581,1.4448,0.04
-0.18053875,-0.07247965,9.01239081,81.51,218.81,-8.684429111,2.0393,14.12128354,0.9754,0.3397,5.3396,3.9655,0.9507,0.382,4.9775,3.4745,0.9659,0.3176,4.3221,3.6108,0.9463,0.3412,5.1166,3.9428,0.908,0.3849,4.8809,3.4787,0.8546,0.4174,4.8061,3.0363,1,1,1,2,1.991394988,2.013663825,2.079189506,2.14669001,4.840514761,4.840380718,4.841995869,5.325425596,1.4906,0.89
-0.236121179,-0.087860072,7.70217029,46.89,197.68,-7.612772632,2.43699,14.12127973,0.7706,0.7159,3.769,0.662,0.8529,0.5785,4.4305,0.3693,0.7324,0.2925,3.3498,2.0781,0.6804,0.7135,3.415,0.7493,0.7697,0.6412,4.0214,1.3437,0.6953,0.6465,3.469,1.5232,1,2,2,4,1.918026329,2.045474517,2.086229613,2.488007235,4.841189685,5.324702936,5.324630763,8.104996673,1.4448,0.87
-0.213154782,-0.092210442,1.44820173,22.44,55.43,-9.206348351,1.8309,14.12128577,0.8229,0.6565,4.4213,0.577,0.93,0.4522,5.9491,4.3119,0.8864,0.6476,5.0996,2.4682,0.6905,0.65,3.6647,0.6389,0.7656,0.6493,4.3532,1.777,0.8643,0.4763,5.3135,3.8407,1,2,1,1,1.906992659,2.030271903,2.060660331,2.086256696,4.84426291,5.324532186,4.84131754,4.840894191,1.4448,0.26
-0.208714871,-0.083881578,5.95736678,6.94,7.62,-10.62915792,2.22848,14.12128011,0.9489,0.5092,5.2815,3.6235,0.9736,0.3426,6.4109,5.2569,0.8051,0.682,4.1221,1.2335,0.7808,0.5579,4.2511,2.8412,0.7893,0.6075,4.1751,1.9764,0.8304,0.5264,4.8664,2.5432,1,2,2,3,1.926189243,2.00241654,2.096454388,2.204113881,4.841205875,5.324326381,5.324697871,5.744951897,1.4448,0.8
-0.196545813,-0.08619921,8.51520844,0.74,176.37,-7.870613647,2.28881,14.12127958,0.9868,0.1018,5.7922,4.607,0.9978,0.0527,6.5838,5.598,0.8425,0.5175,4.4069,0.5147,0.9852,0.1022,5.7803,4.603,0.9969,0.0536,6.5723,5.59,0.6738,0.6438,3.3824,0.1813,1,2,2,3,1.920407509,2.054182562,2.054182562,2.233068293,4.841152487,5.324755528,5.324755431,5.744682514,1.4448,0.34
-0.201153371,-0.067640927,18.33386783,39.81,42.6,-10.91959862,2.0117,14.1212825,0.8537,0.7138,4.6054,1.1701,0.894,0.4712,6.1641,2.3848,0.9436,0.4445,7.6514,0.8901,0.7087,0.6807,3.2969,1.3834,0.7257,0.6242,3.5021,1.3592,0.758,0.5846,4.723,4.2042,1,1,3,3,1.943181155,1.948720093,2.080460045,2.081448774,4.841135664,4.841136691,5.74490548,5.744615733,1.4305,0.15
-0.200225133,-0.078679833,13.11486823,64.7,93.25,-5.929429156,2.5188,14.121285,0.965,0.3152,6.4513,5.2786,0.93,0.4202,5.5296,3.7938,0.9438,0.3893,5.8724,4.0936,0.9085,0.3397,5.924,4.9772,0.8667,0.4319,5.0351,3.6769,0.8322,0.4642,4.8051,3.1179,1,1,1,2,1.992109686,2.038019382,2.061912947,2.084263179,4.840352184,4.840336217,4.842093558,5.324763465,1.4448,0.02
-0.197023222,-0.099775718,10.61775875,11.91,211.81,-7.315272491,1.97777,14.1212795,0.9864,0.1081,6.3981,5.2031,0.9975,0.0745,6.899,5.662,0.8135,0.696,4.3239,0.4343,0.9823,0.1111,6.3617,5.1758,0.9857,0.0978,6.7852,5.4683,0.728,0.6921,3.7726,0.2886,1,2,2,3,1.921406256,2.050060975,2.058883435,2.234397682,4.841200505,5.324680388,5.324654869,5.744690673,1.4448,0.05
-0.205520312,-0.082445677,4.20697576,11.16,213.72,-6.014528487,2.34084,14.12128011,0.9346,0.4754,5.4911,3.0352,0.8869,0.5252,5.2474,2.9013,0.9011,0.5259,5.8884,2.9647,0.8625,0.4833,4.8768,2.9535,0.7708,0.5415,4.5485,2.4341,0.7799,0.5742,4.1899,1.8939,1,2,2,3,1.951733845,2.012185379,2.079859611,2.090697013,4.840723694,5.324464871,5.32452298,5.744889101,1.4448,0.47
-0.208582078,-0.065050752,12.74508773,5.34,48.42,-6.33282873,2.52423,14.12128591,0.8739,0.6176,3.833,0.5187,0.8756,0.657,3.4882,0.3189,0.8776,0.6919,3.9464,0.5189,0.8093,0.6191,3.634,0.4932,0.7091,0.6884,3.3221,0.2202,0.7849,0.6448,4.0415,1.4971,1,1,1,1,2.00625148,2.00625148,2.069543186,2.069543186,4.840545266,4.840545424,4.841988687,4.841986241,1.4448,0.77
-0.227261653,-0.084086127,7.0755972,25.96,216.54,-8.651296176,2.32437,14.12128021,0.7677,0.6923,3.5855,0.884,0.807,0.2969,3.4783,2.4349,0.986,0.0885,5.1376,4.7267,0.6835,0.6972,3.3282,0.8793,0.7358,0.6978,3.5287,1.1075,0.7565,0.2971,3.3638,2.41,1,2,2,4,1.975492344,2.034609791,2.07951653,2.500459558,4.841017502,5.324737121,5.32473006,8.105000572,1.4448,0.002
-0.214564309,-0.099001461,8.39038339,11.51,113.37,-7.045294693,1.91592,14.12127592,0.8702,0.5912,4.9032,0.989,0.8505,0.6395,5.1016,1.5246,0.8917,0.6266,5.379,2.0136,0.7741,0.6004,4.1703,1.009,0.7447,0.6381,4.1121,1.0386,0.7606,0.7432,4.181,0.4421,2,2,3,3,1.984818632,1.988462723,2.019131001,2.025514009,5.324083403,5.324062157,5.744890988,5.744842425,1.3441,0.27
-0.222685877,-0.104350927,16.44322784,65.99,76.47,-7.939737485,2.1786,14.1212867,0.906,0.4437,5.8088,4.46,0.8597,0.5007,4.5165,2.8799,0.932,0.4195,6.0394,4.4244,0.8376,0.4586,5.3465,4.2538,0.8071,0.507,4.2417,2.821,0.6707,0.637,3.5937,1.5086,1,2,1,2,1.908727325,1.995732447,2.028476522,2.164502021,4.842958379,5.324735124,4.840887396,5.325041962,1.4448,0.06
-0.240982095,-0.097258731,2.23184222,63.95,193.64,-7.935815912,2.39014,14.12127971,0.8087,0.688,3.955,0.7368,0.8247,0.6151,4.2327,1.3897,0.7984,0.6892,3.9914,0.2645,0.6937,0.6943,3.4932,0.766,0.7499,0.7303,3.9125,1.0208,0.748,0.6015,3.8612,1.7308,1,2,2,4,1.91116352,2.056603997,2.090884263,2.48335519,4.841318725,5.324790588,5.324713211,8.10499609,1.4448,0.58
-0.236990333,-0.093035564,24.4593385,76.14,95.57,-7.765541281,2.41866,14.12127663,0.8551,0.5209,4.5407,1.8126,0.9532,0.5782,5.5184,1.2893,0.8871,0.5252,4.8506,1.9948,0.6878,0.5428,3.428,1.515,0.7245,0.5629,3.7573,1.1581,0.6536,0.6623,3.5646,1.2683,2,2,2,2,2.009982587,2.019352619,2.025017531,2.051172835,5.324876529,5.324737851,5.32456852,5.324445144,1.4448,0.82
-0.208489732,-0.096803429,15.7373286,36.72,230.95,-9.487412265,1.66192,14.12127854,0.8068,0.6601,4.8006,2.2242,0.9352,0.4569,6.1086,4.748,0.8985,0.5569,6.0922,3.7021,0.6968,0.6471,3.955,2.4181,0.8594,0.4922,5.2153,4.4271,0.7112,0.61,4.2595,0.3118,2,1,2,4,1.979340547,1.981893539,2.163956793,2.395570287,5.324445241,4.84113132,5.324915139,8.105013891,1.4448,0.03
-0.208644559,-0.098210174,15.18480681,10.7,6.74,-8.397190399,2.07626,14.12128589,0.918,0.4354,6.7111,5.1958,0.8877,0.2271,5.4182,4.2394,0.9571,0.3402,6.3903,4.5945,0.854,0.4451,6.133,4.8481,0.7853,0.5101,4.623,2.6359,0.8676,0.4161,5.5423,3.729,1,2,1,2,1.924149163,1.991097436,2.02636892,2.178057391,4.84269913,5.324696702,4.840886606,5.324992306,1.4448,0.27
-0.221326394,-0.07551307,3.71047599,70.12,305.01,-9.630411632,2.40307,14.12127768,0.7714,0.665,3.595,1.0567,0.8204,0.2808,3.4699,2.4613,0.8851,0.549,4.6071,2.7653,0.6864,0.6676,3.384,1.0646,0.7972,0.5586,3.9514,2.6454,0.5363,0.5517,2.6119,1.4932,1,2,3,3,1.972103446,2.00202023,2.051478004,2.137655258,4.841177286,5.324798476,5.745357785,5.745391935,1.406,0.02
-0.206185853,-0.098690503,9.01741482,43.26,245.1,-7.520060072,2.05075,14.12128322,0.9694,0.3158,5.4237,4.1378,0.9531,0.3754,5.2623,3.6634,0.9658,0.3402,5.8127,4.6313,0.9402,0.3214,5.1798,4.0918,0.9162,0.3771,5.1341,3.6487,0.8866,0.3667,5.2652,4.1951,1,1,2,2,1.967514676,1.982948814,2.146892871,2.156862073,4.840216932,4.840410041,5.325252731,5.325316342,1.4448,0.011
-0.202349457,-0.061460305,10.73888164,20.86,101.74,-7.365040136,2.64212,14.12128248,0.9474,0.5381,5.3229,2.8452,0.8865,0.5883,4.8369,1.8507,0.8839,0.6806,5.1662,1.6245,0.7406,0.5954,4.2331,2.148,0.8258,0.5976,4.3725,1.9421,0.8601,0.5968,4.8916,1.9344,1,1,2,2,1.975726702,1.986762442,2.158305354,2.173625773,4.840266102,4.840404508,5.325270009,5.324812013,1.4448,0.82
-0.190917989,-0.074614878,4.72504412,60.03,247.8,-8.142874812,2.16243,14.12128192,0.9302,0.453,5.3711,4.2304,0.9462,0.439,5.8476,4.3472,0.9769,0.3352,5.5346,4.1177,0.8872,0.4538,5.0737,4.2126,0.828,0.476,4.3529,3.7815,0.7701,0.5517,4.2959,2.5081,1,1,2,2,1.972779004,1.988241686,2.130634647,2.188106259,4.840221834,4.840587071,5.326659312,5.324786741,1.406,1
-0.207266507,-0.078064768,10.42466547,38.94,84.33,-8.932708635,2.54046,14.12128116,0.9596,0.2616,6.0562,5.4175,0.9465,0.3834,6.2787,4.4213,0.97,0.2588,6.1418,5.3171,0.7646,0.4836,4.2124,3.5297,0.7877,0.5442,4.4726,2.9553,0.9527,0.2997,6.485,4.999,1,1,2,2,1.997885382,2.015254078,2.168869291,2.175743091,4.840367755,4.840502828,5.324744036,5.324895371,1.4448,0.07
