HOMO,LUMO,dipolemoment,H_T1_S1,H_T1_S0,f,density_Pt,CT_S1,R_EH _S1a,LAMBDA_S1,R_EH _S1b,CT_S2,R_EH _S2a,LAMBDA_S2,R_EH _S2b,CT_S3,R_EH _S3a,LAMBDA_S3,R_EH _S3b,CT_T1,R_EH _T1a,LAMBDA_T1,R_EH _T1b,CT_T2,R_EH _T2a,LAMBDA_T2,R_EH _T2b,CT_T3,R_EH _T3a,LAMBDA_T3,R_EH _T3b,coor_bond_type (1),coor_bond_type (2),coor_bond_type (3),coor_bond_type (4),coor_bond_length (1),coor_bond_length (2),coor_bond_length (3),coor_bond_length (4),density_coor (1),density_coor (2),density_coor (3),density_coor (4),Calc_lambda,refractive index,lambda
-0.223089871,-0.114318853,11.4761361,10.06,115.42,-6.56,14.12127606,0.8839,0.5826,5.0834,0.6083,0.8603,0.6635,5.2836,1.219,0.883,0.6498,5.3742,0.9693,0.7896,0.5962,4.3065,0.5503,0.7559,0.6563,4.0934,0.3926,0.7775,0.7367,4.4882,0.4365,2,2,3,3,1.98296949,1.983855842,2.010792132,2.01839243,5.324123213,5.324165896,5.744922691,5.745028219,706.6573965,1.4448,661
-0.224581771,-0.122248371,11.85678825,815.7,844.92,-10.4,14.12125811,0.6025,0.6686,2.5466,0.1807,0.51,0.6098,2.1909,0.3318,0.5902,0.5698,2.3884,0.9007,0.5368,0.6645,2.2923,0.1664,0.4699,0.579,2.0335,0.9314,0.491,0.606,2.1496,0.3334,1,4,2,2,2.05797619,2.42963454,2.538896217,2.542935508,4.840696197,8.105012031,5.325865216,5.32582066,2662.143885,1.4448,432
-0.206302415,-0.07969944,9.25411474,147.21,2008.2,-10.2,14.12127964,0.5089,0.5483,1.9909,0.0987,0.503,0.6227,2.0219,0.2739,0.9101,0.4656,6.1448,3.75,0.4907,0.5484,1.939,0.1016,0.5021,0.6207,2.0126,0.2662,0.7315,0.5249,4.7475,2.5662,1,1,2,1,2.073003859,2.081240015,2.61490822,2.893265629,4.839984172,4.840089806,5.325093076,4.84050915,675.4511632,1.4448,508
-0.20239907,-0.058866058,10.58289681,20.54,91.29,-7.78,14.12128248,0.9321,0.6085,5.322,2.2959,0.872,0.6024,4.8327,1.4562,0.8792,0.641,5.135,2.1361,0.7307,0.6137,4.1766,2.0882,0.8334,0.6097,4.5196,1.791,0.8367,0.6185,4.7489,1.7174,1,1,2,2,1.975264539,1.987008304,2.160145828,2.170830947,4.8402646,4.840411306,5.325272491,5.324752363,470.3490445,1.4448,444
-0.235616956,-0.105836881,16.39923495,797.03,119.29,-8.1,14.12128045,0.8427,0.6038,4.6375,2.2363,0.8302,0.6363,4.6262,1.9304,0.8817,0.5517,4.8647,2.6047,0.7394,0.6114,4.1897,2.1397,0.8001,0.6295,4.4016,2.0319,0.7523,0.5782,3.898,2.1381,2,1,2,4,1.921590227,2.018833822,2.195051252,2.366087488,5.324636022,4.840925553,5.325029694,8.105000995,589.6871329,1.4448,564
-0.191461256,-0.116609677,3.40757003,92.99,334,-7.34,14.1212809,0.971,0.2848,5.9522,4.5482,0.9408,0.3702,5.3985,4.1218,0.9497,0.3564,5.3241,3.7538,0.9559,0.2881,5.776,4.5323,0.8972,0.3715,5.0129,4.1029,0.9205,0.3784,5.4662,3.8892,1,1,2,2,1.982253516,1.998327801,2.173168194,2.190175564,4.840239067,4.84032191,5.325439903,5.324998927,995.0408448,1.406,590
-0.201153371,-0.067640927,18.33386783,39.81,42.6,-10.9,14.1212825,0.8537,0.7138,4.6054,1.1701,0.894,0.4712,6.1641,2.3848,0.9436,0.4445,7.6514,0.8901,0.7087,0.6807,3.2969,1.3834,0.7257,0.6242,3.5021,1.3592,0.758,0.5846,4.723,4.2042,1,1,3,3,1.943181155,1.948720093,2.080460045,2.081448774,4.841135664,4.841136691,5.74490548,5.744615733,616.3940945,1.4305,531
-0.198230593,-0.076969331,15.920355,100.59,773.67,-8.24,14.12128029,0.8244,0.5617,4.25,1.6406,0.8793,0.4792,4.8946,2.9359,0.5436,0.5304,3.1439,1.5706,0.7285,0.5628,3.6267,1.6304,0.7995,0.4949,4.422,2.7228,0.6824,0.6197,3.916,1.2709,1,1,3,3,1.953930654,1.979812617,2.114332282,2.118429843,4.841028797,4.841689245,5.744500016,5.74485487,651.383665,1.4072,461
-0.218916355,-0.087913412,1.00148624,42.03,6.62,-12.8,14.12128605,0.9085,0.6261,5.4315,0.6344,0.8353,0.6099,5.0063,1.8429,0.9104,0.651,5.6033,1.3083,0.7112,0.6369,3.8488,0.5574,0.7286,0.6965,4.2892,0.485,0.8147,0.5991,4.6055,2.1658,1,2,1,1,1.902584558,2.033105998,2.089688972,2.095116703,4.84429149,5.324570371,4.840896798,4.840905803,578.7766342,1.4448,611
-0.204344547,-0.092466998,9.51301,54.08,463.64,-6.43,14.12128183,0.9538,0.3274,5.2451,3.9316,0.9213,0.4327,5.0106,3.2253,0.8906,0.3149,5.236,1.0447,0.9217,0.3359,5.0015,3.8111,0.853,0.4321,4.7259,3.199,0.8572,0.3588,4.8944,1.0944,1,1,2,2,1.971336095,1.992324522,2.171083831,2.171572241,4.840183018,4.84043146,5.325175632,5.325316975,581.7799652,1.4448,496
-0.23060676,-0.10677337,15.33259915,27.57,345.21,-7.36,14.12127995,0.8541,0.5234,4.4608,3.0537,0.8483,0.4859,4.0555,2.5567,0.8224,0.6506,4.1408,1.4911,0.8057,0.5307,4.183,3.0097,0.7217,0.537,3.5064,2.3259,0.7297,0.6131,3.6743,1.7332,1,2,2,4,1.973755811,1.977385142,2.118224964,2.399688521,4.840999887,5.324573196,5.325115274,8.105009195,583.8893624,1.4448,565
-0.187137926,-0.071722587,7.32099543,404.83,327.96,-7.44,14.12128278,0.966,0.3238,5.2977,4.4298,0.9589,0.3376,4.8796,3.8351,0.9561,0.3135,4.009,3.4412,0.9297,0.3254,5.1419,4.4053,0.9336,0.3409,4.6419,3.8097,0.9273,0.3196,3.8744,3.2423,1,1,2,2,1.958050306,1.996103705,2.095923901,2.151682597,4.840509703,4.840396605,5.325383453,5.325431873,572.4626976,1.4906,430
-0.230846407,-0.116533334,13.10507658,19.82,7.44,-9.85,14.12128064,0.8338,0.5889,6.3302,4.0985,0.7987,0.2742,5.4461,4.5933,0.919,0.341,5.934,4.3204,0.7495,0.5853,5.0164,4.5387,0.7733,0.2778,5.2948,4.3975,0.7288,0.5867,4.5786,0.2107,1,1,2,2,1.962949057,2.029414448,2.087891281,2.088060104,4.84132441,4.843377704,5.324699673,5.324702936,669.1453826,1.4448,480
-0.241793879,-0.083582567,11.86465832,324.21,0.96,-7.04,14.12127944,0.8513,0.543,4.1187,1.278,0.7809,0.649,4.0898,0.2501,0.7703,0.6848,3.8406,0.3319,0.6704,0.761,3.4825,0.7824,0.7274,0.5784,3.5486,0.7942,0.7398,0.6748,3.8974,0.2699,1,2,2,4,1.928,2.061728644,2.062715201,2.487,4.841186131,5.324531358,5.324530579,8.104996525,461.1019593,1.4448,465
-0.191445879,-0.093308673,6.15291827,90.61,300.43,-7.85,14.12128287,0.9238,0.4407,5.6942,4.6732,0.9415,0.4397,6.2252,4.7573,0.8904,0.3333,4.6403,3.3588,0.8056,0.5374,4.4166,3.5621,0.8414,0.5533,5.0785,3.5175,0.8799,0.5224,5.4595,4.0354,1,1,2,2,1.973726931,1.999222599,2.106271113,2.192763097,4.840762252,4.840325625,5.325058465,5.324961975,784.9591695,1.406,632
-0.205199212,-0.054960206,4.21601581,453.31,610.61,-5.97,14.12128099,0.9189,0.3547,4.4526,3.7253,0.9029,0.2603,3.0738,2.3491,0.7497,0.5111,4.0342,1.7649,0.5708,0.4591,2.7275,2.9386,0.86,0.3999,4.2333,3.2719,0.6846,0.5137,3.5509,2.7042,1,1,3,3,1.978185279,2.008435461,2.078629597,2.120275925,4.84169706,4.840839679,5.745286509,5.745387618,486.9103574,1.4906,454
-0.18057512,-0.08170097,7.76066887,124.83,449.3,-6.94,14.12128108,0.9591,0.3267,5.1931,3.9635,0.9305,0.4079,4.912,3.3375,0.9347,0.3285,4.2979,3.5076,0.9349,0.3297,5.0067,3.9419,0.8712,0.4095,4.6743,3.3269,0.8857,0.3267,3.9588,3.1726,1,1,2,2,1.970854383,1.992658024,2.167834173,2.170732826,4.840248474,4.840522348,5.325350604,5.325508222,699.6834497,1.4906,449
-0.208644559,-0.098210174,15.18480681,10.7,6.74,-8.4,14.12128589,0.918,0.4354,6.7111,5.1958,0.8877,0.2271,5.4182,4.2394,0.9571,0.3402,6.3903,4.5945,0.854,0.4451,6.133,4.8481,0.7853,0.5101,4.623,2.6359,0.8676,0.4161,5.5423,3.729,1,2,1,2,1.924149163,1.991097436,2.02636892,2.178057391,4.84269913,5.324696702,4.840886606,5.324992306,597.2277075,1.4448,573
-0.221326394,-0.07551307,3.71047599,70.12,305.01,-9.63,14.12127768,0.7714,0.665,3.595,1.0567,0.8204,0.2808,3.4699,2.4613,0.8851,0.549,4.6071,2.7653,0.6864,0.6676,3.384,1.0646,0.7972,0.5586,3.9514,2.6454,0.5363,0.5517,2.6119,1.4932,1,2,3,3,1.972103446,2.00202023,2.051478004,2.137655258,4.841177286,5.324798476,5.745357785,5.745391935,516.0066082,1.406,466
-0.198456131,-0.06768528,8.02505412,171.19,191.76,-8.3,14.12128479,0.8415,0.6383,4.2116,1.1788,0.867,0.3309,3.7605,1.7636,0.858,0.5194,4.3745,1.9702,0.7172,0.6252,3.6825,1.2968,0.7955,0.5458,4.0893,2.0393,0.813,0.3603,3.6863,1.6866,1,1,2,2,1.99529672,2.023609152,2.066520989,2.098211143,4.841194819,4.841039777,5.32461099,5.324580647,578.6037917,1.406,512
-0.201997675,-0.094835775,13.06221445,4.66,228.78,-6.76,14.12127485,0.9635,0.4066,5.0023,3.075,0.9658,0.4061,5.4121,3.1328,0.9001,0.557,4.9123,2.2838,0.9311,0.4084,4.7703,3.0552,0.9258,0.417,4.9558,3.0738,0.7476,0.6228,3.9136,1.746,2,2,3,3,2.000617155,2.000617155,2.007933764,2.007933764,5.324519912,5.324520155,5.745057231,5.745057167,651.6643718,1.4969,593
-0.207465891,-0.090142499,11.50353094,158.01,817.73,-8.81,14.12127888,0.8172,0.5418,4.3235,1.9022,0.8349,0.4949,4.4535,2.4806,0.5057,0.5273,2.8966,2.0622,0.7141,0.5457,3.5645,1.8755,0.7882,0.5037,4.2506,2.3872,0.6186,0.6125,3.6255,1.3904,1,1,3,3,1.959596387,1.971804503,2.118043673,2.118064683,4.841166782,4.841971879,5.745338951,5.745195974,699.2809812,1.4305,434
-0.226120447,-0.10229907,18.69684113,512.74,59.42,-8.96,14.12127976,0.8505,0.5244,5.5121,2.5173,0.8498,0.6237,5.9675,0.9787,0.8065,0.2799,5.1208,4.6185,0.7551,0.6672,5.076,1.7153,0.8096,0.4876,5.0498,3.5687,0.7318,0.6032,4.3791,0.5179,2,1,2,4,1.942199526,2.014611873,2.183042602,2.375745357,5.324510316,4.840923183,5.324965529,8.105001083,595.7585832,1.4448,558
-0.213517095,-0.081379927,6.53464234,0.13,0.21,-9.13,14.12128141,0.8817,0.5209,5.2036,2.5953,0.9236,0.3407,5.6815,4.0746,0.8106,0.5856,4.1912,1.2162,0.7807,0.5428,4.6316,2.315,0.8333,0.3799,4.7887,3.5589,0.648,0.7374,3.5107,0.333,1,1,2,2,1.949000257,2.013000248,2.077396688,2.07757551,4.841278451,4.843082697,5.324778366,5.324777051,501.9999028,1.4448,496
-0.204905691,-0.081364766,8.9819285,79.81,232.73,-6.73,14.12128341,0.9085,0.4533,5.1489,3.6927,0.9365,0.3546,6.0104,4.5555,0.9836,0.2528,6.5263,5.405,0.8301,0.4711,4.5706,3.4557,0.7399,0.579,4.0713,2.2229,0.8521,0.4089,5.2655,3.7717,1,1,2,2,1.966460272,2.012613723,2.130911777,2.197547042,4.840784375,4.84031361,5.324998635,5.324692563,542.083612,1.4448,546
-0.187291033,-0.053380132,7.00901717,203.12,105.87,-8.4,14.12128301,0.92,0.371,5.11,3.8349,0.8815,0.6237,4.9145,1.5454,0.9252,0.3966,5.1888,3.6407,0.7217,0.6132,3.5097,1.6589,0.895,0.4003,5.1319,3.5223,0.7536,0.5555,4.1065,2.148,1,1,2,2,1.943488101,1.989586892,2.128606352,2.137708352,4.840860457,4.84071682,5.325742438,5.325517321,505.9902719,1.406,486
-0.214832467,-0.079338609,7.64147035,243.48,101.79,-8.53,14.12128002,0.7659,0.659,3.8518,0.5266,0.8451,0.5808,4.3403,2.3227,0.7022,0.5968,3.2589,1.0492,0.6132,0.6603,3.0255,0.5072,0.6549,0.605,3.316,1.9727,0.7109,0.6325,3.2257,1.1113,2,2,2,2,1.944343077,1.995296469,2.064362613,2.064787156,5.324261391,5.324199272,5.324483332,5.324464628,612.4575848,1.3441,566
-0.209063996,-0.079578246,14.26000332,115.63,493.02,-7.02,14.12128133,0.9607,0.3308,5.5715,4.0736,0.9313,0.3939,5.2489,3.6081,0.9746,0.3435,5.9928,4.4697,0.9173,0.3388,5.2445,3.9911,0.8584,0.4037,4.7783,3.4954,0.7359,0.6458,4.5724,1.271,1,1,2,2,1.987210608,2.002616538,2.155835569,2.191700253,4.840216379,4.840255747,5.32535367,5.324870881,472.1129721,1.406,478
-0.177244382,-0.090823331,4.97993264,89.25,304.07,-7.2,14.12120444,0.9679,0.2983,6.1086,5.0137,0.9417,0.5074,5.9553,3.5302,0.9459,0.4551,5.3718,2.9845,0.8686,0.3456,4.9879,4.664,0.8624,0.4579,5.5776,3.9379,0.879,0.4544,4.9003,2.8983,1,2,2,3,1.970957382,2.033074765,2.034465532,2.083368906,4.841770784,5.325189456,5.324931546,5.745435292,787.0017771,1.4448,556
-0.218127302,-0.056633495,5.3753601,232.11,577.3,-7.41,14.12128072,0.8245,0.553,4.0609,1.7717,0.7155,0.5658,3.8053,1.8032,0.8226,0.341,3.0554,1.5387,0.5294,0.5672,2.5755,1.5861,0.6673,0.5646,3.5298,1.3083,0.8121,0.5498,3.8904,1.2993,1,1,3,3,1.977935793,2.011669207,2.075188907,2.120705071,4.841719951,4.840834465,5.745152383,5.745369648,477.0019657,1.4906,461
-0.237901694,-0.104586692,19.95495592,296.01,33.92,-8.98,14.12127832,0.8854,0.5499,5.2312,3.146,0.8645,0.6553,4.8288,1.7275,0.8915,0.6118,5.3146,1.9821,0.7113,0.6124,3.9537,2.1703,0.822,0.6085,4.7407,2.2495,0.7806,0.6145,4.3929,1.7488,2,1,2,4,1.966891456,2.022372122,2.16889488,2.3797565,5.32449059,4.840639542,5.324927749,8.10500841,564.1132958,1.4448,528
-0.215080207,-0.095046853,11.08598511,40.14,214.95,-8.23,14.12128474,0.8316,0.6053,4.2029,2.0003,0.9202,0.4001,6.0021,4.5278,0.8654,0.4991,4.474,2.5274,0.6776,0.6154,3.4729,1.8871,0.8169,0.6673,4.167,1.6584,0.8819,0.4094,5.6685,4.3444,1,1,2,2,1.969709623,1.978067997,2.019729932,2.173254242,4.841236991,4.842612225,5.324662661,5.325012022,680.4849004,1.4448,616
-0.208582078,-0.065050752,12.74508773,5.34,48.42,-6.33,14.12128591,0.8739,0.6176,3.833,0.5187,0.8756,0.657,3.4882,0.3189,0.8776,0.6919,3.9464,0.5189,0.8093,0.6191,3.634,0.4932,0.7091,0.6884,3.3221,0.2202,0.7849,0.6448,4.0415,1.4971,1,1,1,1,2.00625148,2.00625148,2.069543186,2.069543186,4.840545266,4.840545424,4.841988687,4.841986241,491.2389125,1.4448,471
-0.18053875,-0.07247965,9.01239081,81.51,218.81,-8.68,14.12128354,0.9754,0.3397,5.3396,3.9655,0.9507,0.382,4.9775,3.4745,0.9659,0.3176,4.3221,3.6108,0.9463,0.3412,5.1166,3.9428,0.908,0.3849,4.8809,3.4787,0.8546,0.4174,4.8061,3.0363,1,1,1,2,1.991394988,2.013663825,2.079189506,2.14669001,4.840514761,4.840380718,4.841995869,5.325425596,608.0517825,1.4906,452
-0.204614474,-0.065691001,1.48586623,11.02,295.85,-10.2,14.12127756,0.7755,0.6571,3.6381,1.0934,0.8228,0.2852,3.5017,2.4286,0.8772,0.5616,4.5038,2.3213,0.6969,0.6635,3.4574,1.0592,0.7851,0.5708,3.8679,2.5441,0.5561,0.5438,2.733,1.3775,1,2,3,3,1.970190346,2.009156291,2.057140005,2.145575214,4.841203822,5.324799499,5.745206304,5.745407858,549.0588511,1.406,485
-0.213426164,-0.098999306,6.40284075,0.03,1.99,-6.68,14.12127602,0.887,0.5674,4.8463,0.9645,0.862,0.6589,5.0939,0.5854,0.869,0.6367,4.8981,1.5899,0.7906,0.5759,4.1928,1.0006,0.7217,0.6538,3.8036,0.9549,0.7718,0.7368,4.2483,0.5567,2,2,3,3,1.984744064,1.984744064,2.008828763,2.008828763,5.324079456,5.324079651,5.745103737,5.745102457,650.9801451,1.5011,628
-0.206756727,-0.083662277,8.32372646,7.52,181.08,-7.04,14.12128004,0.9415,0.4617,5.3678,3.402,0.9317,0.3893,5.7849,4.4581,0.8463,0.5406,4.8183,1.872,0.8689,0.4662,4.8528,3.2635,0.7519,0.5676,4.0743,1.5766,0.829,0.4528,4.7924,3.4314,1,2,2,3,1.918945023,2.016047122,2.098243551,2.124310241,4.841177207,5.324518499,5.324686914,5.744894251,531.7232981,1.4448,522
-0.195904967,-0.098051642,13.42428455,7.85,342.26,-7.94,14.12127511,0.9317,0.421,5.2926,3.1553,0.9522,0.4122,5.6493,3.2234,0.8858,0.549,5.1611,2.1992,0.8967,0.4244,5.0422,3.1272,0.9057,0.4182,5.2484,3.1832,0.7029,0.581,3.8037,2.0515,2,2,3,3,1.995667808,1.996406021,2.009180181,2.009547461,5.324451233,5.324428436,5.745047059,5.745033529,734.1361467,1.4969,646
-0.209032679,-0.087001257,1.20156092,97.66,131.62,-8.08,14.12127984,0.8551,0.7065,4.2763,0.1787,0.8594,0.6736,4.3711,1.5327,0.9058,0.6647,4.745,1.8282,0.7006,0.7068,3.5165,0.2455,0.702,0.6923,3.5462,0.4063,0.7705,0.6601,3.8982,0.8409,1,2,2,1,2.050409959,2.058645428,2.079550432,2.09043273,4.841348731,5.324683505,5.324657207,4.841173969,665.9613205,1.4072,582
-0.199600282,-0.078472826,11.25281912,134.62,52.48,-7.44,14.12128441,0.9756,0.2842,6.4786,5.4762,0.929,0.393,5.4835,3.8606,0.8858,0.5969,4.7654,1.4829,0.903,0.3214,5.8723,5.0985,0.8737,0.4043,4.9956,3.786,0.7352,0.5787,4.1458,2.2963,1,1,2,1,1.995519231,2.034563835,2.081284699,2.083158659,4.840359376,4.84035329,5.324789371,4.841743315,499.4401437,1.4448,539
-0.206335032,-0.093927345,7.54907374,25.28,112.47,-7.48,14.12127552,0.8799,0.5999,5.0247,1.1691,0.8711,0.627,5.3127,1.7561,0.8915,0.613,5.4041,2.3981,0.7779,0.6058,4.2015,1.1864,0.7549,0.6269,4.2048,1.2135,0.764,0.739,4.2861,0.5937,2,2,3,3,1.976211021,1.987684834,2.026845332,2.034475854,5.324042373,5.324036964,5.744381884,5.744742124,676.6269057,1.4448,642
-0.222685877,-0.104350927,16.44322784,65.99,76.47,-7.94,14.1212867,0.906,0.4437,5.8088,4.46,0.8597,0.5007,4.5165,2.8799,0.932,0.4195,6.0394,4.4244,0.8376,0.4586,5.3465,4.2538,0.8071,0.507,4.2417,2.821,0.6707,0.637,3.5937,1.5086,1,2,1,2,1.908727325,1.995732447,2.028476522,2.164502021,4.842958379,5.324735124,4.840887396,5.325041962,569.1728633,1.4448,560
-0.184671948,-0.071083087,9.19418574,330.81,260.93,-7.33,14.12128417,0.9684,0.3328,5.3402,4.4525,0.9668,0.2978,4.8725,3.6339,0.9663,0.3115,4.2206,3.8102,0.9355,0.3348,5.1716,4.4586,0.938,0.3016,4.554,3.5875,0.9314,0.3204,3.8908,3.4173,1,1,1,2,1.967344911,2.034728729,2.077041646,2.1020245,4.840516895,4.840481094,4.841985768,5.325390266,583.7162009,1.4906,442
-0.210762054,-0.103125191,15.28096497,6.13,325.01,-7.12,14.12127602,0.9248,0.4229,5.23,3.1819,0.9484,0.4197,5.5907,3.1893,0.8819,0.4745,5.1897,3.6714,0.8908,0.4262,4.9908,3.1358,0.8882,0.4283,5.1425,3.0584,0.6988,0.5955,3.8795,1.6632,2,2,3,3,1.987711498,1.989620567,2.003231889,2.004037175,5.324343577,5.324378701,5.744734221,5.744590101,641.6724883,1.4448,606
-0.207623141,-0.084486422,7.21915792,7.61,148.37,-7.14,14.12128039,0.9425,0.4509,5.3469,3.4837,0.9533,0.3457,6.0571,4.9651,0.8257,0.5471,4.5108,1.4783,0.8703,0.4557,4.8384,3.377,0.7985,0.4694,4.6999,2.6223,0.7862,0.5397,4.3314,0.9166,1,2,2,3,1.921485363,2.014350764,2.092038958,2.138318031,4.841193871,5.324518694,5.324727771,5.744907527,528.9335165,1.4448,503
-0.213996934,-0.104757291,14.75785379,52.95,55.92,-8.49,14.12128611,0.9098,0.4681,6.3509,4.8644,0.8622,0.4796,4.7388,2.7923,0.9533,0.3577,6.6958,5.4134,0.8523,0.4767,5.8972,4.6069,0.8193,0.4857,4.4792,2.7297,0.7023,0.5779,4.2711,1.7631,1,2,1,2,1.923189538,1.989344113,2.027656036,2.176341885,4.842734299,5.324723535,4.840890399,5.325054132,625.1008227,1.4448,597
-0.205794124,-0.080565462,7.14438282,7.01,3.54,-11.2,14.12127918,0.9266,0.5457,5.0081,2.7093,0.8436,0.6467,4.5022,1.1615,0.8689,0.5736,4.8783,1.2997,0.7603,0.5785,4.1831,2.0241,0.8116,0.6105,4.1824,1.6286,0.7533,0.5911,3.9013,1.103,1,2,2,3,1.962308844,2.008770022,2.063531439,2.191477356,4.8405896,5.324356779,5.324285409,5.744672403,559.4935681,1.4448,511
-0.201427195,-0.099564414,14.04235397,8.96,355.61,-7.69,14.12127515,0.9222,0.4293,5.1123,3.1303,0.9454,0.4202,5.4723,3.221,0.7692,0.3207,3.7621,2.7657,0.8854,0.4327,4.8692,3.1007,0.8911,0.427,5.0396,3.1742,0.6938,0.5839,3.751,1.9593,2,2,3,3,1.995022306,1.995992485,2.008949477,2.009533279,5.324467404,5.324441637,5.745058318,5.745046004,700.9728825,1.4969,624
-0.227318252,-0.105530565,18.22254779,652.67,27.79,-8.65,14.12128001,0.8527,0.4984,5.0862,3.013,0.8558,0.6265,5.9814,2.0701,0.8084,0.3074,4.6749,4.0979,0.7632,0.6321,5.058,2.2331,0.815,0.4937,4.7947,3.2237,0.7712,0.5633,4.4643,1.0233,2,1,2,4,1.935924844,2.016905798,2.184717373,2.371270967,5.324548454,4.840929819,5.325015576,8.105000439,608.2426692,1.4448,568
-0.202432349,-0.079056412,16.38669078,91.39,752.96,-7.9,14.12128032,0.8229,0.5694,4.1631,1.6076,0.8773,0.4868,4.8401,3.0173,0.6415,0.4918,3.7661,1.0353,0.7379,0.5707,3.5961,1.5893,0.7821,0.5083,4.2655,2.7403,0.6944,0.5918,3.7281,0.6057,1,1,3,3,1.953815242,1.979150323,2.113604977,2.118162647,4.841044674,4.841637224,5.745013761,5.744842041,631.0239891,1.4072,443
-0.211399724,-0.093982046,15.24187177,64.44,326.75,-6.96,14.12127991,0.8581,0.4514,5.2332,3.8227,0.9411,0.4152,6.2504,5.1783,0.8893,0.5424,5.9762,3.3479,0.7771,0.4542,4.5133,3.9231,0.8615,0.467,5.2558,4.3332,0.7277,0.6311,4.2584,1.3233,1,2,2,4,1.956136243,1.966381703,2.168675863,2.408163408,4.840792275,5.324545239,5.324991722,8.105007024,602.5033041,1.4448,585
-0.239796916,-0.093639535,24.67583557,71.13,98.81,-7.77,14.1212766,0.8321,0.6519,4.1896,0.6923,0.915,0.4306,5.0227,2.2976,0.9352,0.5095,5.1128,1.4321,0.6871,0.6371,3.4216,0.9533,0.7173,0.4933,3.6628,1.4597,0.6339,0.6625,3.296,1.5528,2,2,2,2,2.010891345,2.019924751,2.024545875,2.05042776,5.324881982,5.324742331,5.324584446,5.324446264,511.7474939,1.4448,460
-0.196846785,-0.081335792,12.13977036,148.62,180.35,-7.36,14.12128192,0.9847,0.2253,6.8487,5.8922,0.9339,0.3906,5.5344,3.9888,0.956,0.4055,5.8093,4.1491,0.9544,0.2443,6.5737,5.6889,0.8852,0.3899,5.0413,4.0145,0.8242,0.4953,4.9403,2.8315,1,1,2,2,2.001067965,2.00439567,2.100101426,2.183435367,4.840311081,4.840247446,5.324744425,5.324861386,506.3932143,1.4448,532
-0.205258038,-0.07903056,11.35434347,128.27,77.57,-8.62,14.12128398,0.9526,0.3754,5.8805,4.6342,0.9381,0.3982,4.9047,2.9449,0.9727,0.3185,5.9388,5.1423,0.8695,0.397,5.1853,4.3685,0.7867,0.4627,4.0812,2.7629,0.8208,0.508,4.4881,2.6531,1,1,2,1,1.975629014,2.06101213,2.076812461,2.095086872,4.84041423,4.840371865,5.324857247,4.841724135,500.7612378,1.4448,517
-0.219111071,-0.103816097,13.24988498,100.74,169.09,-8.16,14.12128126,0.8625,0.6523,4.525,1.8858,0.9056,0.6968,5.509,2.2683,0.9138,0.566,5.4073,3.1187,0.7475,0.6612,3.7375,1.9429,0.854,0.6689,4.7835,2.1172,0.7916,0.5794,4.6069,2.0477,1,2,2,2,1.953711596,2.016730522,2.044784585,2.104661968,4.840654871,5.324680972,5.324076532,5.32506786,723.8424358,1.4448,606
-0.215555209,-0.093328365,16.41261664,72.25,193.78,-8.52,14.1212795,0.8197,0.633,5.3027,2.722,0.9258,0.4908,6.4873,5.1571,0.9031,0.5286,6.6423,3.4942,0.7436,0.6145,4.5532,3.0077,0.8296,0.521,5.5344,4.5028,0.732,0.5986,4.3859,0.6032,2,1,2,4,1.963586769,1.987529874,2.178510041,2.396812258,5.324465261,4.840961022,5.324972394,8.105005314,607.2448225,1.4448,568
-0.198932893,-0.058624686,16.81433509,17.69,722.41,-7.3,14.12127918,0.8071,0.551,4.3037,1.5783,0.8756,0.5575,4.4317,1.5948,0.8549,0.6157,5.1547,1.2222,0.7394,0.5579,3.877,1.5176,0.7694,0.5902,3.5798,1.3974,0.6979,0.6181,4.1831,1.1295,1,1,3,3,1.967806139,1.967806139,2.125531698,2.125531698,4.841194345,4.84119474,5.74486805,5.744868082,501.360547,1.412,460
-0.196663603,-0.082652646,4.96662555,150.68,145.73,-9.89,14.12128012,0.9211,0.4374,5.4749,4.3374,0.9291,0.4466,5.8535,4.1378,0.8632,0.2082,3.7931,2.8095,0.6739,0.6816,3.3983,1.8869,0.8465,0.4753,4.9151,4.0341,0.8774,0.4583,5.2175,4.1119,1,1,2,2,1.990121604,1.994851624,2.1975996,2.344007253,4.84078153,4.840169262,5.324861727,5.325411824,636.6222058,1.406,542
-0.216042405,-0.078533081,11.6310335,68.33,14.11,-10.7,14.12128053,0.9113,0.6462,4.6033,1.5768,0.8157,0.6569,4.4387,2.0157,0.9226,0.5517,5.8112,3.4267,0.7113,0.6614,3.6627,1.2587,0.8242,0.667,4.1414,1.2743,0.7759,0.5723,4.3682,2.049,1,2,2,2,1.962374072,2.025964708,2.052058722,2.101434034,4.840621288,5.324137587,5.324342067,5.325217054,530.0889609,1.4448,484
-0.192785228,-0.057872679,1.69769302,127.1,106.52,-8.29,14.12128301,0.8226,0.6125,4.0038,0.993,0.8944,0.5668,4.3664,1.2063,0.7947,0.3078,3.4461,1.1591,0.7482,0.6122,3.6256,0.9519,0.74,0.5971,3.4498,0.6077,0.7184,0.6851,3.6948,0.6588,1,1,2,2,1.95376278,1.978912328,2.108718094,2.139895558,4.840803811,4.840750953,5.325103007,5.325094099,538.7931034,1.406,477
-0.196006667,-0.07220679,5.29316386,144.03,197.69,-9.24,14.12128027,0.9009,0.4837,5.0964,3.708,0.9759,0.3492,5.5031,4.0464,0.9195,0.4122,5.5645,4.1276,0.7195,0.6457,3.5768,1.5841,0.7903,0.5859,4.4166,2.5203,0.8551,0.4265,4.7759,3.1442,1,1,2,2,1.989342856,1.99406018,2.191350725,2.282200035,4.840787535,4.84016689,5.324836262,5.325307776,575.7720686,1.406,498
-0.210260253,-0.063436734,12.80502413,42.5,245.53,-6.52,14.1212849,0.8357,0.5155,4.0995,2.5043,0.9392,0.5321,5.0391,2.2944,0.8893,0.5302,4.518,2.283,0.7083,0.5219,3.4296,2.4532,0.7979,0.5261,4.1901,2.7485,0.7711,0.5464,3.8427,1.8834,1,1,1,2,1.949433251,2.045835282,2.052791758,2.16900461,4.840446635,4.840457305,4.841925081,5.324953066,471.5868899,1.4448,442
-0.231390442,-0.089423879,9.68181763,47.47,193.97,-7.78,14.12127971,0.7938,0.688,3.7972,0.8683,0.8472,0.5629,4.2543,1.95,0.8101,0.6981,3.9806,0.4285,0.6927,0.6931,3.4213,0.9138,0.7562,0.7168,3.7904,1.0161,0.7695,0.5677,3.8988,1.9425,1,2,2,4,1.912066944,2.053768487,2.092800038,2.493001805,4.841230199,5.324776856,5.324718567,8.104993299,532.6597765,1.4448,491
-0.229037602,-0.121464345,18.13204034,20.35,201.21,-7.65,14.12127918,0.8829,0.6451,4.836,2.3278,0.8929,0.5414,4.6413,2.1094,0.8805,0.4298,4.3634,2.839,0.7721,0.6396,3.9643,2.2516,0.8396,0.5885,4.4711,1.956,0.848,0.613,4.6668,1.8049,2,1,2,4,1.978089988,2.005495949,2.12129418,2.390035355,5.324483771,4.840962049,5.325187168,8.105007751,797.6071785,1.4448,621
-0.209363375,-0.093290266,2.82493518,22.8,61.69,-9.02,14.1212855,0.8258,0.6064,4.1341,0.3208,0.9003,0.6478,4.7488,1.3105,0.8891,0.3647,5.2225,4.4614,0.7308,0.6124,3.7192,0.3406,0.6593,0.725,3.4141,0.5371,0.8553,0.6937,4.5101,0.7584,1,2,1,1,1.912013075,2.0300633,2.047478693,2.081238574,4.844262517,5.324504813,4.841267948,4.841111653,690.5154364,1.4448,619
-0.200468192,-0.101402789,14.16506012,7.71,274.71,-7.09,14.12127574,0.9396,0.4038,5.5154,3.7011,0.9545,0.3982,5.7245,3.4635,0.9194,0.3889,6.0958,4.9636,0.9079,0.4073,5.257,3.6501,0.9119,0.4016,5.3719,3.3864,0.7202,0.5187,4.0195,2.479,2,2,3,3,1.985596888,1.989128704,2.008672696,2.012349373,5.324339242,5.324391074,5.745058286,5.744939165,703.9574901,1.4448,655
-0.189041081,-0.072614679,5.49979891,76.83,278.57,-8.2,14.12128214,0.9262,0.4596,5.2585,4.1287,0.9517,0.4187,6.0343,4.5999,0.9022,0.2877,3.823,1.9354,0.8844,0.4601,4.9772,4.1177,0.8443,0.4559,4.5627,4.0616,0.7666,0.5496,4.2963,2.4601,1,1,2,2,1.976630213,1.982397538,2.098048855,2.194202133,4.840252269,4.840554828,5.326615666,5.324892742,576.7763782,1.406,476
-0.227738952,-0.115363519,16.42762719,159.53,283.26,-7.2,14.12127859,0.8791,0.58,4.6752,2.6621,0.8747,0.4878,4.18,2.3044,0.8926,0.4846,4.5875,2.0504,0.8111,0.5788,4.2232,2.5801,0.8175,0.4885,4.2525,2.0297,0.8028,0.5098,4.1557,2.1937,2,1,2,4,1.989017094,2.002044455,2.132227474,2.386174763,5.324518548,4.84097374,5.325089328,8.105016142,703.7337616,1.4448,624
-0.207990269,-0.090797928,28.06062948,5.7,17.94,-12.6,14.12127717,0.9898,0.164,5.8335,4.1854,0.9586,0.3218,5.3351,3.4421,0.9697,0.3305,5.4763,3.3105,0.9751,0.1741,5.7158,4.0949,0.8963,0.336,5.01,3.253,0.7091,0.5938,3.5409,0.7304,2,2,2,2,2.011238424,2.02512691,2.03091925,2.051585728,5.324701231,5.324695046,5.324563455,5.324450356,500.1109117,1.4448,520
-0.237748752,-0.089882084,7.34853431,31.32,196.94,-7.75,14.12127974,0.7701,0.7101,3.722,0.6134,0.8635,0.5694,4.4413,0.6334,0.8106,0.6122,3.9757,0.65,0.6787,0.7078,3.3818,0.6731,0.7678,0.6303,3.9824,0.9474,0.7074,0.6562,3.4893,1.4394,1,2,2,4,1.917031559,2.047077185,2.087689872,2.48516921,4.841192607,5.324766582,5.324689495,8.104997307,509.8118219,1.4448,470
-0.22361292,-0.076725772,9.40255289,139.21,195.67,-6.93,14.12127969,0.8531,0.5769,4.833,1.4555,0.8346,0.6377,4.2511,0.7927,0.8503,0.5941,4.9394,1.607,0.6969,0.6037,3.5712,1.2337,0.7615,0.6103,4.0947,1.0176,0.7381,0.6023,3.9873,1.3241,1,2,2,4,1.922114981,2.045819151,2.078339963,2.496016426,4.841163939,5.32447174,5.324394971,8.104994529,476.3020523,1.4448,453
-0.199728703,-0.082078244,14.73909358,77.9,123.88,-6.68,14.12128619,0.9427,0.4397,5.3141,3.8374,0.9335,0.5634,5.4951,3.4151,0.8886,0.4299,5.8013,4.254,0.864,0.4509,4.83,3.5763,0.7534,0.5486,4.1532,2.4357,0.8259,0.5168,4.9866,2.6119,1,1,2,2,1.935930009,2.011384846,2.094812163,2.112964505,4.84062192,4.840860299,5.324343675,5.325599453,569.0109305,1.4448,550
-0.227509587,-0.102201118,14.80902735,161.25,76.78,-8.47,14.12127906,0.8926,0.5273,5.5163,4.0201,0.8719,0.663,4.8934,1.6071,0.9085,0.4972,5.6361,3.4819,0.7435,0.5633,4.3567,3.0911,0.8128,0.5976,4.7851,2.6813,0.7946,0.5777,4.5806,2.6616,2,1,2,4,1.970460099,2.002317407,2.173275178,2.390103136,5.324405736,4.840938271,5.324974341,8.105005737,572.8038285,1.4448,529
-0.204270212,-0.089082366,5.66850367,104.47,62.24,-8.61,14.1212791,0.9439,0.5407,5.3926,2.7549,0.9232,0.5048,5.3204,2.574,0.9451,0.5244,6.0908,2.484,0.7508,0.5284,3.6716,2.7748,0.8881,0.5182,5.1568,1.0616,0.9114,0.5096,5.5263,1.2542,1,2,2,3,1.951167855,2.038765803,2.054482173,2.109790037,4.840598766,5.324394873,5.324326868,5.744175673,705.8850318,1.4448,610
-0.20420262,-0.083527311,6.8055463,8.4,296,-6.49,14.1212802,0.9297,0.4533,5.213,2.8867,0.8598,0.5229,4.6729,2.611,0.9507,0.5175,5.4935,2.3789,0.8737,0.4586,4.8216,2.7876,0.778,0.5468,4.1474,2.2578,0.7524,0.5773,4.0741,1.5424,1,2,2,3,1.944500193,2.010334549,2.066854131,2.082421907,4.840592365,5.324525464,5.324306455,5.74487045,555.2247093,1.4448,551
-0.211407754,-0.072763072,10.53803422,322.21,287.91,-7.38,14.12128323,0.9456,0.3661,5.1721,4.166,0.9533,0.3908,4.8501,3.8806,0.9582,0.3515,5.5092,3.7386,0.8751,0.3777,4.7966,3.9966,0.8708,0.4334,4.5405,3.3255,0.7242,0.5629,3.6092,1.5814,1,1,2,2,1.958045199,2.002422033,2.088272971,2.150208827,4.840409725,4.84033598,5.325191646,5.325241828,454.3139676,1.4448,430
-0.200128142,-0.083517836,7.90494773,6.39,143.7,-7.38,14.1212799,0.949,0.4383,5.5172,3.6721,0.9514,0.3536,6.2993,5.0985,0.8484,0.529,4.8565,1.5754,0.8833,0.4411,5.0278,3.5811,0.8334,0.4308,5.0037,3.6809,0.7586,0.5578,4.1425,1.6635,1,2,2,3,1.920210926,2.017480607,2.096218977,2.143951958,4.841200189,5.324522785,5.324699624,5.744880079,563.4161192,1.4448,543
-0.213154782,-0.092210442,1.44820173,22.44,55.43,-9.21,14.12128577,0.8229,0.6565,4.4213,0.577,0.93,0.4522,5.9491,4.3119,0.8864,0.6476,5.0996,2.4682,0.6905,0.65,3.6647,0.6389,0.7656,0.6493,4.3532,1.777,0.8643,0.4763,5.3135,3.8407,1,2,1,1,1.906992659,2.030271903,2.060660331,2.086256696,4.84426291,5.324532186,4.84131754,4.840894191,677.2625485,1.4448,589
-0.214200211,-0.098395864,14.08096613,26.66,196.49,-7.18,14.12127582,0.9027,0.5004,5.5097,2.9291,0.9104,0.4225,5.4447,3.47,0.9077,0.5346,5.842,3.2487,0.8285,0.5077,4.7845,2.9099,0.8231,0.4642,4.6434,3.0679,0.8798,0.5149,5.6398,2.8042,2,2,3,3,1.986606655,1.989603729,2.00237484,2.009808946,5.324280343,5.324212232,5.744711951,5.744672307,590.3609295,1.4448,586
-0.226724675,-0.104955856,10.96384484,119.08,174.22,-7.57,14.12128076,0.8258,0.7733,4.251,0.7498,0.8965,0.5074,5.4038,2.1334,0.8779,0.607,5.2184,0.7244,0.7381,0.7682,3.6935,0.8309,0.745,0.6948,3.8244,1.0747,0.802,0.6181,4.436,2.4008,1,2,2,4,1.916051148,2.033141904,2.068741163,2.51007968,4.841195372,5.32474686,5.324603879,8.10499863,690.1311249,1.4448,592
-0.211799163,-0.096810271,8.42384933,6.97,111.14,-7.1,14.12127585,0.8754,0.6008,4.9928,0.8125,0.8588,0.6493,5.268,1.5792,0.88,0.6392,5.255,1.8487,0.7696,0.6099,4.2488,0.8018,0.7531,0.6475,4.2378,0.9971,0.7754,0.7236,4.254,0.526,2,2,3,3,1.986501951,1.987868708,2.015524001,2.027042427,5.324036525,5.324104258,5.74503257,5.745027676,655.2976055,1.4448,631
-0.208480675,-0.096801022,15.73827553,36.53,230.69,-9.5,14.12127853,0.8066,0.6605,4.7996,2.2205,0.9356,0.4547,6.1137,4.7584,0.8985,0.5575,6.091,3.6993,0.6968,0.6478,3.9552,2.4127,0.8594,0.4903,5.2158,4.4388,0.7113,0.6093,4.2605,0.3111,2,1,2,4,1.979340547,1.981893539,2.163956793,2.395543362,5.324445436,4.841130451,5.324914652,8.105013885,746.3495083,1.4448,644
-0.200225133,-0.078679833,13.11486823,64.7,93.25,-5.93,14.121285,0.965,0.3152,6.4513,5.2786,0.93,0.4202,5.5296,3.7938,0.9438,0.3893,5.8724,4.0936,0.9085,0.3397,5.924,4.9772,0.8667,0.4319,5.0351,3.6769,0.8322,0.4642,4.8051,3.1179,1,1,1,2,1.992109686,2.038019382,2.061912947,2.084263179,4.840352184,4.840336217,4.842093558,5.324763465,492.2979196,1.4448,524
-0.202708488,-0.077738513,8.77448447,104.6,338.38,-6.88,14.12127641,0.8399,0.5462,4.6608,2.7047,0.8213,0.5696,4.3646,2.2649,0.8748,0.6144,5.2183,2.4033,0.7063,0.5592,3.6163,2.5755,0.7081,0.5783,3.4611,2.0679,0.7072,0.6275,3.6642,2.2436,2,2,3,3,1.967640719,1.977725461,2.018331241,2.022711794,5.324555954,5.324518158,5.745100698,5.745068617,617.1180587,1.5011,546
-0.231900485,-0.088899537,8.61029524,28.18,182.93,-8.07,14.1212798,0.7693,0.7143,3.7125,0.4955,0.8705,0.5266,4.4835,2.2157,0.7987,0.6598,3.9262,0.3051,0.6848,0.718,3.4223,0.5959,0.7858,0.5276,4.1242,2.1932,0.7534,0.6648,3.7409,0.5326,1,2,2,4,1.912659405,2.054805587,2.083791256,2.490590492,4.84124402,5.324760008,5.324693098,8.104995402,538.3112655,1.4448,481
-0.192489044,-0.083513876,8.45313158,4.94,113.12,-7.28,14.12127972,0.9564,0.4157,5.6071,3.8757,0.9722,0.3037,6.682,5.5754,0.8617,0.4828,5.0496,1.9464,0.9036,0.4168,5.2043,3.838,0.8851,0.3504,5.629,4.7609,0.7471,0.5697,4.1088,1.8636,1,2,2,3,1.920075259,2.011901837,2.098580711,2.162662711,4.84117926,5.324519571,5.324709558,5.744104344,608.6427267,1.4448,570
-0.209872441,-0.096244208,12.99946629,11.22,151.25,-7.11,14.12127562,0.8895,0.5593,5.5645,2.4207,0.9196,0.439,5.6759,3.9917,0.9024,0.5299,5.892,3.0874,0.8161,0.5504,4.7977,2.4473,0.8392,0.4838,4.9079,2.7576,0.8652,0.5123,5.6413,2.3695,2,2,3,3,1.989743953,1.993260144,2.005564509,2.01589087,5.32425116,5.324220125,5.74493184,5.74474158,618.5525869,1.4448,599
-0.197023222,-0.099775718,10.61775875,11.91,211.81,-7.32,14.1212795,0.9864,0.1081,6.3981,5.2031,0.9975,0.0745,6.899,5.662,0.8135,0.696,4.3239,0.4343,0.9823,0.1111,6.3617,5.1758,0.9857,0.0978,6.7852,5.4683,0.728,0.6921,3.7726,0.2886,1,2,2,3,1.921406256,2.050060975,2.058883435,2.234397682,4.841200505,5.324680388,5.324654869,5.744690673,626.9687577,1.4448,610
-0.207266507,-0.078064768,10.42466547,38.94,84.33,-8.93,14.12128116,0.9596,0.2616,6.0562,5.4175,0.9465,0.3834,6.2787,4.4213,0.97,0.2588,6.1418,5.3171,0.7646,0.4836,4.2124,3.5297,0.7877,0.5442,4.4726,2.9553,0.9527,0.2997,6.485,4.999,1,1,2,2,1.997885382,2.015254078,2.168869291,2.175743091,4.840367755,4.840502828,5.324744036,5.324895371,488.1005802,1.4448,510
-0.219772754,-0.086890694,16.64718652,93.66,29.91,-11.1,14.12127871,0.8906,0.5714,5.4787,3.5019,0.9542,0.5297,6.6165,4.9283,0.8174,0.6301,4.8512,1.6495,0.7141,0.56,3.7219,4.1671,0.7451,0.5755,4.6408,2.1416,0.8093,0.5978,4.9456,2.7697,2,1,2,4,1.975276436,2.005131666,2.181084363,2.389060485,5.324472324,4.840841417,5.324964361,8.105003934,577.899986,1.4448,525
-0.202821551,-0.061981552,10.01973998,19.46,101.72,-7.14,14.12128254,0.9478,0.5359,5.3023,2.833,0.8868,0.5737,4.8032,1.9231,0.8815,0.673,5.1481,1.724,0.7427,0.5875,4.2404,2.2318,0.844,0.5901,4.5036,2.0958,0.8474,0.5878,4.7617,1.9712,1,1,2,2,1.974985823,1.985954682,2.157759486,2.173199715,4.840255747,4.840398739,5.325270009,5.32481844,469.1567286,1.4448,454
-0.21073066,-0.098472188,15.84549088,2.63,341.02,-7.58,14.12127457,0.9616,0.4339,5.1821,3.0145,0.9693,0.4337,5.6045,3.1569,0.8834,0.5202,5.0464,3.0545,0.9205,0.4389,4.9228,2.9775,0.8968,0.4527,4.9426,2.903,0.7439,0.6011,3.8649,1.5733,2,2,3,3,2.00140001,2.003016226,2.017117994,2.018247259,5.324418353,5.324429118,5.744826972,5.744849623,600.9877525,1.4448,590
-0.216290762,-0.093382036,15.44258745,62.07,242.54,-8.41,14.12127884,0.7784,0.6426,4.4023,1.7603,0.9228,0.4982,5.6376,4.1106,0.8373,0.5953,5.2359,1.6619,0.6511,0.6291,3.5382,2.0381,0.8188,0.5356,4.6521,3.5988,0.7099,0.6021,4.1525,0.4089,1,2,2,4,1.973090469,1.975780858,2.167324157,2.38910569,4.841272291,5.324435061,5.324919277,8.10500786,668.4672155,1.4448,588
-0.208957401,-0.086330135,3.04582365,27.17,174.28,-9.01,14.12128054,0.897,0.5006,5.3302,1.9642,0.9671,0.3931,6.2452,2.8883,0.9199,0.5172,5.4031,0.9841,0.7956,0.5107,4.4504,1.9786,0.8241,0.5164,4.6385,0.7141,0.7531,0.5807,4.0377,0.4153,1,2,2,3,1.903752873,2.026822883,2.076176775,2.135488937,4.841163544,5.324310596,5.324783381,5.744968723,564.0850677,1.4448,515
-0.209850279,-0.081128116,4.98917458,3.79,34.04,-9.97,14.12128026,0.9526,0.4735,5.3411,3.803,0.9688,0.4087,6.2749,4.5834,0.7991,0.6448,4.078,1.2894,0.7432,0.5451,4.0297,2.6615,0.8232,0.5449,4.3482,2.494,0.8821,0.5066,5.376,3.0074,1,2,2,3,1.925699094,2.000727368,2.095523562,2.184918076,4.841202006,5.324323652,5.32471959,5.744967059,549.0953212,1.4448,488
-0.172957902,-0.067854215,2.85699596,0.38,21.16,-8.36,14.12128432,0.9111,0.5316,4.776,2.4751,0.9212,0.5362,4.8554,2.2989,0.8961,0.4737,3.9384,1.391,0.8749,0.5288,4.6194,2.4988,0.8609,0.5321,4.455,2.3002,0.7579,0.626,4.1079,1.7585,1,1,2,2,1.964379037,1.964379037,2.143432061,2.143432061,4.840647206,4.840647443,5.325165605,5.325167504,694.4405553,1.406,613
-0.230020067,-0.103235699,17.7063429,780.49,20.9,-8.28,14.12128032,0.8506,0.5173,4.6647,2.6471,0.8517,0.5999,5.0814,1.4715,0.8073,0.3177,4.1643,3.2321,0.7551,0.6093,4.4773,1.529,0.81,0.5146,4.4298,2.7773,0.7828,0.3159,4.0591,3.22,2,1,2,4,1.925360486,2.020692208,2.181524467,2.371319042,5.324572465,4.840931162,5.325044932,8.104999162,594.6700301,1.4448,563
-0.221571248,-0.10597697,9.86979539,95.81,244.91,-7.09,14.12128052,0.8404,0.5184,4.2222,2.1525,0.8251,0.5524,3.9187,1.874,0.9581,0.2594,4.5215,3.3697,0.7804,0.5257,3.9553,2.1342,0.7629,0.7394,3.8212,0.7205,0.7883,0.4584,3.8029,2.4406,1,2,3,2,1.973967832,2.027089786,2.065739577,2.088702947,4.841094672,5.324659642,5.745185324,5.324764001,665.564549,1.4448,595
-0.220911013,-0.094455305,16.54416348,119.08,40.52,-11.8,14.12127888,0.9079,0.5293,5.8348,3.8666,0.9498,0.5312,6.4755,4.6344,0.8251,0.6283,5.0297,2.0961,0.7285,0.5342,3.9502,4.1928,0.7522,0.6204,4.3266,1.8125,0.8594,0.5441,5.796,3.6979,2,1,2,4,1.971036529,2.005501683,2.180313051,2.387242133,5.324479777,4.84085074,5.324949512,8.10500448,584.4618002,1.4448,537
-0.219058179,-0.08833265,12.1786884,16.55,200.64,-7.39,14.12128181,0.8502,0.5934,4.1933,1.6574,0.886,0.6599,5.1739,1.8405,0.9253,0.5882,4.5924,1.9645,0.7503,0.6039,3.7264,1.5502,0.7712,0.6483,4.2252,1.4165,0.7124,0.643,3.6069,0.5964,1,2,2,2,1.933314253,2.01898316,2.047346087,2.094302987,4.840675416,5.324695874,5.324100847,5.325090545,551.199303,1.4448,508
-0.203247973,-0.087694745,6.43165897,91.77,57.77,-8.54,14.1212797,0.9301,0.5739,5.3171,2.7683,0.8843,0.572,4.9777,2.3726,0.8549,0.6307,4.7552,1.7805,0.8436,0.5754,4.9147,2.548,0.8319,0.5696,4.5189,2.1628,0.7663,0.6235,4.0794,1.7105,1,2,2,3,1.942306618,2.031276446,2.065915051,2.090908176,4.840590706,5.324369981,5.324312984,5.744932831,598.0457409,1.4448,574
-0.194131954,-0.073554635,6.02056454,50.42,143.61,-8.13,14.12128104,0.9372,0.4698,5.4083,3.8147,0.9791,0.3391,5.6846,4.1783,0.9382,0.4604,5.5116,3.7924,0.8689,0.4667,4.9581,3.8393,0.7339,0.6225,3.4321,1.7725,0.9235,0.366,5.1939,3.7931,1,1,2,2,1.976827003,1.989092758,2.186378284,2.227202056,4.840191635,4.840528433,5.324826621,5.32615814,547.2342604,1.406,464
-0.190024741,-0.071758716,5.76036582,36.75,115.17,-8.5,14.12128011,0.9321,0.4628,5.6161,4.0154,0.9798,0.3283,5.7905,4.3121,0.9352,0.3826,5.7122,4.3687,0.8367,0.4651,4.8473,4.0382,0.6981,0.6446,3.539,1.5809,0.9128,0.3618,5.2411,3.4514,1,1,2,2,1.994280071,1.99797998,2.223777417,2.371513019,4.840710815,4.840207841,5.324934078,5.325403892,576.4733776,1.406,520
-0.192382819,-0.076452119,4.61209606,109.02,239.48,-8.43,14.12128165,0.9083,0.4714,5.1264,3.9894,0.9388,0.4059,5.8406,4.3933,0.8426,0.2383,3.4449,2.3427,0.8396,0.4789,4.5482,3.8925,0.8097,0.4594,4.5128,4.1225,0.7215,0.5546,4.013,2.7902,1,1,2,2,1.981591532,1.988591461,2.157694371,2.184997025,4.840220885,4.840788957,5.325823967,5.324791562,608.5023481,1.406,514
-0.208591231,-0.060984669,5.48075003,107.12,244.18,-9.85,14.12128141,0.6878,0.7625,4.0108,0.7279,0.9729,0.2597,6.1236,5.4068,0.8178,0.5851,4.8435,2.4047,0.6679,0.7946,3.742,0.5372,0.55,0.4334,3.0849,4.0712,0.6909,0.5923,3.8003,2.3415,1,1,3,3,1.971335842,1.973867523,2.102321098,2.145605975,4.841412137,4.840882419,5.745313146,5.745300611,502.1157701,1.4906,463
-0.190917989,-0.074614878,4.72504412,60.03,247.8,-8.14,14.12128192,0.9302,0.453,5.3711,4.2304,0.9462,0.439,5.8476,4.3472,0.9769,0.3352,5.5346,4.1177,0.8872,0.4538,5.0737,4.2126,0.828,0.476,4.3529,3.7815,0.7701,0.5517,4.2959,2.5081,1,1,2,2,1.972779004,1.988241686,2.130634647,2.188106259,4.840221834,4.840587071,5.326659312,5.324786741,573.4289665,1.406,468
-0.206382355,-0.091386278,1.65363244,28.42,60.28,-9.22,14.12128576,0.8536,0.5831,4.8803,1.9622,0.934,0.536,6.5426,3.7583,0.9105,0.7199,5.6093,0.7331,0.7177,0.5807,3.8757,2.2243,0.7933,0.6576,4.7446,1.4035,0.8738,0.5965,5.7981,2.7804,1,2,1,1,1.908799099,2.025962734,2.058295654,2.0867894,4.844270233,5.324519473,4.841320067,4.840695091,679.0873942,1.4448,608
-0.195438739,-0.047440124,4.80592797,78.11,4.19,-11.5,14.12128075,0.8688,0.6535,5.2574,1.8907,0.9346,0.3755,5.8441,4.2803,0.8602,0.6262,4.863,2.327,0.6592,0.6473,3.154,2.0145,0.6037,0.5884,3.4182,1.0412,0.7705,0.582,4.6342,2.2117,1,1,3,3,1.967842727,1.99804029,2.092005975,2.144312011,4.841714268,4.840765807,5.744964756,5.744812384,533.9465106,1.4906,476
-0.217741422,-0.099852075,8.04374548,0.02,0.1,-6.37,14.12127626,0.8751,0.5652,4.7847,0.9205,0.8333,0.6655,4.8096,0.3639,0.8841,0.6431,5.1289,1.4211,0.7861,0.5751,4.1833,0.9298,0.7173,0.662,3.8506,0.6908,0.772,0.7256,4.2005,0.6605,2,2,3,3,1.984001008,1.984001008,2.012380928,2.012380928,5.324085401,5.324085401,5.744995977,5.744995945,628.5291404,1.4448,618
-0.208064739,-0.083249201,4.72258851,7.25,220.65,-7,14.12127933,0.9325,0.4725,5.319,3.0886,0.8462,0.4759,4.7735,2.8104,0.9447,0.4409,5.9532,3.0141,0.8503,0.4791,4.7054,2.9919,0.7373,0.5677,3.9982,1.9815,0.7928,0.5372,4.3144,1.9874,1,2,2,3,1.956187619,2.013954816,2.084124756,2.090051913,4.840922077,5.324469645,5.324759667,5.744361624,529.989272,1.4448,553
-0.21597712,-0.094839157,15.8383216,27.84,159.36,-7.84,14.1212846,0.8186,0.6288,4.595,1.743,0.9065,0.4854,5.6801,2.881,0.9224,0.4906,5.982,2.8107,0.6665,0.6182,3.6358,2.0215,0.8304,0.5216,4.6909,3.6801,0.8143,0.5056,5.3265,3.321,1,1,2,2,1.966424674,1.975964575,2.02010569,2.16356858,4.842885768,4.841216063,5.324565647,5.324887338,677.5993311,1.4448,591
-0.245879355,-0.103680361,26.25980102,66.93,111.15,-8.6,14.12127578,0.8506,0.5898,4.6216,1.268,0.9181,0.572,5.1068,1.6663,0.9218,0.4496,5.3157,2.2778,0.6913,0.5803,3.4946,1.1704,0.7645,0.5607,4.0757,1.0264,0.6151,0.6118,3.2076,2.3621,2,2,2,2,1.998330053,2.023137662,2.032018209,2.054733316,5.325046051,5.324900678,5.324588294,5.324473396,527.3297129,1.4448,452
-0.212798718,-0.103257458,14.23456064,8.98,306.69,-7.13,14.12127566,0.9177,0.4234,5.1677,3.211,0.9442,0.4242,5.5949,3.2747,0.8701,0.4814,4.9952,3.2884,0.8831,0.4259,4.9275,3.165,0.8748,0.4348,5.0698,3.0398,0.7031,0.5872,3.8759,1.7329,2,2,3,3,1.988829555,1.991709065,2.004877303,2.007252351,5.324431846,5.324360774,5.744881199,5.744860276,628.822378,1.4448,595
-0.231285858,-0.104670444,15.7613557,728.78,58.59,-8.32,14.1212802,0.8468,0.5365,4.7066,2.2624,0.8527,0.5936,5.1839,1.3435,0.8006,0.3201,4.2588,3.4362,0.7512,0.606,4.493,1.5846,0.8071,0.5247,4.4725,2.6045,0.7826,0.5673,4.4264,1.8321,2,1,2,4,1.929212015,2.01891877,2.185745639,2.373536812,5.324586979,4.840932347,5.325028331,8.105000811,595.9561492,1.4448,566
-0.187216047,-0.085460467,3.40377515,6.48,73.95,-8.51,14.12128102,0.9577,0.3067,7.4558,6.646,0.9733,0.2873,7.8488,6.7605,0.89,0.2161,4.6893,3.684,0.9096,0.319,6.8634,6.4298,0.9565,0.3001,7.6755,6.539,0.6782,0.6318,3.8866,1.8451,1,1,2,2,1.96226196,2.029072941,2.060416463,2.088384064,4.84134731,4.842785948,5.324820096,5.324778025,604.488817,1.4448,480
-0.224888043,-0.089938602,7.78369081,122.54,35.78,-9.1,14.12127875,0.9211,0.6633,5.1389,1.9691,0.8852,0.5481,5.2376,3.206,0.8708,0.6516,5.2034,1.8415,0.7134,0.6612,3.5798,2.3311,0.7205,0.7087,3.9742,0.6655,0.7507,0.5833,4.2278,2.562,1,2,2,4,1.922480949,2.077654928,2.078617329,2.491321135,4.841152961,5.324677904,5.324694267,8.104991511,574.4730137,1.4448,558
-0.207158818,-0.084469589,3.65206085,4.52,219.02,-6.13,14.12127994,0.9353,0.4776,5.3569,2.8314,0.8325,0.5802,4.509,1.8944,0.9156,0.4836,6.2113,4.225,0.8713,0.4829,4.8699,2.7436,0.7339,0.56,4.3572,2.3149,0.7972,0.5574,4.2234,2.0261,1,2,2,3,1.953099076,2.013799146,2.076444317,2.085209342,4.84079275,5.32446078,5.324553032,5.744878416,532.5088036,1.4448,527
-0.204173118,-0.07907795,16.39730441,129.18,805.86,-8.75,14.12128022,0.8103,0.5602,4.1178,1.6899,0.8626,0.4901,4.6215,2.6741,0.5308,0.5288,3.055,1.7333,0.7078,0.5637,3.504,1.6672,0.7708,0.5115,4.0405,2.4336,0.6972,0.6212,3.9651,1.3184,1,1,3,3,1.956418667,1.978283347,2.114830726,2.117989141,4.841034721,4.841693744,5.744997384,5.744848024,628.8574573,1.412,457
-0.200249962,-0.099958568,14.46500693,40.82,260.58,-6.58,14.12128619,0.9616,0.3622,5.4593,4.1703,0.9495,0.4971,5.7438,4.0031,0.9578,0.3688,4.7939,3.3692,0.9321,0.3687,5.2099,4.1269,0.8316,0.4937,4.8711,3.8509,0.9014,0.4474,4.9766,3.721,1,1,2,2,1.944039351,2.015360514,2.087415148,2.134912879,4.840618522,4.840879417,5.324480264,5.325057783,694.2772518,1.4448,660
-0.238247925,-0.10250809,8.20273225,11.03,228.99,-7.15,14.12127969,0.8126,0.6351,3.9612,1.2534,0.8789,0.5221,4.3957,2.3848,0.7842,0.3064,3.4366,2.0043,0.7154,0.6407,3.5477,1.204,0.7911,0.5553,3.9675,1.5886,0.7715,0.6632,3.8653,0.6164,1,2,2,4,1.907079967,2.049149092,2.094307045,2.479005849,4.841237465,5.324839037,5.324780752,8.104995577,553.151626,1.4448,518
-0.209789922,-0.09309736,5.38144583,5.89,116.19,-7.01,14.12127592,0.8749,0.6108,5.0072,0.7968,0.8481,0.6642,5.2262,1.459,0.8882,0.6424,5.3285,1.9023,0.764,0.621,4.1922,0.8081,0.7448,0.6578,4.196,0.9045,0.787,0.6992,4.3664,0.877,2,2,3,3,1.983516322,1.985569188,2.016959345,2.026854213,5.32404018,5.323995883,5.745062892,5.745032538,643.4238451,1.4448,624
-0.21456665,-0.102787152,13.70584845,58.17,87.06,-8,14.12128627,0.9421,0.4236,5.8962,4.637,0.914,0.4999,4.4952,2.9189,0.9501,0.379,6.1959,4.8981,0.8987,0.4347,5.5057,4.5094,0.8461,0.5064,4.2312,2.8721,0.6944,0.6234,3.638,1.7246,1,2,1,2,1.917045905,2.002419786,2.028084071,2.166457939,4.842709066,5.324749587,4.840882577,5.325086651,605.5308406,1.4448,582
-0.215401154,-0.08685111,10.61522747,14.74,179.15,-7.74,14.12127961,0.8398,0.6504,4.0836,1.6102,0.859,0.5844,4.2777,2.0048,0.8095,0.2703,3.4063,2.0537,0.7651,0.6541,3.7505,1.6011,0.7631,0.5896,3.8357,1.8667,0.735,0.7427,3.7192,1.0344,1,2,2,4,1.901490205,2.059114858,2.101314351,2.482193385,4.841071135,5.324749344,5.324714623,8.10499153,582.7149819,1.4448,547
-0.208181251,-0.083703009,8.21919491,5.19,7.11,-10.7,14.12127921,0.9238,0.5476,4.9801,2.5975,0.8463,0.6421,4.5882,1.2168,0.9005,0.5447,5.332,1.6356,0.7566,0.5788,4.1753,1.9418,0.8227,0.6006,4.2953,1.8014,0.7561,0.5677,3.9238,1.2307,1,2,2,3,1.961926094,2.005670461,2.063593952,2.199923862,4.840598608,5.324356536,5.32428804,5.744871218,570.0205943,1.4448,519
-0.240136234,-0.104252441,19.46192418,277.9,24.86,-9.12,14.1212791,0.8611,0.6297,4.9682,1.955,0.8643,0.5947,4.7946,2.1695,0.8473,0.2307,4.4564,3.2014,0.7092,0.7096,3.9276,1.4107,0.8034,0.5178,4.5625,2.6453,0.7753,0.6626,4.2251,1.071,2,1,2,4,1.967579986,2.004433835,2.185423986,2.378519287,5.324482115,4.841045701,5.324960758,8.105006154,564.4445456,1.4448,534
-0.201967064,-0.062763904,9.2317541,15.4,66.09,-7.77,14.12128237,0.9379,0.6108,5.5525,2.172,0.9068,0.583,5.5038,2.1472,0.8769,0.604,5.1273,1.5772,0.7418,0.6003,4.4402,2.0643,0.8507,0.5965,4.703,1.6997,0.833,0.5914,4.8817,2.0603,1,1,2,2,1.97984166,1.988014839,2.164046672,2.169133007,4.8402163,4.840424742,5.325360434,5.324797454,489.0669864,1.4448,450
-0.211982031,-0.078494685,9.75729207,26.16,24.86,-11.1,14.12127792,0.922,0.5719,5.2404,2.9571,0.8997,0.4227,5.3057,3.8853,0.9487,0.4138,5.5111,3.4785,0.7165,0.5902,3.7873,2.6493,0.8597,0.5285,4.6114,3.0962,0.7458,0.5696,4.3874,2.0752,1,2,2,2,1.9867184,2.041824919,2.085560117,2.111106819,4.840269976,5.324154056,5.324521714,5.32517203,551.7094093,1.4448,498
-0.20941224,-0.081400266,4.04347196,12.54,2.49,-10.2,14.1212803,0.9367,0.5306,5.1208,3.3514,0.9787,0.3259,6.5025,5.3774,0.7716,0.6891,4.0764,1.0429,0.7738,0.5744,4.1671,2.6339,0.7667,0.601,4.1883,1.9119,0.8739,0.4825,5.3978,3.2573,1,2,2,3,1.92645737,1.998720591,2.093994747,2.191680177,4.841149407,5.324319171,5.324703909,5.744931616,543.6808068,1.4448,482
-0.217362528,-0.100769018,15.7925742,107.15,271.68,-7.8,14.12128057,0.855,0.5162,5.3548,3.9421,0.8522,0.6532,5.1525,2.4329,0.873,0.555,5.443,2.8042,0.7831,0.5359,4.8197,3.7305,0.7998,0.6442,4.793,2.5774,0.7536,0.5694,4.2002,2.7333,2,1,2,4,1.95735587,1.977963346,2.163012945,2.401751652,5.32454446,4.840939693,5.325041329,8.105007277,609.6002202,1.4448,588
-0.227261653,-0.084086127,7.0755972,25.96,216.54,-8.65,14.12128021,0.7677,0.6923,3.5855,0.884,0.807,0.2969,3.4783,2.4349,0.986,0.0885,5.1376,4.7267,0.6835,0.6972,3.3282,0.8793,0.7358,0.6978,3.5287,1.1075,0.7565,0.2971,3.3638,2.41,1,2,2,4,1.975492344,2.034609791,2.07951653,2.500459558,4.841017502,5.324737121,5.32473006,8.105000572,533.4778886,1.4448,485
-0.200364762,-0.052329628,13.19867611,75.59,86.77,-7.54,14.1212824,0.8741,0.7398,5.1711,0.6824,0.8581,0.628,4.9859,1.4305,0.8631,0.6381,4.8999,0.4665,0.7149,0.7246,4.0796,0.6934,0.7827,0.6423,4.3546,0.4524,0.7949,0.6408,4.4662,0.5204,1,1,2,2,1.976535606,1.98736031,2.160698267,2.172837776,4.840256537,4.840427271,5.325280473,5.324549769,470.3829448,1.4448,442
-0.226962657,-0.090945976,14.10932851,44.29,175.04,-8.63,14.1212795,0.8268,0.6077,4.5324,1.6176,0.8748,0.5018,4.7921,2.0793,0.9349,0.1461,5.9502,5.4777,0.7081,0.5959,3.6801,1.4799,0.787,0.5077,4.2133,1.9996,0.7712,0.5452,4.2116,1.1487,1,2,2,2,1.910031675,2.055047688,2.094101239,2.125002353,4.841217011,5.324748759,5.324699381,5.326020176,538.5918429,1.4448,496
-0.210534594,-0.089402428,5.15274368,51.28,28.28,-7.86,14.12128036,0.9706,0.4206,6.4475,5.108,0.9359,0.5736,6.0233,3.4933,0.9101,0.4754,5.6169,3.8636,0.744,0.544,3.9392,3.8546,0.8617,0.524,5.2746,2.8671,0.7451,0.5634,4.3841,2.4638,1,2,2,3,1.91838187,2.013822981,2.084522247,2.138929639,4.841168598,5.324319171,5.32471808,5.744712079,581.5071352,1.4448,528
-0.195449327,-0.093787686,12.50926669,1.11,250.74,-6.7,14.12127529,0.9274,0.4029,5.259,3.1346,0.9539,0.4041,5.6431,3.1686,0.8871,0.5716,5.0781,2.2587,0.897,0.4034,5.0441,3.1259,0.9067,0.4112,5.2448,3.1297,0.7178,0.6195,3.9461,1.841,2,2,3,3,1.998694824,1.998694824,2.004482227,2.004482227,5.324440029,5.324440029,5.745023006,5.745022974,687.7006949,1.4969,610
-0.191494542,-0.075775834,5.09398601,62.73,252.26,-8.28,14.12128174,0.9301,0.4538,5.452,4.336,0.9481,0.4382,5.9452,4.3335,0.9762,0.3365,5.6263,4.5652,0.8851,0.4564,5.1073,4.2891,0.8237,0.4967,4.3859,3.6526,0.7695,0.5555,4.3959,2.8076,1,1,2,2,1.972946274,1.98845191,2.127846329,2.191277481,4.840210213,4.840573163,5.3266319,5.324790637,576.9561839,1.406,480
-0.208731602,-0.080707325,4.17634697,19.65,10.18,-10.6,14.12127923,0.9389,0.5459,5.1561,2.9083,0.8102,0.6609,4.1847,0.9527,0.8934,0.5099,5.0065,1.2952,0.7604,0.5762,4.1692,2.1523,0.8039,0.6255,4.2143,1.5203,0.745,0.6109,3.7809,0.7954,1,2,2,3,1.96196738,2.005093763,2.070514429,2.173331774,4.84076644,5.324317124,5.32448416,5.744925154,548.0590313,1.4448,506
-0.242572891,-0.107231117,21.69633129,253.12,10.61,-8.63,14.1212793,0.8337,0.6147,4.976,0.55,0.8445,0.6762,5.2071,0.7383,0.8013,0.2674,4.5286,2.5587,0.7076,0.7031,3.9277,1.8439,0.7355,0.5569,4.3157,0.3577,0.7676,0.6246,4.4893,0.8107,2,1,2,4,1.967148698,1.998984242,2.182436712,2.37796825,5.32447851,4.841151934,5.324938606,8.105006969,561.7163151,1.4448,530
-0.215333754,-0.091370858,14.62665425,58.2,184.89,-9.74,14.1212795,0.8057,0.6611,5.0643,2.3595,0.9302,0.4635,6.5891,5.3774,0.9289,0.5032,6.9665,4.3304,0.7359,0.6461,4.4036,2.6259,0.8243,0.4937,5.5011,4.7893,0.7135,0.5655,3.9838,1.6622,2,1,2,4,1.966445016,1.988354848,2.175889933,2.395508088,5.324508466,4.84096276,5.324946834,8.105005812,607.6941926,1.4448,563
-0.214306806,-0.10570902,12.93049992,51.17,51.45,-8.5,14.12128616,0.9097,0.4698,6.4531,4.9741,0.8623,0.4741,4.7866,2.8164,0.9558,0.348,6.8055,5.5194,0.8525,0.48,5.9927,4.7248,0.8205,0.4819,4.5264,2.7353,0.7147,0.595,4.5021,1.6703,1,2,1,2,1.922395641,1.990273599,2.027373917,2.177689142,4.842737217,5.324720369,4.840887317,5.325060558,628.2998409,1.4448,603
-0.215915618,-0.084994949,2.12837307,7.34,25.24,-7.78,14.12128146,0.8893,0.505,5.4067,3.1857,0.9459,0.2845,6.068,4.6731,0.8488,0.2717,4.461,2.6498,0.784,0.5272,4.8243,2.8855,0.8757,0.3257,5.3307,4.1862,0.6335,0.7355,3.3337,0.5443,1,1,2,2,1.952296084,2.005000998,2.078492001,2.078492001,4.841360576,4.843034612,5.324774811,5.324772815,502.0385193,1.4448,486
-0.197389039,-0.068287308,9.01264829,6.48,39.44,-7.09,14.12128239,0.906,0.6007,5.5715,2.2758,0.9285,0.5288,5.6301,2.7391,0.8817,0.6734,5.1519,1.2539,0.7892,0.6072,4.808,2.1298,0.7722,0.6331,4.4427,1.7787,0.874,0.571,5.2364,2.3581,1,1,2,2,1.973566822,1.993244842,2.158292381,2.18100917,4.840456356,4.840219383,5.324749003,5.325416398,512.5576627,1.4448,491
-0.236121179,-0.087860072,7.70217029,46.89,197.68,-7.61,14.12127973,0.7706,0.7159,3.769,0.662,0.8529,0.5785,4.4305,0.3693,0.7324,0.2925,3.3498,2.0781,0.6804,0.7135,3.415,0.7493,0.7697,0.6412,4.0214,1.3437,0.6953,0.6465,3.469,1.5232,1,2,2,4,1.918026329,2.045474517,2.086229613,2.488007235,4.841189685,5.324702936,5.324630763,8.104996673,508.8244104,1.4448,465
-0.191484528,-0.075303534,9.5697321,33.6,242.19,-7.98,14.12127596,0.866,0.512,5.6706,2.9733,0.8944,0.3839,6.4225,4.4384,0.9373,0.382,7.5562,2.2467,0.7556,0.5171,4.404,2.8783,0.7288,0.4792,3.8404,5.0882,0.7764,0.4699,5.1603,1.1722,2,2,3,3,1.97102968,1.976836614,2.042601772,2.04522346,5.324453473,5.324428436,5.744259642,5.744924962,632.3078727,1.4448,568
-0.20483313,-0.080888725,6.00301557,76.82,18.07,-9.12,14.12127923,0.9124,0.6265,5.124,2.2216,0.8758,0.5591,4.8535,2.218,0.8393,0.6865,4.5327,1.0228,0.7928,0.6221,4.5908,1.7906,0.8303,0.562,4.4778,1.8723,0.7718,0.6926,3.9989,1.082,1,2,2,3,1.958333475,2.016357359,2.065128083,2.160027083,4.840566524,5.324287845,5.324302509,5.74498718,563.083518,1.4448,531
-0.203245363,-0.062108655,10.22473423,24.2,93.67,-7.12,14.1212816,0.9236,0.6015,5.5455,2.0819,0.9292,0.4999,5.8995,3.2389,0.859,0.6217,5.1932,1.9929,0.7401,0.6091,4.3831,1.9737,0.7538,0.6052,4.3781,1.2647,0.792,0.5971,4.7886,2.1492,1,1,2,2,1.977539886,1.994009278,2.161619994,2.250840954,4.840205786,4.840581934,5.324805147,5.32481956,471.7052907,1.4448,460
-0.220757237,-0.089461868,15.56262923,114.46,35.73,-11.9,14.1212789,0.8823,0.6421,5.1643,2.5812,0.9608,0.3998,6.7558,5.7137,0.8042,0.6414,4.7002,1.2527,0.7213,0.6295,3.7959,2.9088,0.7518,0.6063,4.3811,1.883,0.7839,0.571,4.7448,2.3481,2,1,2,4,1.975851462,2.003785667,2.177917583,2.386653096,5.32450944,4.840860773,5.324939288,8.105004565,582.8957698,1.4448,529
-0.2006094,-0.079182753,10.86631982,94.99,51,-6.5,14.12128492,0.9701,0.3037,6.5087,5.4157,0.9296,0.4049,5.4957,3.863,0.9109,0.5116,5.2554,2.3734,0.9018,0.3389,5.8803,5.0209,0.8686,0.418,5.0174,3.748,0.7474,0.5876,4.0757,1.9561,1,1,1,2,1.991188088,2.038973761,2.060042233,2.084146348,4.840334636,4.840345702,4.84205947,5.324792584,495.3144848,1.4448,525
-0.215659456,-0.077061477,8.94837842,45.3,77.28,-10.7,14.12128363,0.8151,0.6388,4.0928,1.1553,0.9567,0.2428,6.6026,5.8291,0.9356,0.3242,4.0624,2.7164,0.7087,0.6582,3.7684,1.0435,0.751,0.6462,3.9515,1.7946,0.8134,0.4549,3.92,1.9487,1,2,1,1,1.922102495,2.0394563,2.040499204,2.111741225,4.844416903,5.324737121,4.841156515,4.840837309,538.6737331,1.406,511
-0.209674765,-0.103976175,15.63461658,15.33,314.63,-7.23,14.12127606,0.928,0.4172,5.2994,3.3511,0.9499,0.4159,5.5937,3.2424,0.8688,0.5087,4.8031,2.0569,0.8946,0.4193,5.0576,3.2914,0.8925,0.4264,5.1533,3.1193,0.7207,0.5617,3.859,1.8311,2,2,3,3,1.984996977,1.994769661,2.005479992,2.005567501,5.324347426,5.324396578,5.744902953,5.744963189,654.1913088,1.4448,610
-0.196545813,-0.08619921,8.51520844,0.74,176.37,-7.87,14.12127958,0.9868,0.1018,5.7922,4.607,0.9978,0.0527,6.5838,5.598,0.8425,0.5175,4.4069,0.5147,0.9852,0.1022,5.7803,4.603,0.9969,0.0536,6.5723,5.59,0.6738,0.6438,3.3824,0.1813,1,2,2,3,1.920407509,2.054182562,2.054182562,2.233068293,4.841152487,5.324755528,5.324755431,5.744682514,541.7662453,1.4448,471
-0.228990848,-0.105561476,8.1647093,50.43,165.75,-8.12,14.12128161,0.8111,0.7928,4.1959,0.1094,0.8995,0.4781,5.5197,2.0644,0.8887,0.5305,5.4369,2.3245,0.7321,0.7953,3.6498,0.1992,0.7232,0.6765,3.741,0.6135,0.8091,0.5437,4.589,1.915,1,2,2,4,1.92011484,2.019486321,2.051699783,2.507096528,4.841088669,5.32469792,5.32453579,8.105004949,687.1100373,1.4448,594
-0.210032038,-0.067738141,11.1566583,59.49,135.26,-8.57,14.12128269,0.8039,0.7064,3.9379,0.5151,0.9061,0.5634,4.9617,1.6608,0.9124,0.4744,4.8819,2.602,0.6854,0.6874,3.3267,0.455,0.788,0.6607,3.9846,1.3937,0.802,0.5028,4.1613,2.6218,1,1,2,2,1.970097967,2.004659572,2.122764471,2.1724065,4.840616309,4.840338983,5.324918596,5.324824478,542.5318737,1.4448,468
-0.235680693,-0.092206413,5.00775759,25.61,196.59,-7.94,14.12127967,0.7906,0.6897,3.8319,0.9805,0.8624,0.5417,4.3563,2.1353,0.8,0.6847,3.9682,0.5756,0.6927,0.6933,3.4547,1.0147,0.7681,0.5561,3.9032,1.9844,0.7657,0.6941,3.8513,0.966,1,2,2,4,1.911190728,2.051449488,2.091186266,2.478545541,4.841096963,5.324751291,5.324697092,8.104997812,522.2393962,1.4448,517
-0.208517118,-0.088165945,4.64392997,34.98,231.69,-7.69,14.12128008,0.8972,0.5021,5.0821,1.977,0.8902,0.6281,5.4268,1.121,0.923,0.491,5.2112,2.1204,0.8077,0.526,4.5122,1.7771,0.8332,0.6025,5.0195,1.1498,0.7963,0.5508,4.2224,1.8093,1,2,3,2,1.918755065,2.012951564,2.077973532,2.097546662,4.840750558,5.324431018,5.744900841,5.324529117,579.1415627,1.4448,553
-0.214226149,-0.097829244,13.44769206,24.68,210.92,-7.11,14.12127592,0.9017,0.4952,5.4625,3.0082,0.907,0.4428,5.2293,3.1761,0.9103,0.5225,5.8349,3.4021,0.8278,0.504,4.7522,2.9905,0.8135,0.4788,4.457,2.8499,0.8833,0.5103,5.6158,2.9095,2,2,3,3,1.987692381,1.994093528,2.001078459,2.009969652,5.324310499,5.324226994,5.745005893,5.744878096,589.1575997,1.4448,582
-0.195215063,-0.099439386,12.81778385,24.22,159.52,-6.99,14.12127932,0.9896,0.1061,6.5577,5.8463,0.9928,0.0912,6.8536,6.0717,0.8385,0.6714,4.344,1.7767,0.9733,0.1292,6.4053,5.6466,0.7542,0.6238,4.0176,1.9756,0.9797,0.1177,6.7501,5.7315,1,2,2,3,1.921749463,2.045679594,2.079037758,2.235892216,4.841236912,5.324689495,5.324632175,5.744626581,632.9792393,1.4448,592
-0.171757629,-0.040691675,2.96979093,2.44,62.81,-7.55,14.12128243,0.8961,0.5373,4.5685,2.1833,0.9199,0.5584,4.6424,1.4745,0.9073,0.1978,4.86,4.2429,0.8508,0.5347,4.3949,2.206,0.8183,0.5615,4.2941,1.4019,0.7401,0.6643,3.6648,0.9913,1,1,2,2,1.963202231,1.963202231,2.143543561,2.143543561,4.840399134,4.840398818,5.325641781,5.325641733,506.293969,1.406,474
-0.177223805,-0.043881126,9.76997107,36.97,105.76,-9.38,14.12128081,0.9868,0.3993,6.1863,3.469,0.9592,0.4328,5.7915,3.202,0.9721,0.3703,6.1755,3.9644,0.755,0.5041,4.5696,2.5801,0.9201,0.4191,5.8111,3.3295,0.9233,0.507,5.5539,2.8097,1,1,2,2,1.987471509,2.004688504,2.178842583,2.187365082,4.84028792,4.840274798,5.324777538,5.32484785,495.6411558,1.406,446
-0.235909743,-0.107209133,14.57355426,787.21,115.84,-8.16,14.12128052,0.8439,0.6165,4.7102,2.1147,0.83,0.632,4.7936,1.9259,0.8851,0.5492,4.9642,2.5467,0.7404,0.6161,4.3143,2.0662,0.8026,0.6333,4.4804,1.9365,0.759,0.5668,3.9551,1.993,2,1,2,4,1.92278678,2.018271042,2.189813234,2.364201768,5.324629886,4.840941589,5.325019958,8.104999567,595.4324568,1.4448,568
-0.205486928,-0.102375877,14.95298175,2.41,311.42,-7.12,14.12127595,0.9346,0.4019,5.4274,3.2688,0.956,0.3985,5.784,3.2648,0.8882,0.4684,5.4015,3.8294,0.9022,0.4055,5.1775,3.2245,0.9065,0.4049,5.3818,3.1679,0.7134,0.5581,3.9741,2.1219,2,2,3,3,1.98862993,1.991283506,2.005147625,2.005586947,5.32434197,5.324395166,5.74492349,5.744657684,670.2594012,1.4448,624
-0.213852594,-0.084626314,7.26681683,19.08,169.45,-8.46,14.12128106,0.8605,0.5627,5.0013,2.6393,0.8993,0.4907,5.1972,2.9842,0.8697,0.2765,4.5667,3.432,0.7483,0.5846,4.1248,2.4403,0.8113,0.5094,4.5362,2.6904,0.7524,0.6518,4.3391,1.2985,1,1,2,2,1.938032249,2.048000244,2.062607331,2.100563972,4.841251048,4.843076155,5.324783527,5.324749246,543.3068106,1.4448,510
-0.213185506,-0.102657022,16.72642817,57.31,74.68,-8.24,14.12128607,0.9131,0.4625,6.16,4.3779,0.8875,0.258,5.0971,3.9669,0.8649,0.4982,4.692,2.841,0.8571,0.4704,5.7538,4.1666,0.8178,0.5021,4.4164,2.7895,0.8772,0.2599,5.0329,3.9385,1,2,1,2,1.923331225,1.993113394,2.02826872,2.170845688,4.842733747,5.324682726,4.840892295,5.325070197,616.0327491,1.4448,594
-0.228907232,-0.092249813,7.26101993,12.75,196.23,-7.98,14.12127963,0.8102,0.6826,3.8704,0.9626,0.8451,0.5757,4.2094,1.9595,0.8096,0.7211,3.9348,0.5523,0.7163,0.6875,3.5121,0.9648,0.7585,0.5947,3.7647,1.6134,0.7597,0.732,3.8761,0.812,1,2,2,4,1.905051443,2.05741221,2.097238661,2.484024356,4.84112587,5.324759472,5.324720954,8.104993378,553.1935776,1.4448,504
-0.23489738,-0.104166226,20.31924521,261.57,53.48,-8.4,14.12127888,0.8852,0.5443,5.2715,3.4168,0.8672,0.6635,4.8102,1.6304,0.8919,0.5717,5.295,2.236,0.7182,0.6038,4.0385,2.3346,0.8294,0.6018,4.8102,2.4609,0.7747,0.6226,4.2918,1.5285,2,1,2,4,1.967807409,2.004895259,2.178445547,2.379865122,5.324467794,4.840866698,5.324964263,8.105006667,566.6421426,1.4448,529
-0.221536885,-0.094715031,16.99352459,112.28,42.14,-11.7,14.12127862,0.9115,0.4676,5.7442,4.2506,0.9207,0.618,5.4856,2.8877,0.8348,0.604,4.7631,2.2855,0.7243,0.5733,3.8326,3.4052,0.8748,0.5162,5.6628,3.801,0.7815,0.5933,4.414,2.0603,2,1,2,4,1.973869803,2.00612213,2.18906761,2.385948449,5.324483137,4.840839126,5.325008712,8.105005151,582.2799076,1.4448,561
-0.220548842,-0.09115909,17.06387665,111.54,37.58,-12,14.12127866,0.8954,0.5837,5.5365,3.2571,0.9573,0.4822,6.633,5.2673,0.8152,0.6426,4.8677,1.4789,0.7239,0.5567,3.8499,3.8966,0.7573,0.6026,4.4899,1.8417,0.8286,0.5749,5.3213,3.0064,2,1,2,4,1.974027609,2.004341787,2.181147863,2.388473152,5.324463946,4.840843076,5.324952092,8.105004671,584.0818845,1.4448,533
-0.20942795,-0.101319236,15.74929248,3.51,298.27,-7.22,14.12127588,0.9218,0.4576,5.1741,2.9911,0.9494,0.4287,5.5739,3.2117,0.8701,0.5276,5.0378,3.0516,0.8824,0.4637,4.881,2.9412,0.8891,0.4363,5.0942,3.0757,0.7057,0.6076,3.8467,1.5354,2,2,3,3,1.990744082,1.991552661,2.008026643,2.010907258,5.324369542,5.324357266,5.744933215,5.744918372,640.9328675,1.4448,608
-0.207142199,-0.084026449,7.94531258,9.54,168.59,-7.07,14.12128025,0.942,0.4634,5.3672,3.3538,0.94,0.3733,5.8481,4.6506,0.8378,0.5473,4.6772,1.758,0.8696,0.468,4.8538,3.2254,0.7491,0.5716,4.0585,1.463,0.8363,0.4367,4.8182,3.6264,1,2,2,3,1.918267187,2.015611322,2.097381463,2.124511473,4.841193476,5.324503985,5.324734686,5.744828892,530.9082813,1.4448,518
-0.204272566,-0.084041469,1.72183093,4.15,21.18,-8.17,14.12128133,0.9203,0.4235,6.0894,4.5149,0.9664,0.276,6.8802,5.7042,0.8671,0.2545,4.5309,2.9936,0.84,0.439,5.5312,4.3186,0.9256,0.305,6.3427,5.34,0.6442,0.7035,3.4427,0.932,1,1,2,2,1.957687156,2.010579518,2.07261019,2.077734584,4.841360102,4.842915176,5.324792877,5.3247864,532.2299577,1.4448,512
-0.201541569,-0.061472749,11.1719099,35.13,132.64,-8.09,14.12128204,0.9353,0.5527,5.3049,2.8262,0.866,0.5812,4.8231,1.7312,0.8752,0.6485,5.1966,2.0159,0.7473,0.5809,4.2769,2.461,0.8033,0.5941,4.2804,1.9993,0.856,0.6033,4.8878,2.0753,1,1,2,2,1.981367457,1.987861665,2.16958844,2.177326112,4.840178116,4.840423636,5.324722707,5.325308117,477.6413761,1.4448,444
-0.202036235,-0.062122862,12.46759484,13.4,76.45,-6.95,14.12128376,0.9505,0.5286,5.227,2.7909,0.8853,0.6,4.6325,1.7217,0.9122,0.6031,4.9706,1.7023,0.7596,0.5746,4.2739,2.2395,0.8477,0.5823,4.4786,1.9964,0.8113,0.5549,4.3489,1.9525,1,1,1,2,2.000340971,2.014922579,2.084286209,2.172843759,4.840411385,4.840341038,4.8417696,5.324876821,469.6542739,1.4448,452
-0.208833384,-0.08334096,6.58630526,0.92,28.97,-10.5,14.12128007,0.9571,0.4608,5.4637,3.9152,0.9657,0.3888,6.2284,4.8065,0.8119,0.6599,4.134,1.2838,0.7513,0.5491,4.1067,2.628,0.8353,0.5607,4.4381,2.4568,0.8366,0.506,4.9149,2.8758,1,2,2,3,1.92624635,2.005841719,2.099312745,2.201183545,4.841209666,5.324324773,5.324719541,5.74498654,558.070875,1.4448,485
-0.240982095,-0.097258731,2.23184222,63.95,193.64,-7.94,14.12127971,0.8087,0.688,3.955,0.7368,0.8247,0.6151,4.2327,1.3897,0.7984,0.6892,3.9914,0.2645,0.6937,0.6943,3.4932,0.766,0.7499,0.7303,3.9125,1.0208,0.748,0.6015,3.8612,1.7308,1,2,2,4,1.91116352,2.056603997,2.090884263,2.48335519,4.841318725,5.324790588,5.324713211,8.10499609,518.798062,1.4448,481
-0.221703564,-0.100455359,18.6856941,3.6,9.76,-8.15,14.12128616,0.8953,0.5069,6.3092,4.3712,0.8626,0.4758,5.0265,3.0509,0.8698,0.2505,5.27,3.9977,0.8062,0.5188,5.5714,3.8407,0.7844,0.5157,4.5442,2.5447,0.7466,0.5645,4.4321,2.1239,1,2,1,2,1.925454232,1.97796006,2.025607069,2.176206332,4.842994486,5.324677564,4.840881076,5.324948976,552.6462396,1.4448,521
-0.171220853,-0.043969043,3.2368525,0.02,0.24,-7.36,14.12128353,0.891,0.5501,4.4598,2.0957,0.9166,0.5672,4.5642,1.4305,0.9091,0.1566,4.9256,4.4031,0.8466,0.5491,4.306,2.1135,0.8343,0.5681,4.2699,1.4065,0.7307,0.6693,3.673,1.0254,1,1,2,2,1.959176358,1.959176358,2.102028782,2.102028782,4.84041423,4.840414309,5.325590549,5.325590549,534.1581194,1.406,486
-0.240501786,-0.096840284,4.68133509,50.99,213.73,-8.62,14.1212792,0.8002,0.6461,3.7825,0.8453,0.846,0.5512,4.1212,1.6491,0.8082,0.7007,3.8863,0.4097,0.6955,0.653,3.4074,0.8519,0.7498,0.692,3.6677,0.6153,0.7737,0.5747,3.8347,1.2774,1,2,2,4,1.913021171,2.049353557,2.096145272,2.480072781,4.841247494,5.324832074,5.324814837,8.104993707,516.7054196,1.4448,484
-0.202349457,-0.061460305,10.73888164,20.86,101.74,-7.37,14.12128248,0.9474,0.5381,5.3229,2.8452,0.8865,0.5883,4.8369,1.8507,0.8839,0.6806,5.1662,1.6245,0.7406,0.5954,4.2331,2.148,0.8258,0.5976,4.3725,1.9421,0.8601,0.5968,4.8916,1.9344,1,1,2,2,1.975726702,1.986762442,2.158305354,2.173625773,4.840266102,4.840404508,5.325270009,5.324812013,469.3200914,1.4448,450
-0.230409572,-0.106916556,17.0127554,30.44,351.07,-6.96,14.12127991,0.8579,0.5101,4.6027,3.0362,0.8462,0.4725,4.3231,1.6551,0.831,0.3732,4.0914,2.3538,0.8124,0.5147,4.3103,2.986,0.7564,0.5517,4.0498,1.3968,0.7121,0.61,3.7703,1.8721,1,2,2,4,1.973638771,1.976072873,2.121343442,2.399301148,4.840990961,5.324519766,5.325125691,8.10500866,582.5479897,1.4448,562
-0.230466699,-0.091656486,12.76140201,24.2,201.44,-7.68,14.12128548,0.828,0.639,4.0473,1.1628,0.8633,0.5788,4.3807,2.2241,0.846,0.5857,3.5437,1.5255,0.7241,0.6368,3.6354,1.1727,0.7627,0.5845,3.8944,1.8204,0.7878,0.6005,3.8558,1.3147,1,1,2,2,1.992983191,2.028991375,2.06924624,2.098054813,4.841034879,4.840945223,5.324850772,5.324804806,528.6268491,1.4448,492
-0.234075962,-0.102499138,17.44339543,284.39,50.99,-8.39,14.12127897,0.8834,0.5531,5.1674,3.2114,0.8728,0.65,4.8465,1.7735,0.8564,0.2308,4.5312,3.5401,0.7163,0.6006,4.007,2.3623,0.8313,0.6053,4.7566,2.3675,0.7786,0.6111,4.3475,1.8548,2,1,2,4,1.96844812,2.008023406,2.185807631,2.38090844,5.324477049,4.840960706,5.324983786,8.10500391,567.4304097,1.4448,530
-0.218264696,-0.072015822,14.71033163,48.61,174.32,-8.18,14.12127849,0.7642,0.7608,3.5859,0.9849,0.8205,0.6262,3.9364,0.7243,0.7994,0.2586,3.3472,2.3534,0.6867,0.7647,3.3282,0.978,0.7716,0.6543,3.8149,1.9774,0.7168,0.6252,3.5875,1.6208,1,2,2,4,1.944000257,2.034958722,2.068901641,2.493009827,4.841104387,5.324663295,5.324558341,8.104986519,525.1099978,1.4448,470
-0.216905552,-0.086437234,6.53898119,17.04,173.95,-7.4,14.12128234,0.84,0.6,4.224,0.8964,0.9079,0.5609,5.3924,2.747,0.9218,0.5587,4.6628,1.9343,0.7272,0.602,3.6763,0.834,0.789,0.5818,4.4134,2.0204,0.7458,0.6504,3.7679,0.3074,1,2,2,2,1.933641384,2.01095624,2.026313154,2.072767474,4.840651552,5.324647467,5.324089396,5.324979745,567.7447713,1.4448,517
-0.221893472,-0.087020905,7.04012599,5.4,16.81,-8.07,14.12128121,0.8667,0.5758,5.3161,2.5145,0.9361,0.3024,5.9663,4.5035,0.8041,0.2916,4.3382,2.0148,0.7191,0.6021,4.4743,1.6317,0.8509,0.3505,5.0896,3.887,0.6561,0.7158,3.4995,0.1256,1,1,2,2,1.952921913,2.009340688,2.082189713,2.082189713,4.841356233,4.843174054,5.324740091,5.324741017,505.6683794,1.4448,484
